-- MySQL dump 10.13  Distrib 5.6.39, for Linux (x86_64)
--
-- Host: localhost    Database: mbatrek_v2
-- ------------------------------------------------------
-- Server version	5.6.39-cll-lve

/*!40101 SET @OLD_CHARACTER_SET_CLIENT=@@CHARACTER_SET_CLIENT */;
/*!40101 SET @OLD_CHARACTER_SET_RESULTS=@@CHARACTER_SET_RESULTS */;
/*!40101 SET @OLD_COLLATION_CONNECTION=@@COLLATION_CONNECTION */;
/*!40101 SET NAMES utf8 */;
/*!40103 SET @OLD_TIME_ZONE=@@TIME_ZONE */;
/*!40103 SET TIME_ZONE='+00:00' */;
/*!40014 SET @OLD_UNIQUE_CHECKS=@@UNIQUE_CHECKS, UNIQUE_CHECKS=0 */;
/*!40014 SET @OLD_FOREIGN_KEY_CHECKS=@@FOREIGN_KEY_CHECKS, FOREIGN_KEY_CHECKS=0 */;
/*!40101 SET @OLD_SQL_MODE=@@SQL_MODE, SQL_MODE='NO_AUTO_VALUE_ON_ZERO' */;
/*!40111 SET @OLD_SQL_NOTES=@@SQL_NOTES, SQL_NOTES=0 */;

--
-- Table structure for table `cart`
--

DROP TABLE IF EXISTS `cart`;
/*!40101 SET @saved_cs_client     = @@character_set_client */;
/*!40101 SET character_set_client = utf8 */;
CREATE TABLE `cart` (
  `id` int(11) NOT NULL AUTO_INCREMENT,
  `user_id` int(11) NOT NULL,
  `product_id` int(11) NOT NULL,
  `date_created` datetime NOT NULL,
  `status` int(11) NOT NULL,
  PRIMARY KEY (`id`),
  KEY `user_id` (`user_id`),
  KEY `product_id` (`product_id`),
  CONSTRAINT `cart_ibfk_1` FOREIGN KEY (`user_id`) REFERENCES `users_new` (`id`) ON DELETE CASCADE ON UPDATE CASCADE,
  CONSTRAINT `cart_ibfk_2` FOREIGN KEY (`product_id`) REFERENCES `products` (`id`) ON DELETE CASCADE ON UPDATE CASCADE
) ENGINE=InnoDB AUTO_INCREMENT=13 DEFAULT CHARSET=latin1;
/*!40101 SET character_set_client = @saved_cs_client */;

--
-- Dumping data for table `cart`
--

LOCK TABLES `cart` WRITE;
/*!40000 ALTER TABLE `cart` DISABLE KEYS */;
INSERT INTO `cart` VALUES (12,2,25,'2018-08-12 05:55:00',1);
/*!40000 ALTER TABLE `cart` ENABLE KEYS */;
UNLOCK TABLES;

--
-- Table structure for table `cart_ip`
--

DROP TABLE IF EXISTS `cart_ip`;
/*!40101 SET @saved_cs_client     = @@character_set_client */;
/*!40101 SET character_set_client = utf8 */;
CREATE TABLE `cart_ip` (
  `id` int(11) NOT NULL AUTO_INCREMENT,
  `ip` varchar(255) NOT NULL,
  `product_id` int(11) NOT NULL,
  `date_created` datetime NOT NULL,
  `status` int(11) NOT NULL,
  PRIMARY KEY (`id`),
  KEY `ip` (`ip`),
  KEY `product_id` (`product_id`),
  CONSTRAINT `cart_ip_ibfk_1` FOREIGN KEY (`product_id`) REFERENCES `products` (`id`) ON DELETE CASCADE ON UPDATE CASCADE
) ENGINE=InnoDB AUTO_INCREMENT=4 DEFAULT CHARSET=latin1;
/*!40101 SET character_set_client = @saved_cs_client */;

--
-- Dumping data for table `cart_ip`
--

LOCK TABLES `cart_ip` WRITE;
/*!40000 ALTER TABLE `cart_ip` DISABLE KEYS */;
INSERT INTO `cart_ip` VALUES (1,'127.0.0.1',17,'2018-08-13 10:55:27',1),(3,'1.22.212.216',17,'2018-08-13 06:21:18',1);
/*!40000 ALTER TABLE `cart_ip` ENABLE KEYS */;
UNLOCK TABLES;

--
-- Table structure for table `content_json`
--

DROP TABLE IF EXISTS `content_json`;
/*!40101 SET @saved_cs_client     = @@character_set_client */;
/*!40101 SET character_set_client = utf8 */;
CREATE TABLE `content_json` (
  `id` int(11) NOT NULL AUTO_INCREMENT,
  `page` varchar(255) NOT NULL,
  `data` text NOT NULL,
  PRIMARY KEY (`id`)
) ENGINE=InnoDB AUTO_INCREMENT=31 DEFAULT CHARSET=latin1;
/*!40101 SET character_set_client = @saved_cs_client */;

--
-- Dumping data for table `content_json`
--

LOCK TABLES `content_json` WRITE;
/*!40000 ALTER TABLE `content_json` DISABLE KEYS */;
INSERT INTO `content_json` VALUES (1,'home','{\"Give_Yourself_The_Advantage\":\"                                    MBAtrek Pvt. Ltd. is a development nurturing firm, aiming to transform MBA, MS\\/M.techs and B.techs into industry ready and relevant professionals. Developing and evolving Character, Hope, Attitude, Skill & Enthusiasm, we intend to create a life - long impact and benefit for all, students, institutes and the industry.                        \",\"Institute\":\"                                    Global standard industry knowledge                        \",\"Industry\":\"                                    Hire ready & relevant professionals                        \",\"MBAtrek\":\"                                    MBAs transformed to perform on job                        \",\"Mtrek\":\"                                    MS\\/Mtechs with management skills                        \",\"GradXplore_\":\"                                    Exploring career choice & potential                        \",\"What_We_Bring_To_You_Industry\":\"                                     Quality pool of fresh graduates exhibiting differentiated and measurable performance<\\/br> Independent, ethical, adaptable decision- makers<\\/br> Low attrition in initial years                        \",\"What_We_Bring_To_You_Institute\":\"                                        Better match between student preferences and jobs offered<\\/br>Strong industry-presence & alumni network<\\/br> Higher ratings & better reputation\\u00a0                        \",\"What_We_Bring_To_You_Student\":\"                                    Transformation for life - long success<\\/br>  Relevant interview opportunities for <\\/br>preferred companies & job profiles<\\/br>  Interaction with experts from industry                        \",\"Yes_It_FREE\":\"<p class=\\\"not_Register\\\">Is your Institute not registered? No worries !!<\\/p>         <p class=\\\"not_Register\\\">We are willing to provide you support and guidance to enable you to be ready and relevant<\\/p>\",\"Email\":\"                                     info@mbatrek.com                        \",\"Phone_1\":\"+91 9821948334\",\"Phone_2\":\"+91 9821948335\",\"yt0\":\"\"}'),(2,'who_we_are','<div class=\"container\">\r\n<div class=\"main_heading who_we_Are\">\r\n<h4>Who We Are</h4>\r\n<h3>Who We Really Are</h3>\r\n</div>\r\n<p class=\"blf_text\">MBAtrek Pvt. Ltd. is a development nurturing firm, aiming to transform MBA, MS/M.techs and B.techs into industry ready and relevant professionals. Developing and evolving Character, Hope, Attitude, skill &amp; Enthusiasm, we intend to create a life - long impact and benefit for all, students, institutes and the industry.</p>\r\n<div class=\"work_step margin_bottom_45\">\r\n<div class=\"center_line\">&nbsp;</div>\r\n<div class=\"bottm_line\">&nbsp;</div>\r\n<div class=\"left_container\">\r\n<div class=\"left_work\"><span class=\"inner_round\">abc</span>\r\n<p>After the economic crisis of 2008, the world is recouping and the effects are still to be felt. There is an oversupply of the qualified people, however not enough quality jobs are available to these students.</p>\r\n</div>\r\n</div>\r\n<div class=\"left_container\">\r\n<div class=\"right_work\"><span class=\"inner_round\">abc</span>\r\n<p>For surviving and generating revenue, the universities have dropped their entry barriers for students but in the meanwhile have not been successful in keeping pace with the industry. Due to this gap, the industry presence in campuses go down and the quality jobs are missed out by many universities.</p>\r\n</div>\r\n</div>\r\n<div class=\"left_container\">\r\n<div class=\"left_work\"><span class=\"inner_round\">abc</span>\r\n<p>Moreover, the students passing out from these institutes do not perform at par with those graduating from top- tier colleges.</p>\r\n</div>\r\n</div>\r\n<div class=\"left_container\">\r\n<div class=\"right_work\"><span class=\"inner_round\">abc</span>\r\n<p>MBAtrek Pvt. Ltd. was founded in 2016, with the idea of bringing global education practices to transform students into industry ready and relevant professionals. We focus on developing and evolving those skills which are most desired but are rarely offered by universities.</p>\r\n</div>\r\n</div>\r\n<div class=\"left_container\">\r\n<div class=\"left_work\"><span class=\"inner_round\">abc</span>\r\n<p>We assist MBA schools/ Mtech colleges in building &lsquo;Global Industry Knowledge&rsquo; as well as provide holistic personal and professional development and end- to- end support to university students pursuing MBA/ Mtech.</p>\r\n</div>\r\n</div>\r\n<div class=\"left_container\">\r\n<div class=\"right_work\"><span class=\"inner_round\">abc</span>\r\n<p>We at MBAtrek strongly believe in going beyond knowledge and business skill development. We intend to nurture Character, Hope, Attitude, Skills and Enthusiasm through our programs. At the same time, we are current, relevant and world- class with a global and industry focused approach.</p>\r\n</div>\r\n</div>\r\n<div class=\"left_container\">\r\n<div class=\"left_work\"><span class=\"inner_round\">abc</span>\r\n<p>Bringing in 40 years of international experience and a huge industry network, we aim at creating synergy between all our stakeholders; the institutes, industry and the student and work hand in hand with each other.</p>\r\n</div>\r\n</div>\r\n</div>\r\n<!--\r\n<div class=\"main_heading\">\r\n<h4>Team</h4>\r\n<h3>Our Experienced Team</h3>\r\n</div>--><!--\r\n<div class=\"team_work\">\r\n<ul class=\"list-inline list-unstyled\">\r\n<li>\r\n<div class=\"team_img\"><img src=\"images/alok.png\" alt=\"\" /></div>\r\n<div class=\"team_description\">\r\n<h2>Alok Srivastava</h2>\r\n<p>PGDBM &ndash; XLRI ( 1975-77), Global Management Program &ndash; Michigan University (1998), Director- Asia Pacific, Honeywell; MD &amp; CEO - Ranbaxy Fine Chemicals Ltd. 39 years &ndash; Managing &amp; transforming companies, Regions/Country Mgmt.</p>\r\n</div>\r\n</li>\r\n<li>\r\n<div class=\"team_img\"><img src=\"images/rabia.png\" alt=\"\" /></div>\r\n<div class=\"team_description\">\r\n<h2>Rabia Babbar</h2>\r\n<p>6 years of experience in L&amp;D, Performance Management, Internal Communications &amp; Employee Engagement</p>\r\n</div>\r\n</li>\r\n<li>\r\n<div class=\"team_img\"><img src=\"images/aditi.png\" alt=\"\" /></div>\r\n<div class=\"team_description\">\r\n<h2>Aditi Vatsyayana</h2>\r\n<p>Psychologist and MBA (HR), experienced in individual assessments and coaching.</p>\r\n</div>\r\n</li>\r\n<li>\r\n<div class=\"team_img\"><img src=\"images/sherya.png\" alt=\"\" /></div>\r\n<div class=\"team_description\">\r\n<h2>Shreya Mishra</h2>\r\n<p>MBA - HR &amp; Marketing</p>\r\n</div>\r\n</li>\r\n<li>\r\n<div class=\"team_img\"><img src=\"images/ayushi.png\" alt=\"\" /></div>\r\n<div class=\"team_description\">\r\n<h2>Ayushi Gupta</h2>\r\n<p>MBA and AMCAT certified analyst.</p>\r\n</div>\r\n</li>\r\n</ul>\r\n</div>--></div>'),(3,'what_we_do','<div class=\"container margin_bottom_45\">\r\n<div class=\"main_heading who_we_Are\">\r\n<h4>What We Do</h4>\r\n<h3>What we do Differently</h3>\r\n</div>\r\n<p class=\"blf_text\">At MBAtrek Pvt. Ltd., we are committed to fostering Character, Hope, Attitude, Skills and Enthusiasm through our following modules</p>\r\n<div class=\"row\">\r\n<div class=\"col-md-6 col-sm-6 col-xs-12\">\r\n<div class=\"do_img\"><img class=\"img-responsive\" src=\"images/do_img_left.png\" alt=\"\" /></div>\r\n</div>\r\n<div class=\"col-md-6 col-sm-6 col-xs-12\">\r\n<div class=\"do_img\"><img class=\"img-responsive\" src=\"images/do_imgrightt.png\" alt=\"\" /></div>\r\n</div>\r\n</div>\r\n<div class=\"row\">\r\n<div class=\"col-md-4 col-sm-4 col-xs-12\">\r\n<div class=\"row second_do_img\">\r\n<div class=\"do_img\">\r\n<ul class=\" list_icn\">\r\n<li><a href=\"https://www.mbatrek.com/e-brouchers\">LeapFWD</a></li>\r\n<li><a href=\"https://www.mbatrek.com/e-brouchers\">SkillUP</a></li>\r\n<li><a href=\"https://www.mbatrek.com/e-brouchers\">InCube</a></li>\r\n<li><a href=\"https://www.mbatrek.com/e-brouchers\">Cracknack</a></li>\r\n</ul>\r\n</div>\r\n</div>\r\n</div>\r\n<div class=\"col-md-4 col-sm-4 col-xs-12\">\r\n<div class=\"row second_do_img\">\r\n<div class=\"do_img\">\r\n<ul class=\" list_icn\">\r\n<li><a href=\"https://www.mbatrek.com/e-brouchers\">LedXemplary</a></li>\r\n<li><a href=\"https://www.mbatrek.com/e-brouchers\">Rollout</a></li>\r\n<li><a href=\"https://www.mbatrek.com/e-brouchers\">TechEDGE</a></li>\r\n<li><a href=\"https://www.mbatrek.com/e-brouchers\">GoConsult</a></li>\r\n</ul>\r\n</div>\r\n</div>\r\n</div>\r\n<div class=\"col-md-4 col-sm-4 col-xs-12\">\r\n<div class=\"row second_do_img\">\r\n<div class=\"do_img\">\r\n<ul class=\" list_icn\">\r\n<li><a href=\"https://www.mbatrek.com/e-brouchers\">InternACE</a></li>\r\n<li><a href=\"https://www.mbatrek.com/e-brouchers\">InternPRO</a></li>\r\n<li><a href=\"https://www.mbatrek.com/e-brouchers\">InternARISE</a></li>\r\n<li><a href=\"https://www.mbatrek.com/e-brouchers\">AGame</a></li>\r\n</ul>\r\n</div>\r\n</div>\r\n</div>\r\n</div>\r\n<p class=\"do_text\">We have designed an end- to- end solution for students with a synthesized program going hand in hand with the faculty and placement cells of the university. Our interface with the institute and students will begin right from when the students are admitted and follow them through up to the time they are rightly placed. MBAtrek will take a step forward to further provide students with support and mentoring for their first year on the job.</p>\r\n<p class=\"do_text\">For the entire 2- year master&rsquo;s program, we will extend on- campus training to students and in addition we will deliver our modules through webinars, electronic media, presentations, mobile App and web portal.</p>\r\n<p class=\"do_text\">With the intention of being approachable and accessible, we have designed our web portal for all our stakeholders, hence ensuring visibility, coordination and communication. We fundamentally stand for a strong Industry- Interaction of institutes. For this purpose, we leverage our network of industrial contacts within companies to increase opportunities for more live Projects, Internships &amp; eventual placements. We are equally going to work with the industry partner companies to sensitize them to invest their time and effort at universities.</p>\r\n<p class=\"do_text last_p\">Our standard registered program modules:</p>\r\n</div>'),(4,'our_bielf','<div class=\"container\">\r\n<div class=\"main_heading who_we_Are\">\r\n<h4>Our Belief</h4>\r\n<h3>What We Believe</h3>\r\n</div>\r\n<p class=\"blf_text\">MBAtrek is committed to balance a curriculum - driven program for transforming students into Industry &lsquo;ready &amp; relevant&rsquo;to &lsquo;hit the ground running&rsquo;</p>\r\n<div class=\"main_heading\">\r\n<h4>Our Values</h4>\r\n<h3>What we stand for</h3>\r\n</div>\r\n<div class=\"blif_listing_Text\">\r\n<div class=\"row\">\r\n<div class=\"col-md-6 col-sm-6 col-xs-12\">\r\n<div class=\"blf_block\">\r\n<h2>Partnership in Success</h2>\r\n<p>We measure our success through the success of our stakeholders (Student, Institutes, Industry)</p>\r\n</div>\r\n</div>\r\n<div class=\"col-md-6 col-sm-6 col-xs-12\">\r\n<div class=\"blf_block\">\r\n<h2>Framework enabling synergy within stakeholders</h2>\r\n<p>We create framework, coursework and environment that enables learning of effective and current industry best practices for students and trust- based, sustainable industry - institute partnership</p>\r\n</div>\r\n</div>\r\n<div class=\"col-md-6 col-sm-6 col-xs-12\">\r\n<div class=\"blf_block\">\r\n<h2>Chasing the CHASE (Character, Hope, Attitude, Skill, Enthusiasm) values</h2>\r\n<p>We will exhibit exemplary Character, Hope, Attitude, Skill and Enthusiasm while delivering world- class MBAtrek, Mtrek, and GradXplore programs</p>\r\n</div>\r\n</div>\r\n<div class=\"col-md-6 col-sm-6 col-xs-12\">\r\n<div class=\"blf_block\">\r\n<h2>Creating value through responsible, innovative &amp; global program delivery</h2>\r\n<p>We will be highly responsible, innovative and global in our program delivery while working with business managers to create significant value for the corporates through our three flagship programs</p>\r\n</div>\r\n</div>\r\n</div>\r\n</div>\r\n<div class=\"blf_img margin_bottom_45\"><img class=\"img-responsive\" src=\"images/our-belief-img.png\" alt=\"\" /></div>\r\n</div>'),(5,'career','<div class=\"container\">\r\n<div class=\"main_heading\">\r\n<h4>Careers</h4>\r\n<h3>Careers at MBAtrek</h3>\r\n</div>\r\n<h3 class=\"career_text\"><span>The Rewarding Career</span> You Are Looking For Is At <span class=\"text_capti\"> MBAtrek</span></h3>\r\n</div>\r\n<div class=\"career_container\"><img src=\"images/career_banner.png\" alt=\"\" />\r\n<h3 class=\"career_text\"><span>We\'re the only one </span> &amp; We\'ve just begun</h3>\r\n</div>\r\n<div class=\"container\">\r\n<div class=\"career_Steps\">\r\n<div class=\"career_stps_blk\">\r\n<h3>MBAtrek is globally unique</h3>\r\n</div>\r\n<div class=\"career_stps_blk2\">\r\n<h3>We offer &lsquo;end-to-end&rsquo; solution to Institutes &amp; Industry</h3>\r\n</div>\r\n<div class=\"career_stps_blk3\">\r\n<h3>We create life-long impact on the mind-set &amp; capabilities of students</h3>\r\n</div>\r\n<div class=\"career_stps_blk4\">\r\n<h3>We build Character, Hope, Attitude, Skill &amp; Enthusiasm</h3>\r\n</div>\r\n</div>\r\n<div class=\"cant_wait margin_bottom_45\">\r\n<h3>We Can&rsquo;t wait to meet you</h3>\r\n<div class=\"main_register\">\r\n<div class=\"site_btn\"><a id=\"open-position\" class=\"raised ripple\" href=\"javascript:void(0);\">Search Open Positions</a></div>\r\n</div>\r\n</div>\r\n</div>'),(6,'copyright_notice','<div class=\"container\">\r\n<div class=\"main_heading\">\r\n<h3 class=\"text_right\">Copyright Notice</h3>\r\n</div>\r\n<div class=\"plocies_text \"><!--<p>Copyright © [YEAR(S) OF FIRST PUBLICATION - E.G. “2001-2111”] [NAME - MBAtrek Pvt. Ltd.]</p>-->\r\n<h3>Ownership of copyright</h3>\r\n<p>The copyright in this website and the material on this website (including without limitation the text, computer code, artwork, photographs, images, music, audio material, video material and audio-visual material on this website) is owned by MBAtrek Pvt. Ltd. [and its licensors].</p>\r\n<h3>Copyright license</h3>\r\n<p>MBAtrek Pvt. Ltd. grants to you a worldwide non-exclusive royalty-free revocable license to:</p>\r\n<div class=\"second_details\">\r\n<ul class=\"list-unstyled \">\r\n<li>\r\n<p>view this website and the material on this website on a computer or mobile device via a web browser;</p>\r\n</li>\r\n<li>\r\n<p>copy and store this website and the material on this website in your web browser cache memory; and</p>\r\n</li>\r\n<li>\r\n<p>print pages from this website for your own [personal and non-commercial] use.</p>\r\n</li>\r\n</ul>\r\n</div>\r\n<p>MBAtrek Pvt. Ltd. does not grant you any other rights in relation to this website or the material on this website. In other words, all other rights are reserved.</p>\r\n<p>For the avoidance of doubt, you must not adapt, edit, change, transform, publish, republish, distribute, redistribute, broadcast, rebroadcast or show or play in public this website or the material on this website (in any form or media) without MBAtrek Pvt. Ltd.&rsquo;s prior written permission.</p>\r\n<h3>Data mining</h3>\r\n<p>The automated and/or systematic collection of data from this website is prohibited.</p>\r\n<h3>Permissions</h3>\r\n<p>You may request permission to use the copyright materials on this website by writing to <span>alok.srivastava@mbatrek.com</span></p>\r\n<h3>Enforcement of copyright</h3>\r\n<p>MBAtrek Pvt. Ltd. takes the protection of its copyright very seriously.</p>\r\n<p>If MBAtrek Pvt. Ltd. discovers that you have used its copyright materials in contravention of the license above, MBAtrek Pvt. Ltd. may bring legal proceedings against you seeking monetary damages and an injunction to stop you using those materials. You could also be ordered to pay legal costs.</p>\r\n<p>If you become aware of any use of MBAtrek Pvt. Ltd.&rsquo;s copyright materials that contravenes or may contravene the license above, please report this by email to alok.srivastava@mbatrek.com or by post to MBAtrek Pvt Ltd, 414, Suncity Business Towers, Golf Course Road, Sector -54, Gurgaon -122003, Haryana, India.</p>\r\n<h3>Infringing material</h3>\r\n<p>If you become aware of any material on the website that you believe infringes your or any other person\'s copyright, please report this by email to alok.srivastava@mbatrek.com] or by post to MBAtrek Pvt Ltd, 414, Suncity Business Towers, Golf Course Road, Sector -54, Gurgaon -122003, Haryana, India.</p>\r\n<h3>Credit</h3>\r\n<p>This document was created using a Contractology template available at <a class=\"link_text\" href=\"http://www.contractology.com\" target=\"_blank\">http://www.contractology.com</a>.</p>\r\n<!--  <div class=\"creadit_container\">                 <p>You must retain the \"Credit\" section in this document. If you wish to use the document without the \"Credit\" section (e.g. to project a more professional image) then you can get a license to do so here:</p>                 <div class=\"clearfix\"></div>                 <a target=\"_blank\" href=\"http://www.contractology.com/free-document-license-copyright-notice.html\">http://www.contractology.com/free-document-license-copyright-notice.html</a>                 <p>It is an infringement of our copyright to use the document without the \"Credit\" section and without paying the license fee.</p>             </div>--></div>\r\n</div>'),(7,'privacy_policy','<div class=\"container\">\r\n<div class=\"main_heading privay_container\">\r\n<h3 class=\"text_right\">Our Privacy Policy</h3>\r\n</div>\r\n<div class=\"plocies_text \">\r\n<p>Your privacy is important to MBAtrek Pvt. Ltd. This privacy statement provides information about the personal information that MBAtrek Pvt. Ltd. collects, and the ways in which MBAtrek Pvt. Ltd. uses that personal information.</p>\r\n<h3>Personal information collection</h3>\r\n<p>MBAtrek Pvt. Ltd. may collect and use the following kinds of personal information:</p>\r\n<div class=\"second_details\">\r\n<ul class=\"list-unstyled \">\r\n<li>\r\n<p>information about your use of this website</p>\r\n</li>\r\n<li>\r\n<p>information that you provide using for the purpose of registering with the website</p>\r\n</li>\r\n<li>\r\n<p>information about transactions carried out over this website</p>\r\n</li>\r\n<li>\r\n<p>information that you provide for the purpose of subscribing to the website services</p>\r\n</li>\r\n<li>\r\n<p>any other information that you send to MBAtrek Pvt. Ltd.</p>\r\n</li>\r\n</ul>\r\n</div>\r\n<h3>Using personal information</h3>\r\n<p>MBAtrek Pvt. Ltd. may use your personal information to:</p>\r\n<div class=\"second_details\">\r\n<ul class=\"list-unstyled \">\r\n<li>\r\n<p>administer this website;</p>\r\n</li>\r\n<li>\r\n<p>personalize the website for you;</p>\r\n</li>\r\n<li>\r\n<p>enable your access to and use of the website services;</p>\r\n</li>\r\n<li>\r\n<p>publish information about you on the website;</p>\r\n</li>\r\n<li>\r\n<p>send to you products that you purchase;</p>\r\n</li>\r\n<li>\r\n<p>supply to you services that you purchase;</p>\r\n</li>\r\n<li>\r\n<p>send to you statements and invoices;</p>\r\n</li>\r\n<li>\r\n<p>collect payments from you; and</p>\r\n</li>\r\n<li>\r\n<p>send you marketing communications.</p>\r\n</li>\r\n</ul>\r\n</div>\r\n<p>Where MBAtrek Pvt. Ltd. discloses your personal information to its agents or sub-contractors for these purposes, the agent or sub-contractor in question will be obligated to use that personal information in accordance with the terms of this privacy statement.</p>\r\n<p>In addition to the disclosures reasonably necessary for the purposes identified elsewhere above, MBAtrek Pvt. Ltd. may disclose your personal information to the extent that it is required to do so by law, in connection with any legal proceedings or prospective legal proceedings, and in order to establish, exercise or defend its legal rights.</p>\r\n<h3>Securing your data</h3>\r\n<p>MBAtrek Pvt. Ltd. will take reasonable technical and organisational precautions to prevent the loss, misuse or alteration of your personal information.</p>\r\n<p>MBAtrek Pvt. Ltd. will store all the personal information you provide.</p>\r\n<h3>Cross-border data transfers</h3>\r\n<p>Information that MBAtrek Pvt. Ltd. collects may be stored and processed in and transferred between any of the countries in which MBAtrek Pvt. Ltd. operates to enable the use of the information in accordance with this privacy policy.</p>\r\n<p>In addition, personal information that you submit for publication on the website will be published on the internet and may be available around the world.You agree to such cross-border transfers of personal information.</p>\r\n<h3>Updating this statement</h3>\r\n<p>MBAtrek Pvt. Ltd. may update this privacy policy by posting a new version on this website.</p>\r\n<p>You should check this page occasionally to ensure you are familiar with any changes.</p>\r\n<h3>Other websites</h3>\r\n<p class=\"website_Text\">This website contains links to other websites.</p>\r\n<p>MBAtrek Pvt. Ltd. is not responsible for the privacy policies or practices of any third party.</p>\r\n<h3 class=\"company_text\">Contact MBAtrek Pvt. Ltd.</h3>\r\n<p>If you have any questions about this privacy policy or MBAtrek Pvt. Ltd.&rsquo;s treatment of your personal information, please write:</p>\r\n<div class=\"second_details\">\r\n<ul class=\"list-unstyled \">\r\n<li>\r\n<p>by email to alok.srivastava@mbatrek.com; or</p>\r\n</li>\r\n<li>\r\n<p>by post to MBAtrek Private Ltd. 414, Suncity Business Towers, Golf Course Road, Sector-54, Gurgaon, Haryana-122003. India</p>\r\n</li>\r\n</ul>\r\n</div>\r\n<h3>Credit</h3>\r\n<p>This document was created using a Contractology template available at <a class=\"link_text\" href=\"http://www.contractology.com\" target=\"_blank\">http://www.contractology.com</a>.</p>\r\n<!--<div class=\"creadit_container\">                 <p>You must retain the \"Credit\" section in this document. If you wish to use the document without the \"Credit\" section (e.g. to project a more professional image) then you can get a license to do so here:</p>                 <div class=\"clearfix\"></div>                 <a target=\"_blank\" href=\"http://www.contractology.com/free-document-license-privacy-statement.html\">http://www.contractology.com/free-document-license-privacy-statement.html</a>                 <p>It is an infringement of our copyright to use the document without the \"Credit\" section and without paying the license fee.</p>             </div>--></div>\r\n</div>'),(8,'declimier','<div class=\"container\">\r\n<div class=\"main_heading\">\r\n<h3 class=\"text_right\">Disclaimer</h3>\r\n</div>\r\n<div class=\"plocies_text \">\r\n<h3>No warranties</h3>\r\n<p>This website is provided &ldquo;as is&rdquo; without any representations or warranties, express or implied. MBAtrek Pvt. Ltd. makes no representations or warranties in relation to this website or the information and materials provided on this website.</p>\r\n<p>Without prejudice to the generality of the foregoing paragraph, MBAtrek Pvt. Ltd. does not warrant that:</p>\r\n<div class=\"second_details\">\r\n<ul class=\"list-unstyled \">\r\n<li>\r\n<p>this website will be constantly available, or available at all; or</p>\r\n</li>\r\n<li>\r\n<p>the information on this website is complete, true, accurate or non-misleading.</p>\r\n</li>\r\n</ul>\r\n</div>\r\n<p>Nothing on this website constitutes, or is meant to constitute, advice of any kind. If you require advice in relation to any legal, financial or medical matter you should consult an appropriate professional.</p>\r\n<h3>Limitations of liability</h3>\r\n<p>MBAtrek Pvt. Ltd. will not be liable to you whether under the law of contract, the law of torts or otherwise in relation to the contents of, or use of, or otherwise in connection with, this website:</p>\r\n<div class=\"second_details\">\r\n<ul class=\"list-unstyled \">\r\n<li>\r\n<p>for any indirect, special or consequential loss; or</p>\r\n</li>\r\n<li>\r\n<p>for any business losses, loss of revenue, income, profits or anticipated savings, loss of contracts or business relationships, loss of reputation or goodwill, or loss or corruption of information or data.</p>\r\n</li>\r\n</ul>\r\n</div>\r\n<p>These limitations of liability apply even if MBAtrek Pvt. Ltd. has been expressly advised of the potential loss.</p>\r\n<h3>Exceptions</h3>\r\n<p>Nothing in this website disclaimer will exclude or limit any warranty implied by law that it would be unlawful to exclude or limit; and nothing in this website disclaimer will exclude or limit MBAtrek Pvt. Ltd.&rsquo;s liability in respect of any:</p>\r\n<div class=\"second_details\">\r\n<ul class=\"list-unstyled \">\r\n<li>\r\n<p>death or personal injury caused by MBAtrek Pvt. Ltd.&rsquo;s negligence;</p>\r\n</li>\r\n<li>\r\n<p>fraud or fraudulent misrepresentation on the part of MBAtrek Pvt. Ltd.; or</p>\r\n</li>\r\n<li>\r\n<p>matter which it would be illegal or unlawful for MBAtrek Pvt. Ltd. to exclude or limit, or to attempt or purport to exclude or limit, its liability.</p>\r\n</li>\r\n</ul>\r\n</div>\r\n<h3>Reasonableness</h3>\r\n<p>By using this website, you agree that the exclusions and limitations of liability set out in this website disclaimer are reasonable. If you do not think they are reasonable, you must not use this website.</p>\r\n<h3>Other parties</h3>\r\n<p>You accept that, as a limited liability entity, MBAtrek Pvt. Ltd. has an interest in limiting the personal liability of its officers and employees. You agree that you will not bring any claim personally against MBAtrek Pvt. Ltd.&rsquo;s officers or employees in respect of any losses you suffer in connection with the website.</p>\r\n<p>Without prejudice to the foregoing paragraph, you agree that the limitations of warranties and liability set out in this website disclaimer will protect MBAtrek Pvt. Ltd.&rsquo;s officers, employees, agents, subsidiaries, successors, assigns and sub-contractors as well as MBAtrek Pvt. Ltd.</p>\r\n<h3>Unenforceable provisions</h3>\r\n<p>If any provision of this website disclaimer is, or is found to be, unenforceable under applicable law, that will not affect the enforceability of the other provisions of this website disclaimer.</p>\r\n<h3>Credit</h3>\r\n<p>This document was created using a Contractology template available at <a class=\"link_text\" href=\"http://www.contractology.com\" target=\"_blank\">http://www.contractology.com</a>.</p>\r\n<!--<div class=\"creadit_container\">                 <p>You must retain the \"Credit\" section in this document. If you wish to use the document without the \"Credit\" section (e.g. to project a more professional image) then you can get a license to do so here:</p>                 <div class=\"clearfix\"></div>                 <a target=\"_blank\" href=\"http://www.contractology.com/free-document-license-website-disclaimer.html\">http://www.contractology.com/free-document-license-website-disclaimer.html</a>                 <p>It is an infringement of our copyright to use the document without the \"Credit\" section and without paying the license fee.</p>             </div>--></div>\r\n</div>'),(9,'terms_conditions','<div class=\"container\">\r\n<div class=\"main_heading\">\r\n<h3 class=\"text_right\">Terms And Conditions</h3>\r\n</div>\r\n<div class=\"plocies_text \">\r\n<h3>Introduction</h3>\r\n<p>These terms and conditions govern your use of this website; by using this website, you accept these terms and conditions in full. If you disagree with these terms and conditions or any part of these terms and conditions, you must not use this website.</p>\r\n<p>You must be at least 18 years of age to use this website. By using this website and by agreeing to these terms and conditions you warrant and represent that you are at least 18 years of age.</p>\r\n<p>This website uses cookies. By using this website and agreeing to these terms and conditions, you consent to our MBAtrek Pvt. Ltd.\'s use of cookies in accordance with the terms of MBAtrek Pvt. Ltd.\'s privacy policy.</p>\r\n<h3>License to use website</h3>\r\n<p>Unless otherwise stated, MBAtrek Pvt. Ltd. and/or its licensors own the intellectual property rights in the website and material on the website. Subject to the license below, all these intellectual property rights are reserved.</p>\r\n<p>You may view, download for caching purposes only, and print pages from the website for your own personal use, subject to the restrictions set out below and elsewhere in these terms and conditions.</p>\r\n<p>You must not:</p>\r\n<div class=\"second_details\">\r\n<ul class=\"list-unstyled \">\r\n<li>\r\n<p>republish material from this website;</p>\r\n</li>\r\n<li>\r\n<p>sell, rent or sub-license material from the website;/p&gt;</p>\r\n</li>\r\n<li>\r\n<p>show any material from the website in public;</p>\r\n</li>\r\n<li>\r\n<p>reproduce, duplicate, copy or otherwise exploit material on this website for a commercial purpose;</p>\r\n</li>\r\n<li>\r\n<p>edit or otherwise modify any material on the website; or</p>\r\n</li>\r\n<li>\r\n<p>redistribute material from this website.</p>\r\n</li>\r\n</ul>\r\n</div>\r\n<p>Where content is specifically made available for redistribution, it may only be redistributed within your organisation.</p>\r\n<h3>Acceptable use</h3>\r\n<p>You must not use this website in any way that causes, or may cause, damage to the website or impairment of the availability or accessibility of the website; or in any way which is unlawful, illegal, fraudulent or harmful, or in connection with any unlawful, illegal, fraudulent or harmful purpose or activity.</p>\r\n<p>You must not use this website to copy, store, host, transmit, send, use, publish or distribute any material which consists of (or is linked to) any spyware, computer virus, Trojan horse, worm, keystroke logger, rootkit or other malicious computer software.</p>\r\n<p>You must not conduct any systematic or automated data collection activities (including without limitation scraping, data mining, data extraction and data harvesting) on or in relation to this website without MBAtrek Pvt. Ltd.&rsquo;s express written consent.</p>\r\n<p>You must not use this website to transmit or send unsolicited commercial communications.You must not use this website for any purposes related to marketing without MBAtrek Pvt. Ltd.&rsquo;s express written consent.</p>\r\n<h3>Restricted access</h3>\r\n<p>Access to certain areas of this website is restricted. MBAtrek Pvt. Ltd. reserves the right to restrict access to other areas of this website, or indeed this entire website, at MBAtrek Pvt. Ltd.&rsquo;s discretion.</p>\r\n<p>If MBAtrek Pvt. Ltd. provides you with a user ID and password to enable you to access restricted areas of this website or other content or services, you must ensure that the user ID and password are kept confidential.</p>\r\n<p>MBAtrek Pvt. Ltd. may disable your user ID and password in MBAtrek Pvt. Ltd.&rsquo;s sole discretion without notice or explanation.</p>\r\n<h3>User content</h3>\r\n<p>In these terms and conditions, &ldquo;your user content&rdquo; means material (including without limitation text, images, audio material, video material and audio-visual material) that you submit to this website, for whatever purpose.</p>\r\n<p>You grant to MBAtrek Pvt. Ltd. a worldwide, irrevocable, non-exclusive, royalty-free license to use, reproduce, adapt, publish, translate and distribute your user content in any existing or future media. You also grant to MBAtrek Pvt. Ltd. the right to sub-license these rights, and the right to bring an action for infringement of these rights.</p>\r\n<p>Your user content must not be illegal or unlawful, must not infringe any third party\'s legal rights, and must not be capable of giving rise to legal action whether against you or MBAtrek Pvt. Ltd. or a third party (in each case under any applicable law).</p>\r\n<p>You must not submit any user content to the website that is or has ever been the subject of any threatened or actual legal proceedings or other similar complaint.</p>\r\n<p>MBAtrek Pvt. Ltd. reserves the right to edit or remove any material submitted to this website, or stored on MBAtrek Pvt. Ltd.&rsquo;s servers, or hosted or published upon this website.</p>\r\n<p>Notwithstanding MBAtrek Pvt. Ltd.&rsquo;s rights under these terms and conditions in relation to user content, MBAtrek Pvt. Ltd. does not undertake to monitor the submission of such content to, or the publication of such content on, this website.</p>\r\n<h3>No warranties</h3>\r\n<p>This website is provided &ldquo;as is&rdquo; without any representations or warranties, express or implied. MBAtrek Pvt. Ltd. makes no representations or warranties in relation to this website or the information and materials provided on this website.</p>\r\n<p>Without prejudice to the generality of the foregoing paragraph, MBAtrek Pvt. Ltd. does not warrant that:</p>\r\n<div class=\"second_details\">\r\n<ul class=\"list-unstyled \">\r\n<li>\r\n<p>this website will be constantly available, or available at all; or</p>\r\n</li>\r\n<li>\r\n<p>the information on this website is complete, true, accurate or non-misleading.</p>\r\n</li>\r\n</ul>\r\n</div>\r\n<p>Nothing on this website constitutes, or is meant to constitute, advice of any kind. If you require advice in relation to any legal, financial or medical matter you should consult an appropriate professional.</p>\r\n<h3>Limitations of liabilitY</h3>\r\n<p>MBAtrek Pvt. Ltd. will not be liable to you, whether under the law of contact, the law of torts or otherwise in relation to the contents of, or use of, or otherwise in connection with, this website:</p>\r\n<div class=\"second_details\">\r\n<ul class=\"list-unstyled \">\r\n<li>\r\n<p>to the extent that the website is provided free-of-charge, for any direct loss;</p>\r\n</li>\r\n<li>\r\n<p>for any indirect, special or consequential loss; or</p>\r\n</li>\r\n<li>\r\n<p>for any business losses, loss of revenue, income, profits or anticipated savings, loss of contracts or business relationships, loss of reputation or goodwill, or loss or corruption of information or data.</p>\r\n</li>\r\n</ul>\r\n</div>\r\n<p>These limitations of liability apply even if MBAtrek Pvt. Ltd. has been expressly advised of the potential loss.</p>\r\n<h3>Exceptions</h3>\r\n<p>Nothing in this website disclaimer will exclude or limit any warranty implied by law that it would be unlawful to exclude or limit; and nothing in this website disclaimer will exclude or limit MBAtrek Pvt. Ltd.&rsquo;s liability in respect of any:</p>\r\n<div class=\"second_details\">\r\n<ul class=\"list-unstyled \">\r\n<li>\r\n<p>death or personal injury caused by MBAtrek Pvt. Ltd.&rsquo;s negligence;</p>\r\n</li>\r\n<li>\r\n<p>fraud or fraudulent misrepresentation on the part of MBAtrek Pvt. Ltd.; or</p>\r\n</li>\r\n<li>\r\n<p>matter which it would be illegal or unlawful for MBAtrek Pvt. Ltd. to exclude or limit, or to attempt or purport to exclude or limit, its liability.</p>\r\n</li>\r\n</ul>\r\n</div>\r\n<h3>Reasonableness</h3>\r\n<p>By using this website, you agree that the exclusions and limitations of liability set out in this website disclaimer are reasonable. If you do not think they are reasonable, you must not use this website.</p>\r\n<h3>Other parties</h3>\r\n<p>You accept that, as a limited liability entity, MBAtrek Pvt. Ltd. has an interest in limiting the personal liability of its officers and employees. You agree that you will not bring any claim personally against MBAtrek Pvt. Ltd.&rsquo;s officers or employees in respect of any losses you suffer in connection with the website.</p>\r\n<p>Without prejudice to the foregoing paragraph, you agree that the limitations of warranties and liability set out in this website disclaimer will protect MBAtrek Pvt. Ltd.&rsquo;s officers, employees, agents, subsidiaries, successors, assigns and sub-contractors as well as MBAtrek Pvt. Ltd.</p>\r\n<h3>Unenforceable provisions</h3>\r\n<p>If any provision of this website disclaimer is, or is found to be, unenforceable under applicable law, that will not affect the enforceability of the other provisions of this website disclaimer.</p>\r\n<h3>Indemnity</h3>\r\n<p>You hereby indemnify MBAtrek Pvt. Ltd. and undertake to keep MBAtrek Pvt. Ltd. indemnified against any losses, damages, costs, liabilities and expenses (including without limitation legal expenses and any amounts paid by MBAtrek Pvt. Ltd. to a third party in settlement of a claim or dispute on the advice of MBAtrek Pvt. Ltd.&rsquo;s legal advisers) incurred or suffered by MBAtrek Pvt. Ltd. arising out of any breach by you of any provision of these terms and conditions[, or arising out of any claim that you have breached any provision of these terms and conditions].</p>\r\n<h3>Breaches of these terms and conditions</h3>\r\n<p>Without prejudice to MBAtrek Pvt. Ltd.&rsquo;s other rights under these terms and conditions, if you breach these terms and conditions in any way, MBAtrek Pvt. Ltd. may take such action as MBAtrek Pvt. Ltd. deems appropriate to deal with the breach, including suspending your access to the website, prohibiting you from accessing the website, blocking computers using your IP address from accessing the website, contacting your internet service provider to request that they block your access to the website and/or bringing court proceedings against you.</p>\r\n<h3>Variation</h3>\r\n<p>MBAtrek Pvt. Ltd. may revise these terms and conditions from time-to-time. Revised terms and conditions will apply to the use of this website from the date of the publication of the revised terms and conditions on this website. Please check this page regularly to ensure you are familiar with the current version.</p>\r\n<h3>Assignment</h3>\r\n<p>MBAtrek Pvt. Ltd. may transfer, sub-contract or otherwise deal with MBAtrek Pvt. Ltd.&rsquo;s rights and/or obligations under these terms and conditions without notifying you or obtaining your consent.</p>\r\n<p>You may not transfer, sub-contract or otherwise deal with your rights and/or obligations under these terms and conditions.</p>\r\n<h3>Severability</h3>\r\n<p>If a provision of these terms and conditions is determined by any court or other competent authority to be unlawful and/or unenforceable, the other provisions will continue in effect. If any unlawful and/or unenforceable provision would be lawful or enforceable if part of it were deleted, that part will be deemed to be deleted, and the rest of the provision will continue in effect.</p>\r\n<h3>Entire agreement</h3>\r\n<p>These terms and conditions constitute the entire agreement between you and MBAtrek Pvt. Ltd. in relation to your use of this website, and supersede all previous agreements in respect of your use of this website.</p>\r\n<h3>Law and jurisdiction</h3>\r\n<p>These terms and conditions will be governed by and construed in accordance with Laws of India, in the court of Gurgaon (Haryana) and any disputes relating to these terms and conditions will be subject to the exclusive jurisdiction of the courts of Gurgaon, Haryana</p>\r\n<h3>Registrations and authorisations</h3>\r\n<p>MBAtrek Pvt. Ltd. is registered with Ministry of Corporate Affairs, Government of India. You can find the online version of the register at www.mbatrek.com. MBAtrek Pvt. Ltd.&rsquo;s registration number is CIN:U74999HR2016PTC057728</p>\r\n<p>MBAtrek Pvt. Ltd.&rsquo;s Indian Income Tax Permanent Account Number is AAKCM1714E.</p>\r\n<h3>MBAtrek Pvt. Ltd.&rsquo;s details</h3>\r\n<p>The full name of MBAtrek Pvt. Ltd. is MBATREK PRIVATE LIMITEDMBAtrek Pvt. Ltd. is registered with Registrar of Companies under registration number CIN:U74999HR2016PTC057728MBAtrek Pvt. Ltd.&rsquo;s office address is 414, Suncity Business Towers, Golf Course Road, Sector -54, Gurgaon, Haryana-122002</p>\r\n<p>You can contact MBAtrek Pvt. Ltd. by email to alok.srivastava@mbatrek.com</p>\r\n<h3>Credit</h3>\r\n<p>This document was created using a Contractology template available at <a class=\"link_text\" href=\"http://www.contractology.com\" target=\"_blank\">http://www.contractology.com</a>.</p>\r\n<!--<div class=\"creadit_container\">                 <p>You must retain the \"Credit\" section in this document. If you wish to use the document without the \"Credit\" section (e.g. to project a more professional image) then you can get a license to do so here:</p>                 <div class=\"clearfix\"></div>                 <a target=\"_blank\" href=\"http://www.contractology.com/free-document-license-website-terms-and-conditions.html\">http://www.contractology.com/free-document-license-website-terms-and-conditions.html</a>                 <p>It is an infringement of our copyright to use the document without the \"Credit\" section and without paying the license fee.</p>             </div>--></div>\r\n</div>'),(10,'industry','<div class=\"container\">\r\n<div class=\"main_heading industry_benifits\">\r\n<h4>Benefits</h4>\r\n<h3>Industry: What You Gain!</h3>\r\n</div>\r\n<div class=\"center_benifits industry_benifites\"><img class=\"img-responsive\" src=\"images/logo_tansparent.png\" alt=\"\" />\r\n<div class=\"benifits_box industry_box\">\r\n<ul>\r\n<li>\r\n<p>Fresh hires, focused, result-oriented and in-sync with corporate vision and values.</p>\r\n</li>\r\n<li>\r\n<p>MBAtrek program saves enormous time &amp; cost in training new recruits.</p>\r\n</li>\r\n<li>\r\n<p>Stablility in initial years</p>\r\n</li>\r\n<li>\r\n<p>Internship &amp; live projects to be meaningful for the organization</p>\r\n</li>\r\n</ul>\r\n</div>\r\n<div class=\"left_benifits_bx first_bx\">\r\n<h3>Trained to undertake Issue analysis &amp; offer more optimal solutions</h3>\r\n</div>\r\n<div class=\"left_benifits_bx yello_box\">\r\n<h3>Sensitized on workplace behaviour, enabling them to be part of the solution and not of the problem</h3>\r\n</div>\r\n<div class=\"left_benifits_bx grey_box\">\r\n<h3>Our trekker pursues knowledge with CHASE (Character, Hope Attitude Skill &amp; Enthusiasm)</h3>\r\n</div>\r\n<div class=\"left_benifits_bx dark_yellow\">\r\n<h3>Industry ready &amp; relevant, productive &amp; enthusiastic hires</h3>\r\n</div>\r\n<div class=\"left_benifits_bx green_bx\">\r\n<h3>External Mentoring in the first year on the job</h3>\r\n</div>\r\n<div class=\"left_benifits_bx blue_bx\">\r\n<h3>Equipped with knowledge of business processes &amp; consulting tools to practically apply the theoretical learning application</h3>\r\n</div>\r\n</div>\r\n</div>'),(12,'student','<div class=\"container\">\r\n<div class=\"main_heading student_benifits\">\r\n<h4>Benefits</h4>\r\n<h3>Student - What&rsquo;s There For Me?</h3>\r\n<a href=\"index.php?r=student/portal\">Way Forward</a></div>\r\n<div class=\"center_benifits students_b\"><img class=\"img-responsive\" src=\"images/logo_tansparent.png\" alt=\"\" />\r\n<div class=\"benifits_box\">\r\n<ul>\r\n<li>\r\n<p>Decision maker</p>\r\n</li>\r\n<li>\r\n<p>Creative &amp; problem solver</p>\r\n</li>\r\n<li>\r\n<p>High on character, ethics and corporate values</p>\r\n</li>\r\n<li>\r\n<p>Leader &amp; Team Player</p>\r\n</li>\r\n<li>\r\n<p>Courageous, motivated and willing to take challenges</p>\r\n</li>\r\n<li>\r\n<p>Analytical thinker and able to relate to strategy</p>\r\n</li>\r\n<li>\r\n<p>Global &lsquo;mind - set&rsquo;</p>\r\n</li>\r\n<li>\r\n<p>Customer focussed</p>\r\n</li>\r\n<li>\r\n<p>Able to apply theoretical knowledge to practical situation</p>\r\n</li>\r\n<li>\r\n<p>&lsquo;Giver&rsquo; - the Philanthropist</p>\r\n</li>\r\n</ul>\r\n</div>\r\n<div class=\"left_benifits_bx first_bx\">\r\n<h3>Character building, developing attitude, skills, spiralling hope &amp; enthusiasm</h3>\r\n</div>\r\n<div class=\"left_benifits_bx yello_box\">\r\n<h3>Imparting industry knowledge &amp; management practices and tools</h3>\r\n</div>\r\n<div class=\"left_benifits_bx grey_box\">\r\n<h3>Business etiquettes. Work place behaviour. Ethics &amp; Values of corporate world. Enhancing soft skills</h3>\r\n</div>\r\n<div class=\"left_benifits_bx dark_yellow\">\r\n<h3>Delivering global industry learnings and best business practices</h3>\r\n</div>\r\n<div class=\"left_benifits_bx green_bx\">\r\n<h3>Mentoring &lsquo;Intern - ACE / ARISE / PRO&rsquo;- Internship- 1st Year on job</h3>\r\n</div>\r\n<div class=\"left_benifits_bx blue_bx\">\r\n<h3>Trained to undertake Company / Industry research analysis</h3>\r\n</div>\r\n</div>\r\n</div>'),(13,'contact_old','<div class=\"main_heading\">\r\n<h4>Contact Us</h4>\r\n<h3>Contact Us</h3>\r\n</div>\r\n<div class=\"contact_form\">\r\n<p>Please feel free to share what\'s on your mind. Don\'t hesitate to let us know what you wish. We are an upfront company and are there to provide simple solutions.We will make things happen for you!</p>\r\n</div>\r\n<div class=\"col-md-12 col-sm-12 col-xs-12\">\r\n<div class=\"form_wrpper\">\r\n<div class=\"col-md-4 col-sm-4 col-xs-12\">\r\n<div class=\"form_block\">\r\n<div class=\"icon_form\"><img src=\"images/location.png\" alt=\"\" /></div>\r\n<div class=\"icon_Details\">\r\n<p>MBAtrek Pvt. Ltd.414, 4th floor, Suncity Business TowersGolf Course Road, Sector 54,Gurgaon, Haryana, 122003</p>\r\n</div>\r\n</div>\r\n</div>\r\n<div class=\"col-md-4 col-sm-4 col-xs-12\">\r\n<div class=\"form_block\">\r\n<div class=\"icon_form\"><a style=\"color: black;\" href=\"mailto:contact@mbatrek.com\"> <img class=\"mail_icon\" src=\"images/email_icon.png\" alt=\"\" /> </a></div>\r\n<div class=\"icon_Details\">\r\n<p><a style=\"color: black;\" href=\"mailto:contact@mbatrek.com\">contact@mbatrek.com</a></p>\r\n</div>\r\n</div>\r\n</div>\r\n<div class=\"col-md-4 col-sm-4 col-xs-12\">\r\n<div class=\"form_block\">\r\n<div class=\"icon_form\"><img class=\"phone_iocn\" src=\"images/phone_icon.png\" alt=\"\" /></div>\r\n<div class=\"icon_Details\">\r\n<p>+919821948334</p>\r\n<p>+919821948335</p>\r\n</div>\r\n</div>\r\n</div>\r\n</div>\r\n</div>'),(14,'quick_links','<section class=\"bielf_container quick_link\">     <div class=\"container\">         <div class=\"main_heading\">             <h4>Quick Links</h4>             <h3>Quick Links To Navigate</h3>         </div>         <div class=\"row\">             <div class=\"col-md-6 col-sm-6 col-xs-12\">                 <div class=\"left_links\">                     <h2>Industry</h2>                     <ul class=\"list-unstyled\">                         <h3>Post</h3>                         <li><a href=\"javascript:void(0);\">- Live Project</a></li>                         <li><a href=\"javascript:void(0);\">- Internship</a></li>                         <li><a href=\"javascript:void(0);\">- Job</a></li>                     </ul>                     <ul class=\"list-unstyled\">                         <h3>Session</h3>                         <li><a href=\"javascript:void(0);\">- Hold A Session At Campus</a></li>                     </ul>                     <ul class=\"list-unstyled\">                         <h3>Consulting</h3>                         <li><a href=\"javascript:void(0);\">- Assign Consulting Project With Faculty</a></li>                     </ul>                 </div>             </div>             <div class=\"col-md-6 col-sm-6 col-xs-12\">                 <div class=\"right_links\">                     <h2>Institute</h2>                     <ul class=\"list-unstyled\">                         <li><a href=\"javascript:void(0);\">- Feedback of MBAtrek to Students</a></li>                         <li><a href=\"javascript:void(0);\">- Rating Given By MBA Students to MBAtrek</a></li>                         <li><a href=\"javascript:void(0);\">- Attendance</a></li>                         <li><a href=\"javascript:void(0);\">- Score</a></li>                         <li><a href=\"javascript:void(0);\">- Talk To Us</a></li>                     </ul>                 </div>             </div>         </div>     </div> </section>'),(15,'session_at_compus','<section class=\"industrial_portal\">\r\n    <div class=\"container\">\r\n        <div class=\"row\">\r\n            <div class=\"col-md-3 col-sm-4 col-xs-12 side_bar\">\r\n                <div class=\"left_sidebar\">\r\n                    <div class=\"left_heading\">\r\n                        <h2>Traits Of Our Learner</h2>\r\n                    </div>\r\n                    <div class=\"clod_img\">\r\n                        <img class=\"img-responsive\" src=\"images/cloude_img.png\"/>\r\n                    </div>\r\n                    <div class=\"module_div\">\r\n                        <div class=\"left_heading\">\r\n                            <h2>MBAtrek Module</h2>\r\n                        </div>\r\n                        <div class=\"module_table\">\r\n                            <table class=\"col-md-12 table-bordered table-striped table-condensed cf\">\r\n                                <tbody>\r\n                                    <tr>\r\n                                        <td class=\"heading_text\">M1</td>\r\n                                        <td>Lorem ipsum dolor sit amet, </td>\r\n                                    </tr>\r\n                                    <tr>\r\n                                        <td class=\"heading_text\">M2</td>\r\n                                        <td>Lorem ipsum dolor sit amet, </td>\r\n                                    </tr>\r\n                                    <tr>\r\n                                        <td class=\"heading_text\">M3</td>\r\n                                        <td>Lorem ipsum dolor sit amet, </td>\r\n                                    </tr>\r\n                                    <tr>\r\n                                        <td class=\"heading_text\">M4</td>\r\n                                        <td>Lorem ipsum dolor sit amet, </td>\r\n                                    </tr>\r\n                                    <tr>\r\n                                        <td class=\"heading_text\">M5</td>\r\n                                        <td>Lorem ipsum dolor sit amet, </td>\r\n                                    </tr>\r\n                                    <tr>\r\n                                        <td class=\"heading_text\">M6</td>\r\n                                        <td>Lorem ipsum dolor sit amet, </td>\r\n                                    </tr>\r\n                                    <tr>\r\n                                        <td class=\"heading_text\">M7</td>\r\n                                        <td>Lorem ipsum dolor sit amet, </td>\r\n                                    </tr>\r\n                                    <tr>\r\n                                        <td class=\"heading_text\">M8</td>\r\n                                        <td>Lorem ipsum dolor sit amet, </td>\r\n                                    </tr>\r\n                                    <tr>\r\n                                        <td class=\"heading_text\">M9</td>\r\n                                        <td>Lorem ipsum dolor sit amet, </td>\r\n                                    </tr>\r\n                                    <tr>\r\n                                        <td class=\"heading_text\">M10</td>\r\n                                        <td>Lorem ipsum dolor sit amet, </td>\r\n                                    </tr>\r\n                                    <tr>\r\n                                        <td class=\"heading_text\">M11</td>\r\n                                        <td>Lorem ipsum dolor sit amet, </td>\r\n                                    </tr>\r\n                                    <tr>\r\n                                        <td class=\"heading_text\">M12</td>\r\n                                        <td>Lorem ipsum dolor sit amet, </td>\r\n                                    </tr>\r\n                                    <tr>\r\n                                        <td class=\"heading_text\">M13</td>\r\n                                        <td>Lorem ipsum dolor sit amet, </td>\r\n                                    </tr>\r\n                                    <tr>\r\n                                        <td class=\"heading_text\">M14</td>\r\n                                        <td>Lorem ipsum dolor sit amet, </td>\r\n                                    </tr>\r\n                                    <tr>\r\n                                        <td class=\"heading_text\">M15</td>\r\n                                        <td>Lorem ipsum dolor sit amet, </td>\r\n                                    </tr>\r\n                                </tbody>\r\n                            </table>\r\n                        </div>\r\n                    </div>\r\n\r\n                </div>\r\n            </div>\r\n            <div class=\"col-md-9 col-sm-8 col-xs-12\">\r\n                <div class=\"right_sidebar\">\r\n                    <div class=\"main_heading\">\r\n                        <h4>Experience</h4>\r\n                        <h3 class=\"text_right\">Thoughts And Experiences</h3>\r\n                    </div>\r\n                    <p class=\"jobs_text\">I would like to share my thoughts and experiences with the MBA students. </p>\r\n                    <div class=\"session_table\">\r\n                        <table class=\"col-md-12 table-bordered table-striped table-condensed cf\">\r\n                            <thead class=\"cf\">\r\n                                <tr>\r\n                                    <th class=\"first_th\">S.No.</th>\r\n                                    <th>Thoughts & Experiences</th>\r\n                                </tr>\r\n                            </thead>\r\n                            <tbody>\r\n                                <tr>\r\n                                    <td class=\"first_td\"  data-title=\"S.No.\" class=\"heading_text\">1.</td>\r\n                                    <td  data-title=\"Thoughts & Experiences\">Etiam imperdiet ante in lectus pharetra ultricies. Phasellus elementum lacus justo, eu blandit turpis porta id. Nulla pharetra lectus euismod neque hendrerit, et aliquam tortor vestibulum. </td>\r\n                                </tr>\r\n                                <tr>\r\n                                    <td class=\"first_td\"  data-title=\"S.No.\" class=\"heading_text\">2.</td>\r\n                                    <td  data-title=\"Thoughts & Experiences\">Etiam imperdiet ante in lectus pharetra ultricies. Phasellus elementum lacus justo, eu blandit turpis porta id. Nulla pharetra lectus euismod neque hendrerit, et aliquam tortor vestibulum. </td>\r\n                                </tr>\r\n                                <tr>\r\n                                    <td class=\"first_td\"  data-title=\"S.No.\" class=\"heading_text\">3.</td>\r\n                                    <td  data-title=\"Thoughts & Experiences\">Etiam imperdiet ante in lectus pharetra ultricies. Phasellus elementum lacus justo, eu blandit turpis porta id. Nulla pharetra lectus euismod neque hendrerit, et aliquam tortor vestibulum. </td>\r\n                                </tr>\r\n                                <tr>\r\n                                    <td class=\"first_td\"  data-title=\"S.No.\" class=\"heading_text\">4.</td>\r\n                                    <td  data-title=\"Thoughts & Experiences\">Etiam imperdiet ante in lectus pharetra ultricies. Phasellus elementum lacus justo, eu blandit turpis porta id. Nulla pharetra lectus euismod neque hendrerit, et aliquam tortor vestibulum. </td>\r\n                                </tr>\r\n                                <tr>\r\n                                    <td class=\"first_td\"  data-title=\"S.No.\" class=\"heading_text\">5.</td>\r\n                                    <td  data-title=\"Thoughts & Experiences\">Etiam imperdiet ante in lectus pharetra ultricies. Phasellus elementum lacus justo, eu blandit turpis porta id. Nulla pharetra lectus euismod neque hendrerit, et aliquam tortor vestibulum. </td>\r\n                                </tr>\r\n                                <tr>\r\n                                    <td class=\"first_td\"  data-title=\"S.No.\" class=\"heading_text\">6.</td>\r\n                                    <td  data-title=\"Thoughts & Experiences\">Etiam imperdiet ante in lectus pharetra ultricies. Phasellus elementum lacus justo, eu blandit turpis porta id. Nulla pharetra lectus euismod neque hendrerit, et aliquam tortor vestibulum. </td>\r\n                                </tr>\r\n                                <tr>\r\n                                    <td class=\"first_td\"  data-title=\"S.No.\" class=\"heading_text\">7.</td>\r\n                                    <td  data-title=\"Thoughts & Experiences\">Etiam imperdiet ante in lectus pharetra ultricies. Phasellus elementum lacus justo, eu blandit turpis porta id. Nulla pharetra lectus euismod neque hendrerit, et aliquam tortor vestibulum. </td>\r\n                                </tr>\r\n                                <tr>\r\n                                    <td class=\"first_td\"  data-title=\"S.No.\" class=\"heading_text\">8.</td>\r\n                                    <td  data-title=\"Thoughts & Experiences\">Etiam imperdiet ante in lectus pharetra ultricies. Phasellus elementum lacus justo, eu blandit turpis porta id. Nulla pharetra lectus euismod neque hendrerit, et aliquam tortor vestibulum. </td>\r\n                                </tr>\r\n                                <tr>\r\n                                    <td class=\"first_td\"  data-title=\"S.No.\" class=\"heading_text\">9.</td>\r\n                                    <td  data-title=\"Thoughts & Experiences\">Etiam imperdiet ante in lectus pharetra ultricies. Phasellus elementum lacus justo, eu blandit turpis porta id. Nulla pharetra lectus euismod neque hendrerit, et aliquam tortor vestibulum. </td>\r\n                                </tr>\r\n                                <tr>\r\n                                    <td class=\"first_td\"  data-title=\"S.No.\" class=\"heading_text\">10.</td>\r\n                                    <td  data-title=\"Thoughts & Experiences\">Etiam imperdiet ante in lectus pharetra ultricies. Phasellus elementum lacus justo, eu blandit turpis porta id. Nulla pharetra lectus euismod neque hendrerit, et aliquam tortor vestibulum. </td>\r\n                                </tr>\r\n                                <tr>\r\n                                    <td class=\"first_td\"  data-title=\"S.No.\" class=\"heading_text\">11.</td>\r\n                                    <td  data-title=\"Thoughts & Experiences\">Etiam imperdiet ante in lectus pharetra ultricies. Phasellus elementum lacus justo, eu blandit turpis porta id. Nulla pharetra lectus euismod neque hendrerit, et aliquam tortor vestibulum. </td>\r\n                                </tr>\r\n                            </tbody>\r\n                        </table>\r\n                    </div>\r\n                </div>\r\n            </div>\r\n        </div>\r\n    </div>\r\n</section>'),(16,'support','<div class=\"container\">\r\n<div class=\"main_heading support_heading\">\r\n<h4>Support</h4>\r\n<h3>We at MBAtrek are here to provide you full support. Feel free to explore.</h3>\r\n</div>\r\n<div class=\"support_Wrpper\">\r\n<div class=\"rpeat_qstn\">\r\n<div class=\"row\">\r\n<div class=\"col-md-2 col-sm-3 col-xs-4\">\r\n<div class=\"image_suport\"><img class=\"img-responsive\" src=\"images/faq.png\" alt=\"\" /></div>\r\n</div>\r\n<div class=\"col-md-10 col-sm-9 col-xs-8\">\r\n<div class=\"content_support\"><a class=\"h2_title\" href=\"../../frequently-asked-questions\">FAQ&rsquo;s</a> <a class=\"anchr_title\" href=\"../../frequently-asked-questions\">Find your questions answered in the FAQs.</a></div>\r\n</div>\r\n</div>\r\n</div>\r\n<div class=\"rpeat_qstn\">\r\n<div class=\"row\">\r\n<div class=\"col-md-2 col-sm-3 col-xs-4\">\r\n<div class=\"image_suport\"><img class=\"img-responsive\" src=\"images/adviosr.png\" alt=\"\" /></div>\r\n</div>\r\n<div class=\"col-md-10 col-sm-9 col-xs-8\">\r\n<div class=\"content_support\"><a class=\"h2_title\" href=\"https://www.mbatrek.com/talk-to-our-career-advisor\">Career Advisor</a> <a class=\"anchr_title\" href=\"https://www.mbatrek.com/talk-to-our-career-advisor\">Haven&rsquo;t still found an answer? Talk to our Career Advisor for advice.</a></div>\r\n</div>\r\n</div>\r\n</div>\r\n</div>\r\n</div>'),(17,'company','<div class=\"main-helping\">\r\n                <div class=\"container\">\r\n				<div class=\"row\">\r\n				<div class=\"col-md-12 col-sm-12 col-xs-12\">\r\n               <div class=\"row\">\r\n			  <div class=\"col-md-12 col-sm-12 col-xs-12\">\r\n          <h3 class=\"text-center\">Helping you unlock the \r\n		  potential of new hires and young professionals</h3>\r\n                    \r\n						</div>\r\n						</div>\r\n						<div class=\"row\">\r\n					<div class=\"col-md-12 col-sm-12 col-xs-12\">\r\n					<p>As a recruiter or a HR lead or a hiring manger\r\n					, do you feel that your new hires and younger \r\n					professionals are struggling to cope with the \r\n					corporate life and your company&apos;s culture. Infact, \r\n					you will even notice that their productivity and idea\r\n					generation and execution capabilities are also\r\n					limited. Why do you believe this happens?</p>\r\n\r\n<p>This is a combination of lack of preparedness from the young \r\ngraduate / early stage professionals in terms of being a &apos;Ready&apos; and \r\n&apos;Relevant&apos; professional. In addition, you maybe spending very little \r\ntime on both the formal and in-formal on-boarding process.</p>\r\n\r\n<p>Infact a HBR study in June 2017, has summarized that that new hires\r\n are very vulnerable in the first 3 to 6 months and by extending the \r\n on-boarding time to close toone year, companies are significantly\r\n able to control attrition and help new hires perform better.Infact \r\n in some cases, the study quotes that 91% of the first year employees\r\n were retained with an efficient and effective on-boarding process.\r\n</p>\r\n					</div>\r\n				</div>\r\n				<div class=\"compny-footer\">\r\n				<div class=\"border\"></div>\r\n				<a href=\"#\"><img src=\"images/logo.png\" class=\"img-responsive center-block\" \r\n				alt=\"logo\" /></a>\r\n				\r\n				</div>\r\n					\r\n					\r\n                </div>\r\n				</div>\r\n				</div>\r\n				</div>'),(18,'educational_institute','<div class=\"education_container\">\r\n<div class=\"container\">\r\n<div class=\"title_main\">\r\n<h3>Partnering with Institutes to create lifelong impact for students</h3>\r\n<h4>Jointly working together to transform your students to &lsquo;Ready&rsquo; and &lsquo;Relevant&rsquo; Executives</h4>\r\n</div>\r\n<div class=\"our_journy\">\r\n<p>We work closely with institutes to help them prepare their students in a holistic manner for the corporate life, so that they can make a fantastic impact as alumni and continue strong upward placement trend.</p>\r\n<div class=\"student-journey\">\r\n<div class=\"container\">\r\n<div class=\"row\">\r\n<div class=\"student-journey-inner\">\r\n<div class=\"student-ready col-xs-12 col-md-6 col-lg-6\">\r\n<div class=\"journey-1\">\r\n<ul>\r\n<li class=\"main-box\"><span class=\"journey-text\">Student</span></li>\r\n<li class=\"box1\"><span class=\"journey-text\">Inner Realization <br />\'Self Awareness\'</span></li>\r\n<li class=\"box2\"><span class=\"journey-text\">Motivation</span></li>\r\n</ul>\r\n<div class=\"journey-title-bottom\">Ready</div>\r\n<div class=\"jpurny_title_logo\"><img src=\"images/mbalogo.png\" alt=\"\" /> <img src=\"images/education_mba.png\" alt=\"\" /></div>\r\n</div>\r\n</div>\r\n<div class=\"student-relevant col-xs-12 col-md-6 col-lg-6\">\r\n<div class=\"journey-2\">\r\n<ul>\r\n<li class=\"box1\"><span class=\"journey-text\">Corporate Skill Development</span></li>\r\n<li class=\"box2\"><span class=\"journey-text\">Preparation &amp; Practise</span></li>\r\n<li class=\"main-box\"><span class=\"journey-text\">Executive</span></li>\r\n</ul>\r\n<div class=\"journey-title-bottom\">Relevant</div>\r\n<div class=\"jpurny_title_logo_Second\"><img src=\"images/mbalogo.png\" alt=\"\" /> <img src=\"images/education_mba.png\" alt=\"\" /></div>\r\n</div>\r\n</div>\r\n<div class=\"journy_block\">\r\n<h4 class=\"jpurny_text\">What do we mean by &lsquo;Ready&rsquo; and &lsquo;Relevant&rsquo;?</h4>\r\n<div class=\"row\">\r\n<div class=\"col-md-6\">\r\n<div class=\"journey1-list\">\r\n<h3>Ready</h3>\r\n<ul>\r\n<li><span class=\"list-icon\"><img src=\"images/mix.png\" alt=\"\" /></span> <span class=\"list-text\"> <span class=\"list-text-title\">Right Mix:</span> Build analytical, logical and structured thinking skills </span></li>\r\n<li><span class=\"list-icon\"><img src=\"images/corporate_icon.png\" alt=\"\" /></span> <span class=\"list-text\"> <span class=\"list-text-title\">Corporatiz-ed:</span> Understand today&rsquo;s corporate world and it&rsquo;s demands </span></li>\r\n<li><span class=\"list-icon\"><img src=\"images/industry_icon.png\" alt=\"\" /></span> <span class=\"list-text\"> <span class=\"list-text-title\">Industry Awareness:</span> Ability to develop point of view on industry </span></li>\r\n</ul>\r\n</div>\r\n</div>\r\n<div class=\"col-md-6\">\r\n<div class=\"journey2-list\">\r\n<h3>Relevant</h3>\r\n<ul>\r\n<li><span class=\"list-icon\"><img src=\"images/contribute_icon.png\" alt=\"\" /></span> <span class=\"list-text\"> <span class=\"list-text-title\">Immediate Contribution: </span> Start delivering from Day 1 in their corporate </span></li>\r\n<li><span class=\"list-icon\"><img src=\"images/long_term.png\" alt=\"\" /></span> <span class=\"list-text\"> <span class=\"list-text-title\">Long Term Career: </span> Achieve longer and more meaningful tenures in companies </span></li>\r\n<li><span class=\"list-icon\"><img src=\"images/collborate.png\" alt=\"\" /></span> <span class=\"list-text\"> <span class=\"list-text-title\">Collaborate and Lead:</span> Demonstrate capability to work and lead teams </span></li>\r\n</ul>\r\n</div>\r\n</div>\r\n</div>\r\n</div>\r\n<div class=\"arrow-icon\"><a href=\"#\"><img src=\"images/blue-arrow-down.jpg\" alt=\"\" /></a></div>\r\n</div>\r\n<div class=\"transform_journy\">\r\n<h3>Our &lsquo;One of a Kind&rsquo; Transformation Journey</h3>\r\n<div class=\"transform_image\"><img src=\"images/transform_picture.jpg\" alt=\"\" /></div>\r\n</div>\r\n<div class=\"classroom_div\">\r\n<h3>Delivered through comprehensive and unique pedagogy</h3>\r\n<h4>Classroom Based:</h4>\r\n<ul>\r\n<li><img src=\"images/class_room.png\" alt=\"\" /> <span>Classroom</span></li>\r\n<li><img src=\"images/onetoone.png\" alt=\"\" /> <span>One to One</span></li>\r\n<li><img src=\"images/explainer.png\" alt=\"\" /> <span>Explainer Videos</span></li>\r\n<li><img src=\"images/good_expericance.png\" alt=\"\" /> <span>Group Exercises</span></li>\r\n<li><img src=\"images/mid.png\" alt=\"\" /> <span>Mid-Career Execs</span></li>\r\n</ul>\r\n</div>\r\n<div class=\"classroom_div out_side\">\r\n<h4>Outside Classroom (Un-limited Access):</h4>\r\n<ul>\r\n<li><img src=\"images/learning_portal.png\" alt=\"\" /> <span>Learning Portal</span></li>\r\n<li><img src=\"images/social_media.png\" alt=\"\" /> <span>Social Media</span></li>\r\n<li><img src=\"images/email.png\" alt=\"\" /> <span>E-mail</span></li>\r\n<li><img src=\"images/voice.png\" alt=\"\" /> <span>Voice / Video Calls</span></li>\r\n<li><img src=\"images/cheat.png\" alt=\"\" /> <span>Cheat-sheets</span></li>\r\n</ul>\r\n</div>\r\n<div class=\"partnering_div\"><img src=\"images/partning_image.png\" alt=\"\" /> <!-- <h3>Partnering with us will help you achieve the following benefits</h3>\r\n<div class=\"partn_wrapper\">\r\n<ul>\r\n<ul>\r\n<li class=\"imporved\">\r\n<div class=\"inner_block\">Improved Student Intake Quality and Size</div>\r\n</li>\r\n<li class=\"ranking\">\r\n<div class=\"inner_block\">Rankings / Accreditation</div>\r\n<div class=\"arrow first\"><img src=\"images/arrow1.png\" alt=\"\" /></div>\r\n<div class=\"arrow second\"><img src=\"images/arrow2.png\" alt=\"\" /></div>\r\n</li>\r\n<ul>\r\n<li class=\"Quality_li\">\r\n<div class=\"inner_block\">Quality Alumni base in the industry</div>\r\n</li>\r\n<li class=\"Quality_li\">\r\n<div class=\"inner_block\">Branding as a Career Building Insitution</div>\r\n</li>\r\n</ul>\r\n</ul>\r\n</ul>\r\n<div class=\"arrow third\"><img src=\"images/arrow3.png\" alt=\"\" /></div>\r\n</div> --></div>\r\n<div class=\"engament_model\">\r\n<h3>Our typical engagement model</h3>\r\n<ul>\r\n<li><label>Introduction</label> <span>Introduction Initial dialogue around MBATrek</span></li>\r\n<li class=\"top_li\"><label>1st Round</label> <span>Discussion with B-School Mgmt. on key issues</span></li>\r\n<li><label>2nd Round</label> <span>Interaction with B-School faculty</span></li>\r\n<li class=\"top_li\"><label>3rd Round</label> <span>Detailed session with B-School faculty</span></li>\r\n<li><label>Meeting the Batch</label> <span>Initial students interaction and survey</span></li>\r\n<li class=\"top_li\"><label>Insights Workshop</label> <span>Present initial insights on student interaction</span></li>\r\n<li><label>Program Start</label></li>\r\n</ul>\r\n</div>\r\n<div class=\"arrow-icon\"><a href=\"#\"><img src=\"images/blue-arrow-down.jpg\" alt=\"\" /></a></div>\r\n<div class=\"leader_shipt_div\">\r\n<h3>Please connect with our leadership team:</h3>\r\n<div class=\"row\">\r\n<div class=\"col-md-6\">\r\n<div class=\"team_container\">\r\n<div class=\"team_photo\"><img src=\"images/alok.jpg\" alt=\"\" /></div>\r\n<div class=\"team_description\">\r\n<h3>Alok Srivastava</h3>\r\n<span> Co-Founder, MBAtrek Pvt. Ltd.</span> <span>PGDBM (1975-77), XLRI</span> <span>Global Management Program, University of Michigan&nbsp;</span></div>\r\n<div class=\"contact_Details_team\"><label>Mobile: +91-9810007333</label> <label>alok.srivastava@mbatrek.com</label></div>\r\n<div class=\"company_work\">\r\n<h3>Companies worked for:</h3>\r\n<ul>\r\n<li><img src=\"images/honey.png\" alt=\"\" /></li>\r\n<li><img src=\"images/ranbaxy.png\" alt=\"\" /></li>\r\n<li><img src=\"images/apac.jpg\" alt=\"\" /></li>\r\n</ul>\r\n</div>\r\n</div>\r\n</div>\r\n<div class=\"col-md-6\">\r\n<div class=\"team_container\">\r\n<div class=\"team_photo\"><img src=\"images/abhishek.png\" alt=\"\" /></div>\r\n<div class=\"team_description\">\r\n<h3>Abhishek Srivastava</h3>\r\n<span> Co-Founder and CEO, MBAtrek Pvt. Ltd.</span> <span>MBA (ISB), MS (Georgia Institute of Technology),</span> <span>BE (Delhi College of Engineering)&nbsp;</span></div>\r\n<div class=\"contact_Details_team\"><label>Mobile: +91-8800466800</label> <label>abhishek.srivastava@mbatrek.com</label></div>\r\n<div class=\"company_work\">\r\n<h3>Companies worked for:</h3>\r\n<ul>\r\n<li><img src=\"images/apple.jpg\" alt=\"\" /></li>\r\n<li><img src=\"images/accenture.png\" alt=\"\" /></li>\r\n<li><img src=\"images/schendir.png\" alt=\"\" /></li>\r\n<li><img src=\"images/trinity.png\" alt=\"\" /></li>\r\n</ul>\r\n</div>\r\n</div>\r\n</div>\r\n</div>\r\n</div>\r\n</div>\r\n</div>\r\n</div>\r\n</div>\r\n</div>\r\n</div>'),(19,'student_page','<div class=\"student-top\">\r\n<div class=\"container\">\r\n<div class=\"student-internship col-xs-12 col-md-6 col-lg-6\">\r\n<div class=\"icon-holder\"><a id=\"tab1\" href=\"#\"> <span class=\"icon\"> <img src=\"images/working-thinking-green.png\" alt=\"\" /> <span class=\"icon-title\">Internship</span> </span> <span class=\"icon-text\"> Need help in preparing for internship? <br />Click Here </span> </a></div>\r\n</div>\r\n<div class=\"student-placement col-xs-12 col-md-6 col-lg-6\">\r\n<div class=\"icon-holder\"><a id=\"tab2\" href=\"#\"> <span class=\"icon\"> <img src=\"images/final placement-blue.png\" alt=\"\" /> <span class=\"icon-title\">Final Placement</span> </span> <span class=\"icon-text\"> Need help preparing for final placements? Click Here </span> </a></div>\r\n</div>\r\n</div>\r\n</div>\r\n<div class=\"student-title\">\r\n<div class=\"container\">\r\n<div class=\"student-title-inner\">Your Journey to Corporate life has already started...</div>\r\n</div>\r\n</div>\r\n<div class=\"student-journey\">\r\n<div class=\"container\">\r\n<div class=\"student-journey-inner\">\r\n<div class=\"student-ready col-xs-12 col-md-6 col-lg-6\">\r\n<div class=\"journey-1\">\r\n<ul>\r\n<li class=\"main-box\"><span class=\"journey-text\">Student</span></li>\r\n<li class=\"box1\"><span class=\"journey-text\">Inner Realization</span></li>\r\n<li class=\"box2\"><span class=\"journey-text\">Motivation</span></li>\r\n</ul>\r\n<div class=\"journey-title-bottom\">Ready</div>\r\n<div class=\"journey1-list\">\r\n<ul>\r\n<li><span class=\"list-icon\"><img src=\"themes/cart/images/contribute_icon2.png\" alt=\"\" /></span> <span class=\"list-text\"> <span class=\"list-text-title\">Immediate Contribution:</span> Start delivering from Day 1 in their corporate role </span></li>\r\n<li><span class=\"list-icon\"><img src=\"images/corporate_icon.png\" alt=\"\" /></span> <span class=\"list-text\"> <span class=\"list-text-title\">Corporatiz-ed:</span> Understand today\'s corporate world and its demands </span></li>\r\n<li><span class=\"list-icon\"><img src=\"images/industry_icon.png\" alt=\"\" /></span> <span class=\"list-text\"> <span class=\"list-text-title\">Industry Awareness:</span> Ability to develop point of view on industry trends </span></li>\r\n</ul>\r\n</div>\r\n</div>\r\n</div>\r\n<div class=\"student-relevant col-xs-12 col-md-6 col-lg-6\">\r\n<div class=\"journey-2\">\r\n<ul>\r\n<li class=\"box1\"><span class=\"journey-text\">Corporate Skill Development</span></li>\r\n<li class=\"box2\"><span class=\"journey-text\">Preparation &amp; Practise</span></li>\r\n<li class=\"main-box\"><span class=\"journey-text\">Executive</span></li>\r\n</ul>\r\n<div class=\"journey-title-bottom\">Relevant</div>\r\n<div class=\"journey2-list\">\r\n<ul>\r\n<li><span class=\"list-icon\"><img src=\"themes/cart/images/mix2.png\" alt=\"\" /></span> <span class=\"list-text\"> <span class=\"list-text-title\">Right Mix:</span> Build analytical, logical and structured thinking skills </span></li>\r\n<li><span class=\"list-icon\"><img src=\"images/long_term.png\" alt=\"\" /></span> <span class=\"list-text\"> <span class=\"list-text-title\">Long Term Career:</span> Develop a mindset not jumping between short term jobs </span></li>\r\n<li><span class=\"list-icon\"><img src=\"images/collborate.png\" alt=\"\" /></span> <span class=\"list-text\"> <span class=\"list-text-title\">Collaborate and Lead:</span> Demonstrate capability to work and lead teams </span></li>\r\n</ul>\r\n</div>\r\n</div>\r\n</div>\r\n<div class=\"arrow-icon\"><a href=\"#\"><img src=\"images/blue-arrow-down.jpg\" alt=\"\" /></a></div>\r\n</div>\r\n</div>\r\n</div>'),(20,'mbatrek_story','<div class=\"mbatek_strory\">\r\n<div class=\"container\">\r\n<div class=\"row\">\r\n<h3>Our Story and Approach</h3>\r\n<h4>What are we trying to solve?</h4>\r\n<p>MBAtrek was created when our founders <span>Alok Srivastava</span> and <span>Abhishek Srivastava</span> asked a truly unanswered question:</p>\r\n<p><span> Does the eco-system of educational institutions and corporates really transform students into &lsquo;Ready&rsquo; and &lsquo;Relevant&rsquo; industry executives? </span></p>\r\n<p><span>The overwhelming answer is &lsquo;NO&rsquo;.</span> In today&rsquo;s world, companies in any industry are facing a <span>number of challenges:</span></p>\r\n<ul>\r\n<li><img src=\"images/stand_icon.png\" alt=\"\" /> <span>New and Emerging Business Models </span></li>\r\n<li><img src=\"images/dot_icon.png\" alt=\"\" /> <span>Constant Disruption due to Technology </span></li>\r\n<li><img src=\"images/band_icon.png\" alt=\"\" /> <span>New and Emerging Business Models </span></li>\r\n</ul>\r\n<p class=\"relevent_upper_text\">The expectations from <span>young professionals</span> and graduates have never been higher and the<span>millennial workforce </span> will only <span>succeed in companies</span> if they demonstrate the <span>following attributes&hellip;</span></p>\r\n</div>\r\n</div>\r\n<div class=\"ready_section\">\r\n<div class=\"container\">\r\n<div class=\"stry_text\">\r\n<div class=\"journy_block\">\r\n<div class=\"row\">\r\n<div class=\"col-md-6\">\r\n<div class=\"journey1-list\">\r\n<h3>Ready</h3>\r\n<ul>\r\n<li><span class=\"list-icon\"><img src=\"images/mix.png\" alt=\"\" /></span> <span class=\"list-text\"> <span class=\"list-text-title\">Right Mix:</span> Build analytical, logical and structured thinking skills </span></li>\r\n<li><span class=\"list-icon\"><img src=\"images/corporate_icon.png\" alt=\"\" /></span> <span class=\"list-text\"> <span class=\"list-text-title\">Corporatiz-ed:</span> Understand today&rsquo;s corporate world and it&rsquo;s demands </span></li>\r\n<li><span class=\"list-icon\"><img src=\"images/industry_icon.png\" alt=\"\" /></span> <span class=\"list-text\"> <span class=\"list-text-title\">Industry Awareness:</span> Ability to develop point of view on industry </span></li>\r\n</ul>\r\n</div>\r\n</div>\r\n<div class=\"col-md-6\">\r\n<div class=\"journey2-list\">\r\n<h3>Relevant</h3>\r\n<ul>\r\n<li><span class=\"list-icon\"><img src=\"images/contribute_icon.png\" alt=\"\" /></span> <span class=\"list-text\"> <span class=\"list-text-title\">Immediate Contribution: </span> Start delivering from Day 1 in their corporate </span></li>\r\n<li><span class=\"list-icon\"><img src=\"images/long_term.png\" alt=\"\" /></span> <span class=\"list-text\"> <span class=\"list-text-title\">Long Term Career: </span> Achieve longer and more meaningful tenures in companies </span></li>\r\n<li><span class=\"list-icon\"><img src=\"images/collborate.png\" alt=\"\" /></span> <span class=\"list-text\"> <span class=\"list-text-title\">Collaborate and Lead:</span> Demonstrate capability to work and lead teams </span></li>\r\n</ul>\r\n</div>\r\n</div>\r\n</div>\r\n</div>\r\n<div class=\"addtional_container\">\r\n<p>In addition, there is <span>increasing pressure to work and collaborate in teams, operate in decentralized environments</span> and with a <span>heightened sense of ownership and responsibility.</span> This requires a <span>completely different mindset and set of personality traits which includes:</span></p>\r\n<ul>\r\n<li><img src=\"images/character_icon.png\" alt=\"\" /> <span>Character</span></li>\r\n<li><img src=\"images/hope_icon.png\" alt=\"\" /> <span>Hope </span></li>\r\n<li><img src=\"images/atittude_icon.png\" alt=\"\" /> <span>Attitude </span></li>\r\n<li><img src=\"images/self_icon.png\" alt=\"\" /> <span>Self-Awareness </span></li>\r\n<li><img src=\"images/entism_icon.png\" alt=\"\" /> <span>Enthusiasm </span></li>\r\n</ul>\r\n</div>\r\n</div>\r\n</div>\r\n</div>\r\n<div class=\"transfor_process\">\r\n<div class=\"container\">\r\n<h3>MBAtrek Transformation Process</h3>\r\n<p>After detailed research and meetings with <span>industry associations (including CII), numerous HR experts, seasoned corporate professionals</span> and <span>leaders of educational institutions</span>,<span> Alok</span> and <span>Abhishek</span> came up with the idea of a unique platform which addresses the concerns and needs for all stakeholders. This was the rise of<span> MBAtrek.</span></p>\r\n<div class=\"mbatrek_arrow\"><img src=\"images/arrow_mbatrek.png\" alt=\"\" />\r\n<ul>\r\n<li><img src=\"images/yound_student.png\" alt=\"\" /> <span>Young Student / Graduate </span> <img class=\"arrow_track\" src=\"images/arrow_track.png\" alt=\"\" /></li>\r\n<li class=\"relevent_li\"><img src=\"images/relevent_process.png\" alt=\"\" /> <span>Young Student / Graduate </span> <img class=\"arrow_track\" src=\"images/arrow_track.png\" alt=\"\" /></li>\r\n<li class=\"relevent_li\"><img src=\"images/high_performing.png\" alt=\"\" /> <span>Young Student / Graduate </span></li>\r\n</ul>\r\n</div>\r\n<div class=\"adjusting_div\">\r\n<div class=\"home-cta-wrapper\">\r\n<h3 class=\"adress_text\">How are we addressing our stackholders need?</h3>\r\n<div class=\"row\">\r\n<div class=\"col-xs-12 col-md-6 col-lg-3 cta-home\">\r\n<div class=\"cta-home-wrap\"><a class=\"cta-link1\" href=\"&lt;?php echo Yii::app()-&gt;createUrl(\'cart/student\'); ?&gt;\"> <span class=\"cta-img\"><img src=\"themes/cart/images/student_icon.png\" alt=\"\" /> </span> <span class=\"cta-title\">Students</span> </a>\r\n<div class=\"cta-body\">\r\n<h4>Enhance your preparation and skill-sets to get the right role and job</h4>\r\n<div class=\"cta-link2\"><a href=\"&lt;?php echo Yii::app()-&gt;createUrl(\'cart/student\'); ?&gt;\">Start your preparation for Internship / Final Placement &gt;&gt;</a></div>\r\n</div>\r\n</div>\r\n</div>\r\n<div class=\"col-xs-12 col-md-6 col-lg-3 cta-home\">\r\n<div class=\"cta-home-wrap\"><a class=\"cta-link1\" href=\"&lt;?php echo Yii::app()-&gt;createUrl(\'cart/profesionals\'); ?&gt;\"> <span class=\"cta-img\"><img src=\"themes/cart/images/professional_icon.png\" alt=\"\" /></span> <span class=\"cta-title\">Young Professionals</span> </a>\r\n<div class=\"cta-body\">\r\n<h4>Understand how to survive and connect with people in your initial career</h4>\r\n<div class=\"cta-link2\"><a href=\"&lt;?php echo Yii::app()-&gt;createUrl(\'cart/student\'); ?&gt;\">Kick-Start your first year at the job and your career &gt;&gt;</a></div>\r\n</div>\r\n</div>\r\n</div>\r\n<div class=\"col-xs-12 col-md-6 col-lg-3 cta-home\">\r\n<div class=\"cta-home-wrap\"><a class=\"cta-link1\" href=\"#\"> <span class=\"cta-img\"><img src=\"themes/cart/images/education_institute.png\" alt=\"\" /></span> <span class=\"cta-title\">Educational Institutes</span> </a>\r\n<div class=\"cta-body\">\r\n<h4>Transform your institution from a center of academic learning to career building</h4>\r\n<div class=\"cta-link2\"><a href=\"&lt;?php echo Yii::app()-&gt;createUrl(\'cart/student\'); ?&gt;\">Partner with us to transform into a career building institution &gt;&gt;</a></div>\r\n</div>\r\n</div>\r\n</div>\r\n<div class=\"col-xs-12 col-md-6 col-lg-3 cta-home\">\r\n<div class=\"cta-home-wrap\"><a class=\"cta-link1\" href=\"&lt;?php echo Yii::app()-&gt;createUrl(\'cart/institutes\'); ?&gt;\"> <span class=\"cta-img\"><img src=\"themes/cart/images/companies_icon.png\" alt=\"\" /></span> <span class=\"cta-title\">Companies</span> </a>\r\n<div class=\"cta-body\">\r\n<h4>Upskill your young talent and new hires to the demands of today&rsquo;s corporate world</h4>\r\n<div class=\"cta-link2\"><a href=\"&lt;?php echo Yii::app()-&gt;createUrl(\'cart/student\'); ?&gt;\">Develop and accelerate growth of your next generation workforce &gt;&gt;</a></div>\r\n</div>\r\n</div>\r\n</div>\r\n</div>\r\n</div>\r\n</div>\r\n</div>\r\n</div>\r\n</div>'),(21,'how_we_are_different','<div class=\"diffrent_container\">\r\n<div class=\"container\">\r\n<div class=\"row\">\r\n<h3>How are we different?</h3>\r\n<div class=\"col-md-4\">\r\n<div class=\"diffrent_block bulid_capblity\"><img src=\"themes/cart/images/bulid_capability_icon.png\" alt=\"\" />\r\n<h4>Build capability for future</h4>\r\n<p>We will not only make you ready, but also help you build capabilities for future which can help in long term success</p>\r\n</div>\r\n</div>\r\n<div class=\"col-md-4\">\r\n<div class=\"diffrent_block\"><img src=\"themes/cart/images/solve_capability.png\" alt=\"\" />\r\n<h4>Solve for your context</h4>\r\n<p>We first understand you, your background, your skill level, your needs and then provide solutions according to the context</p>\r\n</div>\r\n</div>\r\n<div class=\"col-md-4\">\r\n<div class=\"diffrent_block bielve_in\"><img src=\"themes/cart/images/in_player_icon.png\" alt=\"\" />\r\n<h4>Believe in player-coach relationship</h4>\r\n<p>Get coached by mid-career executives with 10-20 years of experience who can give you relevant and actionable advice</p>\r\n</div>\r\n</div>\r\n</div>\r\n<div class=\"we_diffrent_container\">\r\n<div class=\"classroom_div\">\r\n<h3>Our Unique Coaching and Pedagogy</h3>\r\n<h4>Classroom Based:</h4>\r\n<ul>\r\n<li><img src=\"images/class_room.png\" alt=\"\" /> <span>Classroom</span></li>\r\n<li><img src=\"images/onetoone.png\" alt=\"\" /> <span>One to One</span></li>\r\n<li><img src=\"images/explainer.png\" alt=\"\" /> <span>Explainer Videos</span></li>\r\n<li><img src=\"images/good_expericance.png\" alt=\"\" /> <span>Group Exercises</span></li>\r\n<li><img src=\"images/mid.png\" alt=\"\" /> <span>Mid-Career Execs</span></li>\r\n</ul>\r\n</div>\r\n<div class=\"classroom_div out_side\">\r\n<h4>Outside Classroom (Un-limited Access):</h4>\r\n<ul>\r\n<li><img src=\"images/learning_portal.png\" alt=\"\" /> <span>Learning Portal</span></li>\r\n<li><img src=\"images/social_media.png\" alt=\"\" /> <span>Social Media</span></li>\r\n<li><img src=\"images/email.png\" alt=\"\" /> <span>E-mail</span></li>\r\n<li><img src=\"images/voice.png\" alt=\"\" /> <span>Voice / Video Calls</span></li>\r\n<li><img src=\"images/cheat.png\" alt=\"\" /> <span>Cheat-sheets</span></li>\r\n</ul>\r\n</div>\r\n</div>\r\n</div>\r\n</div>'),(22,'alok','<div class=\"intro_Container\">\r\n<div class=\"container\">\r\n<div class=\"into_heading\"><img src=\"themes/cart/images/alok_history.jpg\" alt=\"\" />\r\n<div class=\"name_Wrap\">\r\n<h2>Alok Srivastava</h2>\r\n<a href=\"https://www.linkedin.com/in/abhishek-mbatrek\" target=\"_blank\"><img src=\"themes/cart/images/linked40px.png\" alt=\"\" /></a></div>\r\n</div>\r\n<div class=\"intro_wrapper\">\r\n<p>Alok Srivastava, the <span>co-founder of MBAtrek Pvt. Ltd.,</span> has <span>41 years of vast and varied senior management global experience.</span> Alok is a <span>management graduate from XLRI (1977 batch)</span> and participated in the Global Management Program at <span>Stephen M. Ross School of Business, Michigan University (1998).</span></p>\r\n<p>He has directly mentored and coached <span>1,000+ young executives and middle to senior level managers in</span> his career. He is extremely passionate about making young students and professionals <span>\'Ready\'</span> and <span>\'Relevant\'</span> executives to <span>#hitthegroundRUNNING</span> and co-founded MBAtrek with Abhishek Srivastava.</p>\r\n<p>He had earlier founded a <span>B2B Strategic Sourcing</span> company <span>APAC Sourcing Solutions</span> which is now working with suppliers and customers across <span>15+ countries</span> in the Americas, Middle East and South East Asia.</p>\r\n<p>Previously, he has worked as the <span>Director (Asia Pacific region), Specialty Materials business for Honeywell Inc.</span> During the same period, he also represented <span>Honeywell on the Board of M/s Usha Amorphous</span> (Joint Venture Company). Alok has had a long and extensive tenure with Ranbaxy Laboratories spanning <span>23 years</span> in various senior global leadership roles including <span>Managing Director of Ranbaxy Fine Chemicals Ltd.</span> &amp; Ranbaxy&rsquo;s subsidiaries abroad for 11 years, <span>Head of Strategic Planning, IT and MIS and General Manager</span> for a large green field <span>US$ 30 million project. </span></p>\r\n<p>He has <span>rich cross- functional experience</span> in managing companies globally, <span>human resource management, strategic and operational management, training of marketing and functional managers.</span> He has extensively participated in major business decisions with multinational companies and has a proven track record of improving business processes and to lead an effective and efficient management of profit centers.</p>\r\n<ul>\r\n<li><img src=\"themes/cart/images/mail_icon.png\" alt=\"\" /> <label>alok.srivastava@mbatrek.com</label></li>\r\n<li><img src=\"themes/cart/images/phone_intro_icon.png\" alt=\"\" /> <span>+91-98 1000 7333</span></li>\r\n</ul>\r\n</div>\r\n</div>\r\n</div>'),(23,'abhishek','<div class=\"intro_Container\">\r\n<div class=\"container\">\r\n<div class=\"into_heading\"><img src=\"themes/cart/images/abhishek.jpg\" alt=\"\" />\r\n<div class=\"name_Wrap\">\r\n<h2>Abhishek Srivastava</h2>\r\n<a href=\"https://www.linkedin.com/in/abhishek-mbatrek\" target=\"_blank\"><img src=\"themes/cart/images/linked40px.png\" alt=\"\" /></a></div>\r\n</div>\r\n<div class=\"intro_wrapper\">\r\n<p>Abhishek Srivastava, the<span> co-founder of MBAtrek Pvt. Ltd.,</span> has<span> 10 years of global experience.</span> Abhishek is an <span>MBA</span> from <span>Indian School of Business</span> and has a <span>Masters</span> in Environmental Engineering from<span> Georgia Tech, USA</span> (Recipient of <span>Outstanding Masters Student</span>) and a <span>Bachelors</span> in Environmental Engineering from <span>Delhi College of Engineering.</span></p>\r\n<p>He has <span>directly mentored and coached 100+ young executives in</span> through <span>various formal and informal mentoring</span> and <span>coaching</span> programs. He is extremely passionate about making young students and professionals <span>\'Ready\'</span> and <span>\'Relevant\'</span> executives to <span>#hitthegroundRUNNING</span> and co-v Prior to MBAtrek, he worked as the <span> Head of Business Planning and Strategy</span> for the <span>Enterprise and Education business</span> for <span>Apple India.</span> He had closely worked with India sales leadership on <span>building and executing annual and 3-year strategic roadmap</span>for the enterprise and education segments in addition to his business planning responsibilities.</p>\r\n<p>Previously, he was a <span>seasoned strategy and sustainability professional</span> with extensive experience across <span>diverse industry sectors</span> (oil and gas, telecom, metals and mining, consumer goods, chemicals, power generation) in developing and implementing sustainability strategies, enterprise wide sustainability and EHS performance management solutions, environmental and safety compliance systems in supply chains across <span>USA, Southern Africa, South-east Asia and the Middle East.</span> He was one of the founding members of the Sustainability practice based out of India. He has also worked at <span>Schneider Electric</span> as a <span>Business Development and Strategy Manger</span> leading the <span>Remote Energy Management (REM)</span> and with <span>Trinity Consultants (USA)</span> as a <span>Senior Environmental Consultant.</span></p>\r\n<ul>\r\n<li><img src=\"themes/cart/images/mail_icon.png\" alt=\"\" /> <label>abhishek.srivastava@mbatrek.com</label></li>\r\n<li><img src=\"themes/cart/images/phone_intro_icon.png\" alt=\"\" /> <span>+91-8800466800</span></li>\r\n</ul>\r\n</div>\r\n</div>\r\n</div>'),(24,'abbhishek','<span>Edit Me</span>'),(25,'blog','<div class=\"blog_new_container\">\r\n<div class=\"blog_header\">\r\n<div class=\"container\">\r\n<div class=\"col-md-4\">\r\n<div class=\"header_btn\"><a class=\"active_high\" href=\"javascript:void(0);\">Recent Updates</a></div>\r\n</div>\r\n<div class=\"col-md-4\">\r\n<div class=\"header_btn\"><a href=\"javascript:void(0);\">Job Ready</a></div>\r\n</div>\r\n<div class=\"col-md-4\">\r\n<div class=\"header_btn\"><a href=\"javascript:void(0);\">CXO\'s Thoughts</a></div>\r\n</div>\r\n</div>\r\n</div>\r\n<div class=\"container\">\r\n<div class=\"blog_container\">\r\n<h3>Helping you make the most of your career</h3>\r\n<div class=\"our_blog\">\r\n<div class=\"row\">\r\n<div class=\"col-md-4 col-sm-4 col-xs-6\">\r\n<div class=\"blog_block\">\r\n<ul class=\"list-unstyled\">\r\n<li><span class=\"date_blog\">03</span> <span class=\"month_blog\">Aug</span></li>\r\n<li><img src=\"images/comment_icon.png\" alt=\"\" /> <span class=\"comment_blog\">17</span></li>\r\n</ul>\r\n<div class=\"blog_img\"><img class=\"img-responsive\" src=\"images/blog_img.jpg\" alt=\"\" /></div>\r\n<div class=\"blog_content\">\r\n<div class=\"blog_info\"><a href=\"../site/blogdetails/12\">Tips on GD</a>\r\n<p>Why is it done? GD is used to assess group skills that cannot be judged in an...</p>\r\n<div class=\"blog_btn\">\r\n<div class=\"site_btn\"><a class=\"raised ripple has-ripple\" href=\"../site/blogdetails/12\">Read more</a></div>\r\n</div>\r\n</div>\r\n</div>\r\n</div>\r\n</div>\r\n<div class=\"col-md-4 col-sm-4 col-xs-6\">\r\n<div class=\"blog_block\">\r\n<ul class=\"list-unstyled\">\r\n<li><span class=\"date_blog\">28</span> <span class=\"month_blog\">Jan</span></li>\r\n<li><img src=\"images/comment_icon.png\" alt=\"\" /> <span class=\"comment_blog\">17</span></li>\r\n</ul>\r\n<div class=\"blog_img\"><img class=\"img-responsive\" src=\"images/blog_img.jpg\" alt=\"\" /></div>\r\n<div class=\"blog_content\">\r\n<div class=\"blog_info\"><a href=\"../site/blogdetails/1\">Problems with management education in India</a>\r\n<p>The problem which students of India are facing is that after completing 2...</p>\r\n<div class=\"blog_btn\">\r\n<div class=\"site_btn\"><a class=\"raised ripple has-ripple\" href=\"../site/blogdetails/1\">Read more</a></div>\r\n</div>\r\n</div>\r\n</div>\r\n</div>\r\n</div>\r\n<div class=\"col-md-4 col-sm-4 col-xs-6\">\r\n<div class=\"blog_block\">\r\n<ul class=\"list-unstyled\">\r\n<li><span class=\"date_blog\">16</span> <span class=\"month_blog\">Mar</span></li>\r\n<li><img src=\"images/comment_icon.png\" alt=\"\" /> <span class=\"comment_blog\">17</span></li>\r\n</ul>\r\n<div class=\"blog_img\"><img class=\"img-responsive\" src=\"images/blog_img.jpg\" alt=\"\" /></div>\r\n<div class=\"blog_content\">\r\n<div class=\"blog_info\"><a href=\"../site/blogdetails/11\">CHASE</a>\r\n<p>Why do employers prefer one candidate over others? Why do some people...</p>\r\n<div class=\"blog_btn\">\r\n<div class=\"site_btn\"><a class=\"raised ripple has-ripple\" href=\"../site/blogdetails/11\">Read more</a></div>\r\n</div>\r\n</div>\r\n</div>\r\n</div>\r\n</div>\r\n<div class=\"col-md-12 col-sm-12 col-xs-12\">&nbsp;</div>\r\n</div>\r\n</div>\r\n</div>\r\n</div>\r\n</div>'),(26,'blog_detail','<div class=\"blog_new_container_details\">\r\n<div class=\"blog_header\">\r\n<div class=\"container\">\r\n<div class=\"col-md-4\">\r\n<div class=\"header_btn\"><a class=\"active_high\" href=\"javascript:void(0);\">Recent Updates</a></div>\r\n</div>\r\n<div class=\"col-md-4\">\r\n<div class=\"header_btn\"><a href=\"javascript:void(0);\">Recent Updates</a></div>\r\n</div>\r\n<div class=\"col-md-4\">\r\n<div class=\"header_btn\"><a href=\"javascript:void(0);\">Recent Updates</a></div>\r\n</div>\r\n</div>\r\n</div>\r\n<div class=\"container\">\r\n<div class=\"blog_container\">\r\n<h3>Helping you make the most of your career</h3>\r\n<div class=\"blog_details\">\r\n<div class=\"blog_heading\">\r\n<h2>Tips on GD</h2>\r\n<ul class=\"list-inline list-unstyled\">\r\n<li><span class=\"posted_by\">By: Ayushi Gupta</span></li>\r\n<li><span class=\"posted_on\">On: 03 Aug, 2017</span></li>\r\n</ul>\r\n</div>\r\n<div class=\"blog_header\"><img class=\"img-responsive\" src=\"images/blog_Details_img.png\" alt=\"\" /></div>\r\n<div class=\"row\">\r\n<div class=\"col-md-9 col-sm-9 col-xs-12\">\r\n<div class=\"share_post\">\r\n<ul class=\"list-inline list-unstyled\">\r\n<li><a class=\"comment_post\" href=\"javascript:void(0);\">0Comments</a></li>\r\n<li><!-- <a href=\"javascript:void(0);\" class=\"share_post_b jssocials\" id=\"share\"> -->\r\n<div class=\"jssocials-shares\">&nbsp;</div>\r\n<!-- </a> --></li>\r\n</ul>\r\n</div>\r\n<div class=\"leave_comment\">\r\n<h2>Leave A Comment</h2>\r\n<div class=\"leave_comment_form\"><form id=\"blog-comment\" class=\"form-horizontal form-vertical\" action=\"/site/blogdetails/12\" method=\"post\">\r\n<div class=\"phAnimate\">\r\n<div class=\"phAnimate\"><label for=\"firstname\">Your Message <em>*</em></label> <textarea id=\"comment\" name=\"comment\"></textarea></div>\r\n</div>\r\n<div class=\"phAnimate\"><label for=\"lastname\">Your Name <em>*</em></label> <input id=\"name\" class=\"input_field\" type=\"text\" name=\"name\" /></div>\r\n<div class=\"phAnimate\"><label for=\"lastname\">Your Email <em>*</em></label> <input id=\"email\" class=\"input_field\" type=\"text\" name=\"email\" /></div>\r\n<div class=\"blog_btn\">\r\n<div class=\"site_btn\"><a class=\"raised ripple has-ripple\" onclick=\"$(\'#blog-comment\').submit()\" href=\"javascript:void(0);\">Submit Comment</a></div>\r\n</div>\r\n</form></div>\r\n</div>\r\n<div class=\"comment_reply\">\r\n<h3 class=\"main_comment\">Comments (0)</h3>\r\n<!--    <div class=\"login_to_comment\">\r\n							<div class=\"site_btn\"><a data-toggle=\"modal\" data-target=\"#myModal1\" class=\"raised ripple has-ripple\" href=\"#myModal1\">Login to Comment</a></div>\r\n							<span class=\"login_comment\">Don\'t have an account? <a href=\"/site/index\">Sign up</a> now</span>\r\n						</div> -->\r\n<div class=\"comment_blocker\">&nbsp;</div>\r\n</div>\r\n</div>\r\n<div class=\"col-md-3 col-sm-3 col-xs-12\">\r\n<div class=\"categories_container\">\r\n<div class=\"block_catry\">\r\n<h2>Category</h2>\r\n<ul class=\"list-unstyled\">\r\n<li><a href=\"../blogs?cat_id=1\">- Digital</a></li>\r\n<li><a href=\"../blogs?cat_id=2\">- Skill development</a></li>\r\n<li><a href=\"../blogs?cat_id=3\">- Management</a></li>\r\n<li><a href=\"../blogs?cat_id=4\">- Live Projects</a></li>\r\n<li><a href=\"../blogs?cat_id=5\">- Readiness for placement</a></li>\r\n</ul>\r\n</div>\r\n<div class=\"block_catry\">\r\n<h2>Latest POSTS</h2>\r\n<ul class=\"list-unstyled\">\r\n<li><img src=\"images/blog_img.jpg\" alt=\"\" /> <a href=\"../site/blogdetails/12\">Tips on GD</a></li>\r\n<li><img src=\"images/blog_img.jpg\" alt=\"\" /> <a href=\"../site/blogdetails/1\">Problems with management education in India</a></li>\r\n<li><img src=\"images/blog_img.jpg\" alt=\"\" /> <a href=\"../site/blogdetails/11\">CHASE</a></li>\r\n</ul>\r\n</div>\r\n</div>\r\n</div>\r\n</div>\r\n</div>\r\n</div>\r\n</div>\r\n</div>'),(27,'contact','<div class=\"contact_container_page\">\r\n<div class=\"container\">\r\n<div class=\"maine_contact_heading\">\r\n<h2>Let&rsquo;s Connect</h2>\r\n<h3>Looking forward to transforming you</h3>\r\n<div class=\"row\">\r\n<div class=\"col-md-6\">\r\n<div class=\"row\">\r\n<div class=\"col-md-6\">\r\n<div class=\"contact_info_div margin-0\">\r\n<div class=\"phAnimate\"><label for=\"lastname\">First Name <em>*</em></label> <input id=\"name\" class=\"input_field\" type=\"text\" name=\"name\" /></div>\r\n</div>\r\n</div>\r\n<div class=\"col-md-6\">\r\n<div class=\"contact_info_div margin-0\">\r\n<div class=\"phAnimate\"><label for=\"lastname\">Last Name <em>*</em></label> <input id=\"name\" class=\"input_field\" type=\"text\" name=\"name\" /></div>\r\n</div>\r\n</div>\r\n<div class=\"col-md-6\">\r\n<div class=\"contact_info_div\">\r\n<div class=\"phAnimate\"><label for=\"lastname\">Email <em>*</em></label> <input id=\"name\" class=\"input_field\" type=\"text\" name=\"name\" /></div>\r\n</div>\r\n</div>\r\n<div class=\"col-md-6\">\r\n<div class=\"contact_info_div\">\r\n<div class=\"phAnimate\"><label for=\"lastname\">Mobile No. <em>*</em></label> <input id=\"name\" class=\"input_field\" type=\"text\" name=\"name\" /></div>\r\n</div>\r\n</div>\r\n<div class=\"col-md-12\">\r\n<div class=\"are_yu\"><label>Are You?</label>\r\n<ul>\r\n<li>\r\n<div class=\"check_box\"><input id=\"checkboxG1\" class=\"css-checkbox\" type=\"checkbox\" name=\"checkboxG1\" /> <label class=\"css-label\" for=\"checkboxG1\">Company Rep</label></div>\r\n</li>\r\n<li>\r\n<div class=\"check_box\"><input id=\"checkboxG2\" class=\"css-checkbox\" type=\"checkbox\" name=\"checkboxG2\" /> <label class=\"css-label\" for=\"checkboxG2\">Institute Rep</label></div>\r\n</li>\r\n<li>\r\n<div class=\"check_box\"><input id=\"checkboxG3\" class=\"css-checkbox\" type=\"checkbox\" name=\"checkboxG3\" /> <label class=\"css-label\" for=\"checkboxG3\">College Student</label></div>\r\n</li>\r\n<li>\r\n<div class=\"check_box\"><input id=\"checkboxG4\" class=\"css-checkbox\" type=\"checkbox\" name=\"checkboxG4\" /> <label class=\"css-label\" for=\"checkboxG4\">Young professional</label></div>\r\n</li>\r\n</ul>\r\n</div>\r\n</div>\r\n<div class=\"col-md-12\">\r\n<div class=\"contact_info_div\">\r\n<div class=\"phAnimate\"><label for=\"lastname\">Name of Company / Institute <em>*</em></label> <input id=\"name\" class=\"input_field\" type=\"text\" name=\"name\" /></div>\r\n</div>\r\n</div>\r\n<div class=\"col-md-12\">\r\n<div class=\"contact_info_div\">\r\n<div class=\"phAnimate\"><label for=\"lastname\">Subject <em>*</em></label> <input id=\"name\" class=\"input_field\" type=\"text\" name=\"name\" /></div>\r\n</div>\r\n</div>\r\n<div class=\"col-md-12\">\r\n<div class=\"contact_info_div\">\r\n<div class=\"phAnimate\"><label for=\"firstname\">Your Message <em>*</em></label> <textarea id=\"comment\" name=\"comment\"></textarea></div>\r\n</div>\r\n</div>\r\n</div>\r\n</div>\r\n<div class=\"col-md-6\">\r\n<div class=\"google_information\">\r\n<div class=\"gogle_map\"><img src=\"images/map_icon.png\" alt=\"\" /></div>\r\n<div class=\"google_map_info\">\r\n<h3>MBAtrek Private Ltd.</h3>\r\n<label>414 (4th Floor), Suncity Business Tower, </label> <label>Golf Course Road, Sector -54, </label> <label>Gurugram &ndash; 122003, INDIA</label> <label>Email: contact@mbatrek.com</label></div>\r\n</div>\r\n</div>\r\n</div>\r\n<div class=\"capcha_div\"><img src=\"images/capcha.png\" alt=\"\" />\r\n<div class=\"submit_form_btn\"><a href=\"javascrip:void(0);\">Submit</a></div>\r\n</div>\r\n</div>\r\n</div>\r\n</div>'),(28,'mbatrek_on_the_ground','<div class=\"ground_mbatrek\">\r\n<div class=\"container\">\r\n<h3>#MBAtrek On the Ground</h3>\r\n<div class=\"event_container\">\r\n<h4>Event Name</h4>\r\n<div class=\"eventbanner\"><img src=\"images/blog_Details_img.png\" alt=\"\" />\r\n<p>DescriptionDescription Description Description Description Description</p>\r\n<div class=\"more_about_plan\"><label>To know more about our programs, <a href=\"javascript:void(0);\">Click Here</a> </label></div>\r\n</div>\r\n</div>\r\n</div>\r\n</div>'),(29,'faq','<div class=\"faq_new_container\">\r\n<div class=\"container\">\r\n<h3>We at MBAtrek are here to help with all your career development needs Feel Free to Explore.</h3>\r\n<h4>Expand the following drop-downs for answers to frequently asked questions.</h4>\r\n<div class=\"faq_Container\">\r\n<div class=\"tabbable-panel\">\r\n<div class=\"tabbable-line\">\r\n<ul class=\"nav nav-tabs \">\r\n<li class=\"active\"><a href=\"#tab_default_1\" data-toggle=\"tab\"> Student </a></li>\r\n<li><a href=\"#tab_default_2\" data-toggle=\"tab\"> Institute </a></li>\r\n<li><a href=\"#tab_default_3\" data-toggle=\"tab\"> Industry </a></li>\r\n</ul>\r\n<div class=\"tab-content\">\r\n<div id=\"tab_default_1\" class=\"tab-pane active\">\r\n<ul id=\"\" class=\"accordion\">\r\n<li>\r\n<div class=\"link\">Who is a career adviser?</div>\r\n<div class=\"submenu\">\r\n<p>The career adviser will act as a life-coach for the students and will help them in solving their issues in the best possible manner.</p>\r\n</div>\r\n</li>\r\n<li>\r\n<div class=\"link\">Does MBAtrek provide Placement Guarantee?</div>\r\n<div class=\"submenu\">\r\n<p>MBAtrek is not a placement agency so it cannot guarantee placements and it believes that no one can guarantee it but can prepare the students in such a way that they have an edge over others in the placement process</p>\r\n</div>\r\n</li>\r\n<li>\r\n<div class=\"link\">How MBAtrek will help the students?</div>\r\n<div class=\"submenu\">\r\n<p>MBAtrek will provide the students with a global curriculum, practical knowledge, problem-solving skills and thus making the student Industry Ready and Relevant. Our expert team will enable the students to become an effective and efficient Executive in no time.</p>\r\n</div>\r\n</li>\r\n<li>\r\n<div class=\"link\">Can students visit the office for any queries faced during the program?</div>\r\n<div class=\"submenu\">\r\n<p>Yes, MBAtrek is like a second home for the students and the students can anytime approach the company\'s office for any query.</p>\r\n</div>\r\n</li>\r\n<li>\r\n<div class=\"link\">What is there for a student when the course is over?</div>\r\n<div class=\"submenu\">\r\n<p>This course will create a lifelong impact in students life making them Industry Ready and Relevant. Students can anytime after the course ask their queries and can be connected to our Industry Links.</p>\r\n</div>\r\n</li>\r\n<li>\r\n<div class=\"link\">Does MBAtrek provide any certification for the program to the students?</div>\r\n<div class=\"submenu\">\r\n<p>No, we believe that certification cannot prove your skills. It is the knowledge which student carries and the way he conducts. That know-how is what MBAtrek will teach students by practical application and not by certification.</p>\r\n</div>\r\n</li>\r\n<li>\r\n<div class=\"link\">How MBAtrek will deliver its objective?</div>\r\n<div class=\"submenu\">\r\n<p>There are series of simulation games, skill test, classes, practical examples, live projects, internships and much more that helps MBAtrek in delivering the objective.</p>\r\n</div>\r\n</li>\r\n<li>\r\n<div class=\"link\">How is the performance of students measured and evaluated?</div>\r\n<div class=\"submenu\">\r\n<p>Each student is allotted a career advisor which acts as a mentor for his query handling and evaluation apart from this there are tests, case studies, webinar etc that helps in evaluation of students performance.</p>\r\n</div>\r\n</li>\r\n<li>\r\n<div class=\"link\">How can I get my Institute registered?</div>\r\n<div class=\"submenu\">\r\n<p>You just need to register your institute in our website after which MBAtrek representative will give you a call for further process and detailing.</p>\r\n</div>\r\n</li>\r\n<li>\r\n<div class=\"link\">Will MBAtrek help the Institutes in increasing placement record?</div>\r\n<div class=\"submenu\">\r\n<p>MBAtrek is not a placement agency but yes we assure that there will be a positive impact on students thought and an increase in their skillset which will ultimately lead to an increase in placement record.</p>\r\n</div>\r\n</li>\r\n</ul>\r\n</div>\r\n<div id=\"tab_default_2\" class=\"tab-pane\">\r\n<ul id=\"\" class=\"accordion\">\r\n<li>\r\n<div class=\"link\">What is \'One Point Contact\'?</div>\r\n<div class=\"submenu\">\r\n<p>One point contact is a medium through which we can maintain our never ending relationship via email. All the discussions related to Institute, Students and Industry will be done through this contact.</p>\r\n</div>\r\n</li>\r\n<li>\r\n<div class=\"link\">How to partner with MBAtrek?</div>\r\n<div class=\"submenu\">\r\n<p>Register your Institute from our website after which one of our career advisors will get back to you for the further discussions.</p>\r\n</div>\r\n</li>\r\n<li>\r\n<div class=\"link\">What is the course fees which Institute need to pay to partner with MBAtrek?</div>\r\n<div class=\"submenu\">\r\n<p>All the discussion regarding the fees will be decided through one to one discussion since we customize our modules according to the need and requirement of the Institute.</p>\r\n</div>\r\n</li>\r\n<li>\r\n<div class=\"link\">Will MBAtrek guarantee Placement of our students?</div>\r\n<div class=\"submenu\">\r\n<p>MBAtrek does not guarantee placement but we assure you that our program is an end to end solution which will definitely make students Industry Ready &amp; Relevant leading to an increase in placement trend. We will definitely assist you on-campus in any placement support you require from us.</p>\r\n</div>\r\n</li>\r\n</ul>\r\n</div>\r\n<div id=\"tab_default_3\" class=\"tab-pane\">\r\n<ul id=\"\" class=\"accordion\">\r\n<li>\r\n<div class=\"link\">What is \'One Point Contact\' ?</div>\r\n<div class=\"submenu\">\r\n<p>One point contact is a medium through which we can maintain our never ending relationship via mail. All the discussions, query handling, Institute discussions and fixing of meetings will be done through this contact</p>\r\n</div>\r\n</li>\r\n<li>\r\n<div class=\"link\">Is there any cost involved in the process to be bore by me ?</div>\r\n<div class=\"submenu\">\r\n<p>No, we believe in improving employability and skills. Thus, MBAtrek will take all necessary steps to connect Industry with the Institutes and students</p>\r\n</div>\r\n</li>\r\n<li>\r\n<div class=\"link\">How do I modify a vacancy already posted by me ?</div>\r\n<div class=\"submenu\">\r\n<p>You can anytime write to us and our team will modify all our posted vacancies-Internships, Live Projects, Placements etc.</p>\r\n</div>\r\n</li>\r\n<li>\r\n<div class=\"link\">How can I keep a track on posting activity for my account ?</div>\r\n<div class=\"submenu\">\r\n<p>Our team will timely notify you on your posted applications through your \'One Point Contact\'</p>\r\n</div>\r\n</li>\r\n<li>\r\n<div class=\"link\">How do I view the applications/responses received for the vacancy that I have posted ?</div>\r\n<div class=\"submenu\">\r\n<p>Our team will timely notify you on your posted applications through your \'One Point Contact\'</p>\r\n</div>\r\n</li>\r\n<li>\r\n<div class=\"link\">Can I enter multiple jobs ?</div>\r\n<div class=\"submenu\">\r\n<p>Yes, one can enter as many jobs as they want</p>\r\n</div>\r\n</li>\r\n<li>\r\n<div class=\"link\">Is there any time frame for posting any vacancy ?</div>\r\n<div class=\"submenu\">\r\n<p>No, there is no assigned time for your postings. However, availability of students depends on their respective Institute</p>\r\n</div>\r\n</li>\r\n<li>\r\n<div class=\"link\">Is my profile visible to all ?</div>\r\n<div class=\"submenu\">\r\n<p>MBAtrek believes in high security standards and therefore your credentials will be visible to you and our team</p>\r\n</div>\r\n</li>\r\n<li>\r\n<div class=\"link\">What if I have a problem with one of the candidate sent by your company(MBAtrek) ?</div>\r\n<div class=\"submenu\">\r\n<p>We will regularly monitor the hire to ensure better efficiency.But,if in case it happens,you can directly write to us</p>\r\n</div>\r\n</li>\r\n</ul>\r\n</div>\r\n</div>\r\n</div>\r\n</div>\r\n<div class=\"fq_footer\"><label>Still stuck with your problem? <span>Contact us at</span> <span class=\"color_span\"> contact@mbatrek.com</span> or Talk to Our <span>Career Advisor at</span> <span class=\"color_span\">+91 98219 48334</span> </label></div>\r\n</div>\r\n</div>\r\n</div>'),(30,'talk_advisory','<span>Edit Me</span>');
/*!40000 ALTER TABLE `content_json` ENABLE KEYS */;
UNLOCK TABLES;

--
-- Table structure for table `product_category`
--

DROP TABLE IF EXISTS `product_category`;
/*!40101 SET @saved_cs_client     = @@character_set_client */;
/*!40101 SET character_set_client = utf8 */;
CREATE TABLE `product_category` (
  `id` int(11) NOT NULL AUTO_INCREMENT,
  `category` varchar(255) NOT NULL,
  PRIMARY KEY (`id`)
) ENGINE=InnoDB AUTO_INCREMENT=3 DEFAULT CHARSET=latin1;
/*!40101 SET character_set_client = @saved_cs_client */;

--
-- Dumping data for table `product_category`
--

LOCK TABLES `product_category` WRITE;
/*!40000 ALTER TABLE `product_category` DISABLE KEYS */;
INSERT INTO `product_category` VALUES (1,'The 1st Milestone of your MBA journey is getting a good Internship...'),(2,'...followed by a rigorous and intense final placement process');
/*!40000 ALTER TABLE `product_category` ENABLE KEYS */;
UNLOCK TABLES;

--
-- Table structure for table `product_engage`
--

DROP TABLE IF EXISTS `product_engage`;
/*!40101 SET @saved_cs_client     = @@character_set_client */;
/*!40101 SET character_set_client = utf8 */;
CREATE TABLE `product_engage` (
  `id` int(11) NOT NULL AUTO_INCREMENT,
  `product_id` int(11) NOT NULL,
  `description` varchar(255) NOT NULL,
  `description2` varchar(255) NOT NULL,
  `icon` varchar(255) NOT NULL,
  PRIMARY KEY (`id`),
  KEY `product_id` (`product_id`),
  CONSTRAINT `product_engage_ibfk_1` FOREIGN KEY (`product_id`) REFERENCES `products` (`id`) ON DELETE CASCADE ON UPDATE CASCADE
) ENGINE=InnoDB AUTO_INCREMENT=57 DEFAULT CHARSET=latin1;
/*!40101 SET character_set_client = @saved_cs_client */;

--
-- Dumping data for table `product_engage`
--

LOCK TABLES `product_engage` WRITE;
/*!40000 ALTER TABLE `product_engage` DISABLE KEYS */;
INSERT INTO `product_engage` VALUES (13,17,'An assessment to get more insights about yourself','Self Assessment','lsPmjNSD1dself_assesment.png'),(14,17,'Identify the skills which make you a right fit for marketing domain','Skill Map','plRHLRUqe6skill_map.png'),(15,17,'Help build skills for conducting company and industry analysis','Industry and Company Analysis','yq6ziC3AXjindustry.png'),(16,17,'Targeting the right job based on your skills and fitment ','Job Profile and Fitment Analysis','lTirgkVZZDob.png'),(17,17,'Help structure and build your resume for specific profiles','Resume Diagnostic','TpE7LMV7b2resume.png'),(18,17,'Use 1 to 1 sessions to help you prepare for the real test','GD and P1 Preparation','w05scS7gozgd.png'),(20,18,'Fill-in the background Information form','background information','6GSG4HDUEpserach_icon_an.png'),(21,18,'Make your selection of 5 industries','Industry Selectio','8owZwQSoZCcircle_hand.png'),(22,18,'1-page cheat sheet on how to do industry analysis','Cheat Sheet','7xMCqD4GYLcirlce_file.png'),(23,18,'Completed industry analysis for 5 industries of your choice','5 Completed industry Analysis','xJRYm38ZsIfile_hide.png'),(24,18,'Understand how to use the industry analysis','Industry Analysis Explation','qaopgwycOOman_grapj.png'),(25,18,'a template to help you do industry analysis yourself in future','industry analysis template','znjtEyGaudfile_graph.png'),(27,21,'Fill-in the background Information form','background information','9xcAebqARmserach_icon_an.png'),(28,21,'Make your selection of 20 companie','Company Selection','QDaxrRUbnB'),(29,21,'Fill-in the background Information form','background information','GrsL7E2phJcirlce_file.png'),(30,21,'Fill-in the background Information form','background information','rT1ciTVRPQfile_hide.png'),(31,21,'Fill-in the background Information form','background information','CYWolljM1zman_grapj.png'),(32,21,'Fill-in the background Information form','background information','kUexS39lbgfile_graph.png'),(34,22,'Fill-in the background Information form','background information','vH8v4mcAHgserach_icon_an.png'),(35,22,'Fill-in the background Information form','background information','K0J4wFjvnypancil_icon.png'),(36,22,'Fill-in the background Information form','background information','2w6dWRXW0Uchair_icon.png'),(37,22,'Fill-in the background Information form','background information','jP4xS8aoM1face_new.png'),(38,22,'Fill-in the background Information form','background information','Gsf16zv3SEnew_pencil.png'),(39,22,'Fill-in the background Information form','background information','r8WsyLuDH2dbrif.png'),(40,23,'Fill-in the background Information form','background information','Y0fzrvdenyserach_icon_an.png'),(41,23,'Select different question buckets based on your requirement','Buket Selection','h9NcWkqZHTbuket_icon.png'),(42,23,'Get the Questions from selected bucket along with ways to answer them','final test','4a2aesq6egfinal_Test.png'),(43,23,'Understanding how to best use the final set','Briefing','jJftQc55cfbeifing_icon.png'),(44,24,'Fill-in the background Information form','background information','sXjG2z257wbackground-info.png'),(45,24,'Fill-in the background Information form','Self Introduction','HvWZ9NLa9MUntitled-8.png'),(46,24,'Get the Quality score for your LinkedIn profile','Quality Scrore','e69KT9PLHuquality_scroe.png'),(47,24,'Guidelines and templates to build LinkedIn Profile','cheet sheet','ViJtWvtqTFcheet-sheet.png'),(48,24,'Review of the first draft and recommendations ','First Draft Review','oLluNe5WEBfirst_draf_Review.png'),(49,24,'Next round of one to one discussion to finalize the profile','Second Discussions','jEg6Ig1rSYsecond_discussion.png'),(51,25,'Fill-in the background Information form','background information','Fz74ZjQtNRserach_icon_an.png'),(52,25,'First one to one session with the experts.','Self Introduction','OqDLol5Udlself_introduction.png'),(53,25,'Get the Quality score for your LinkedIn profile','Quality Scrore','wY8A8xylIRquestion_nair.png'),(54,25,'Guidelines and templates to build LinkedIn Profile','cheet sheet','CaLjxHoae7file_hide.png'),(55,25,'Review of the first draft and recommendations ','Second Discussions','F9Uee23X4Cmeeting_icon.png'),(56,25,'Understanding how to best use LinkedIn','Dbrief','Kh4sBbmfRIrecomadation_icon.png');
/*!40000 ALTER TABLE `product_engage` ENABLE KEYS */;
UNLOCK TABLES;

--
-- Table structure for table `product_include`
--

DROP TABLE IF EXISTS `product_include`;
/*!40101 SET @saved_cs_client     = @@character_set_client */;
/*!40101 SET character_set_client = utf8 */;
CREATE TABLE `product_include` (
  `id` int(11) NOT NULL AUTO_INCREMENT,
  `product_id` int(11) NOT NULL,
  `description` varchar(255) NOT NULL,
  `logo` varchar(255) NOT NULL,
  PRIMARY KEY (`id`),
  KEY `product_id` (`product_id`),
  CONSTRAINT `product_include_ibfk_1` FOREIGN KEY (`product_id`) REFERENCES `products` (`id`) ON DELETE CASCADE ON UPDATE CASCADE
) ENGINE=InnoDB AUTO_INCREMENT=32 DEFAULT CHARSET=latin1;
/*!40101 SET character_set_client = @saved_cs_client */;

--
-- Dumping data for table `product_include`
--

LOCK TABLES `product_include` WRITE;
/*!40000 ALTER TABLE `product_include` DISABLE KEYS */;
INSERT INTO `product_include` VALUES (7,17,' One-to-one Discussions: 2 sessions (Half an hour each)','onetoone_icon.png'),(8,17,'2 sessions (Half an hour each)','one_page_item.png'),(11,17,'Assessment Score','YAVJgMBs3Sassesment_new.png'),(12,18,'One-to-one Discussions: one-hour session','qVA5zRbNRronetoone_icon.png'),(13,18,'1-page Cheat Sheet','aaENq2rFgGone_page_item.png'),(14,18,'10 Companies Covered Completed 5-slide deck for each company','cFnm72JDfocompition_icon.png'),(15,21,'One-to-one Discussions: one-hour session','oWH35KUWPronetoone_icon.png'),(16,21,'1-page Cheat Sheet','higqvakWd0one_page_item.png'),(17,21,'10 Companies Covered Completed 5-slide deck for each company','wTCv2u7mAJcompition_icon.png'),(18,22,'One-to-one Discussions: one-hour session','cN1sp6zxNsonetoone_icon.png'),(19,22,'Key Do’s and Don’ts','IYN33eh9ilkey_do.png'),(20,22,'Roles to play in a GD','NPEmwYNsn5face_icon.png'),(21,23,' Functional: Your area of specialization','gmapQnzRcgfunctional_icon.png'),(22,23,' Personality Questions to evaluate your attitude and behavior','wT9h5eHDRnpersonality_icon.png'),(23,23,'Industry: Types of questions asked by companies in an industry','bRebW8okZxindustry_icon_new.png'),(24,23,'Company: Type of questions asked in your dream company','eruuKmPkzecompany_icpn.png'),(25,24,'One-to-one Discussions: one-hour session','8JMTc1RVCEonetoone_icon.png'),(26,24,'2 sessions (Half an hour each)','8ONOKF2YVkone_page_item.png'),(27,24,'Assessment Score','GwZxjI6ZkJassesment_new.png'),(28,25,'One-to-one Discussions: one-hour session','k03pDkUll1onetoone_icon.png'),(29,25,'2 sessions (Half an hour each)','JkeUJX6xXdone_page_item.png'),(30,25,'Assessment Score','4uxNEACxTYassesment_new.png'),(31,26,'jhjj','cybA9K5WCZnoun_Thinking_227856.png');
/*!40000 ALTER TABLE `product_include` ENABLE KEYS */;
UNLOCK TABLES;

--
-- Table structure for table `product_key_outcome`
--

DROP TABLE IF EXISTS `product_key_outcome`;
/*!40101 SET @saved_cs_client     = @@character_set_client */;
/*!40101 SET character_set_client = utf8 */;
CREATE TABLE `product_key_outcome` (
  `id` int(11) NOT NULL AUTO_INCREMENT,
  `product_id` int(11) NOT NULL,
  `description` varchar(255) NOT NULL,
  `icon` varchar(255) NOT NULL,
  PRIMARY KEY (`id`),
  KEY `product_id` (`product_id`),
  CONSTRAINT `product_key_outcome_ibfk_1` FOREIGN KEY (`product_id`) REFERENCES `products` (`id`) ON DELETE CASCADE ON UPDATE CASCADE
) ENGINE=InnoDB AUTO_INCREMENT=28 DEFAULT CHARSET=latin1;
/*!40101 SET character_set_client = @saved_cs_client */;

--
-- Dumping data for table `product_key_outcome`
--

LOCK TABLES `product_key_outcome` WRITE;
/*!40000 ALTER TABLE `product_key_outcome` DISABLE KEYS */;
INSERT INTO `product_key_outcome` VALUES (7,17,'Understanding Career prospects','understaning_carrer.png'),(8,17,'Get a Fully Prepared LinkedIn Profile','fully_prepared.png'),(9,17,'Increase the Chances of being shortlisted','increasing_graph.png'),(10,18,'Choose the company you are right fit for','jQChRACuDZtag_icon.png'),(11,18,'Be prepared for the placement season','YaTR0GLzW2powers.png'),(12,21,'Choose the company you are right fit for','St2re1Uva5tag_icon.png'),(13,21,'Be prepared for the placement season','5PsDfvBkcCpowers.png'),(16,22,'Increase in level of confidence','SepkxjPuhTincrease_in.png'),(17,22,'Learn to stand out in GD','GS9z4t0vO7learn_to.png'),(18,22,'Better prepared for upcoming placements','oJLyAZkygzbetter_pretent.png'),(19,23,'Know important interview questions','VZxjenTbbnknow_important.png'),(20,23,'How to answer questions in a structured approach','HjU31gx5pnanswer_question.png'),(21,23,'Increase the Chances of being shortlisted','6I8sXJSBkkincreasing_graph.png'),(22,24,'Get a Fully Prepared LinkedIn Profile','1kKBRCUhuHfully_prepared.png'),(23,24,'Create your own Brand','8Wah8dRt1Zcreat_own.png'),(24,24,'Be prepared for the placement season','INzGCDUatBincreasing_graph.png'),(25,25,'Get a Fully Prepared LinkedIn Profile','oj7JYq31zffully_prepared.png'),(26,25,'Rehearse your Story','IiXCr2d4D5research_book.png'),(27,25,'Increase the Chances of being shortlisted','k6ovowHh1gincreasing_graph.png');
/*!40000 ALTER TABLE `product_key_outcome` ENABLE KEYS */;
UNLOCK TABLES;

--
-- Table structure for table `product_key_points`
--

DROP TABLE IF EXISTS `product_key_points`;
/*!40101 SET @saved_cs_client     = @@character_set_client */;
/*!40101 SET character_set_client = utf8 */;
CREATE TABLE `product_key_points` (
  `id` int(11) NOT NULL AUTO_INCREMENT,
  `product_id` int(11) NOT NULL,
  `points` varchar(255) NOT NULL,
  PRIMARY KEY (`id`),
  KEY `product_id` (`product_id`),
  CONSTRAINT `product_key_points_ibfk_1` FOREIGN KEY (`product_id`) REFERENCES `products` (`id`) ON DELETE CASCADE ON UPDATE CASCADE
) ENGINE=InnoDB AUTO_INCREMENT=14 DEFAULT CHARSET=latin1;
/*!40101 SET character_set_client = @saved_cs_client */;

--
-- Dumping data for table `product_key_points`
--

LOCK TABLES `product_key_points` WRITE;
/*!40000 ALTER TABLE `product_key_points` DISABLE KEYS */;
INSERT INTO `product_key_points` VALUES (4,17,'Understand your career prospects.'),(5,17,'Rehearse your story.'),(9,21,'Understand your career prospects.'),(10,22,'Understand your career prospects.'),(11,23,'Understand your career prospects.'),(12,24,'Understand your career prospects.'),(13,25,'Understand your career prospects.');
/*!40000 ALTER TABLE `product_key_points` ENABLE KEYS */;
UNLOCK TABLES;

--
-- Table structure for table `product_recommended_value_saver_pack`
--

DROP TABLE IF EXISTS `product_recommended_value_saver_pack`;
/*!40101 SET @saved_cs_client     = @@character_set_client */;
/*!40101 SET character_set_client = utf8 */;
CREATE TABLE `product_recommended_value_saver_pack` (
  `id` int(11) NOT NULL AUTO_INCREMENT,
  `product_id` int(11) NOT NULL,
  `recommended_product_id` int(11) DEFAULT NULL,
  `title` varchar(255) NOT NULL,
  `short_description` varchar(255) NOT NULL,
  `icon` varchar(2555) NOT NULL,
  PRIMARY KEY (`id`),
  KEY `product_id` (`product_id`),
  KEY `recommended_product_id` (`recommended_product_id`),
  CONSTRAINT `product_recommended_value_saver_pack_ibfk_1` FOREIGN KEY (`product_id`) REFERENCES `products` (`id`) ON DELETE CASCADE ON UPDATE CASCADE
) ENGINE=InnoDB AUTO_INCREMENT=13 DEFAULT CHARSET=latin1;
/*!40101 SET character_set_client = @saved_cs_client */;

--
-- Dumping data for table `product_recommended_value_saver_pack`
--

LOCK TABLES `product_recommended_value_saver_pack` WRITE;
/*!40000 ALTER TABLE `product_recommended_value_saver_pack` DISABLE KEYS */;
INSERT INTO `product_recommended_value_saver_pack` VALUES (1,17,19,'Industry Ready','Choose your best fit','i2kk4xsC5hrecom_icon1.png'),(2,21,18,'Industry Ready','Choose your best fit','oQfsuv4jFjrecom_icon1.png'),(3,21,18,'Industry Ready','Choose your best fit','Wb9NouNuQ7recom_icon2.png'),(4,21,18,'Industry Ready','Choose your best fit','SLyQgvN9G8recom_icon3.png'),(6,22,0,'Industry Ready','Choose your best fit','ku5ZxDgY0Yrecom_icon1.png'),(7,22,0,'Industry Ready','Choose your best fit','eu5HolWMz8recom_icon2.png'),(8,22,0,'Industry Ready','Choose your best fit','oljf4gcqwmrecom_icon3.png'),(9,23,22,'Industry Ready','Choose your best fit','VjHNWjlMR1recom_icon1.png'),(10,24,0,'Industry Ready','Choose your best fit','gQAPCeHUFZrecom_icon1.png'),(11,24,0,'Industry Ready','Choose your best fit','1bjQzP7fjArecom_icon2.png'),(12,25,24,'Industry Ready','Choose your best fit','SpVTbtwFixrecom_icon1.png');
/*!40000 ALTER TABLE `product_recommended_value_saver_pack` ENABLE KEYS */;
UNLOCK TABLES;

--
-- Table structure for table `product_sub_category`
--

DROP TABLE IF EXISTS `product_sub_category`;
/*!40101 SET @saved_cs_client     = @@character_set_client */;
/*!40101 SET character_set_client = utf8 */;
CREATE TABLE `product_sub_category` (
  `id` int(11) NOT NULL AUTO_INCREMENT,
  `product_category_id` int(11) NOT NULL,
  `description` varchar(255) NOT NULL,
  PRIMARY KEY (`id`),
  KEY `product_category_id` (`product_category_id`),
  CONSTRAINT `product_sub_category_ibfk_1` FOREIGN KEY (`product_category_id`) REFERENCES `product_category` (`id`) ON DELETE CASCADE ON UPDATE CASCADE
) ENGINE=InnoDB AUTO_INCREMENT=5 DEFAULT CHARSET=latin1;
/*!40101 SET character_set_client = @saved_cs_client */;

--
-- Dumping data for table `product_sub_category`
--

LOCK TABLES `product_sub_category` WRITE;
/*!40000 ALTER TABLE `product_sub_category` DISABLE KEYS */;
INSERT INTO `product_sub_category` VALUES (1,1,'The 1st Milestone of your MBA journey is getting a good Internship...'),(2,2,'Let us help you in making the right choice....'),(3,2,'Let us help you in building your own Story....'),(4,2,'Let us help you secure that amazing job offer....');
/*!40000 ALTER TABLE `product_sub_category` ENABLE KEYS */;
UNLOCK TABLES;

--
-- Table structure for table `products`
--

DROP TABLE IF EXISTS `products`;
/*!40101 SET @saved_cs_client     = @@character_set_client */;
/*!40101 SET character_set_client = utf8 */;
CREATE TABLE `products` (
  `id` int(11) NOT NULL AUTO_INCREMENT,
  `title` varchar(255) NOT NULL,
  `logo` varchar(255) NOT NULL,
  `actuall_price` double(10,2) NOT NULL,
  `description` text NOT NULL,
  `description1` varchar(255) NOT NULL,
  `price` double(10,2) NOT NULL,
  `type` int(11) NOT NULL,
  `is_saver` int(11) NOT NULL,
  `product_sub_category_id` int(11) NOT NULL,
  `status` int(11) NOT NULL,
  PRIMARY KEY (`id`),
  KEY `product_sub_category_id` (`product_sub_category_id`),
  CONSTRAINT `products_ibfk_1` FOREIGN KEY (`product_sub_category_id`) REFERENCES `product_sub_category` (`id`) ON DELETE CASCADE ON UPDATE CASCADE
) ENGINE=InnoDB AUTO_INCREMENT=27 DEFAULT CHARSET=latin1;
/*!40101 SET character_set_client = @saved_cs_client */;

--
-- Dumping data for table `products`
--

LOCK TABLES `products` WRITE;
/*!40000 ALTER TABLE `products` DISABLE KEYS */;
INSERT INTO `products` VALUES (17,'InternARISE','1191494566interview1-green.png',2000.00,'<ul>\r\n<li><span>An assessment of cognitive and behavioral (EQ/EI) skills </span>to build a student specific profile in <span>terms of career preparedness</span></li>\r\n<li><span>Get a <span>fitment analysis </span>of industry, company and job profile you are best fit for</span></li>\r\n<li>Understand the <span>Build the <span>appropriate resume / CV </span>to meet job profile and tell your story right</span></li>\r\n<li>Learn how to exhibit best body language and maintain confidence in <span>interviews and GDs</span></li>\r\n<li>Understand how to<span> structure your thoughts and present it well in an interview </span></li>\r\n</ul>','Mapping your internship with final placement',1000.00,1,0,1,1),(18,'Industry Analysis','385864858industry-blue.png',2500.00,'<ul>\r\n<li>Have<span>talking points</span>about a industry in your interview</li>\r\n<li>understand <span>trends and insights</span>in an industry</li>\r\n<li>Have a <span>conversation / point of view</span>on an industry without having worked there</li>\r\n</ul>','Get a detail analysis of the selected industry according to your fitment',200.00,1,0,2,1),(19,'InternGO (InternACE+ARISE+PRO)','20155845721styear.jpg',3500.00,'<p>asdasd</p>','InternGO (InternACE+ARISE+PRO)',2800.00,1,1,1,1),(21,'Company Analysis','1733931248companyanalysis-blue.png',2000.00,'<ul>\r\n<li>Know the <span>insights / trends of various companies</span></li>\r\n<li>understand how <span>10 different companies work</span></li>\r\n<li>Understand the <span>value proposition</span> and how the company is doing</li>\r\n<li>gives you great <span>data points to talk about in interview</span></li>\r\n</ul>','Get a detail analysis of the selected company according to your fitment',2000.00,1,1,2,1),(22,'Cracking the GD','595630345groupdicussion-blue.png',600.00,'<ul>\r\n<li>Learn how to <span>put your point across impactfully</span></li>\r\n<li>Learn the <span>ebb and flow of a GD </span>and how to <span>contribute smoothly </span></li>\r\n<li>Understand how to <span>vopen and conclude a GD</span></li>\r\n<li>Get prepared for <span>different roles </span>that you paly in a GD</li>\r\n</ul>','Select the role you want to play in a GD & know how to go with the role.',600.00,1,0,4,1),(23,'Interview Q & A','156855932qandans-blue.png',700.00,'<h2>Includes</h2>\r\n<ul class=\"gd_ul\">\r\n<li>\r\n<div class=\"li_wrap\"><img src=\"images/functional_icon.png\" alt=\"\" /></div>\r\n<div class=\"li_Text_wrap\">Functional: <span>Your area of specialization</span></div>\r\n</li>\r\n<li>\r\n<div class=\"li_wrap\"><img src=\"images/personality_icon.png\" alt=\"\" /></div>\r\n<div class=\"li_Text_wrap\">Personality <span>Questions to evaluate your attitude and behavior </span></div>\r\n</li>\r\n<li>\r\n<div class=\"li_wrap\"><img src=\"images/industry_icon_new.png\" alt=\"\" /></div>\r\n<div class=\"li_Text_wrap\">Industry: <span>Types of questions asked by companies in an industry </span></div>\r\n</li>\r\n<li>\r\n<div class=\"li_wrap\"><img src=\"images/company_icpn.png\" alt=\"\" /></div>\r\n<div class=\"li_Text_wrap\">Company: <span>Type of questions asked in your dream company </span></div>\r\n</li>\r\n</ul>','Know how to answer interview questions & GET your prepared answer.',700.00,1,0,4,1),(24,'LinkedIn Diagnostic','615452144linkedIn-blue.png',2000.00,'<ul>\r\n<li>Understand how to create an<span>impactful &amp; complete LinkedIn profile</span></li>\r\n<li>Learn how to <span>increase your visiblity </span>among LinkedIn connections</li>\r\n<li>Know how to <span>apply for jobs </span>through LinkedIn</li>\r\n</ul>','Increase your visibility among corporate',2000.00,1,0,3,1),(25,'Resume / CV  Diagnostic','1821577026resume-blue.png',700.00,'<h2>Includes</h2>\r\n<ul class=\"gd_ul\">\r\n<li>\r\n<div class=\"li_wrap\"><img src=\"images/onetoone_icon.png\" alt=\"\" /></div>\r\n<div class=\"li_Text_wrap\">One-to-one Discussions <span>2 sessions (Half an hour each) </span></div>\r\n</li>\r\n<li>\r\n<div class=\"li_wrap\"><img src=\"images/one_page_item.png\" alt=\"\" /></div>\r\n<div class=\"li_Text_wrap\">2 sessions (Half an hour each)</div>\r\n</li>\r\n<li>\r\n<div class=\"li_wrap\"><img src=\"images/assesment_new.png\" alt=\"\" /></div>\r\n<div class=\"li_Text_wrap\">Assessment Score</div>\r\n</li>\r\n</ul>','Create an impactful resume',700.00,1,0,3,1),(26,'industry ace','126092554noun_Puzzle_895516.png',12.00,'<p>wdewf</p>','eqwqew',1212.00,1,0,1,0);
/*!40000 ALTER TABLE `products` ENABLE KEYS */;
UNLOCK TABLES;

--
-- Table structure for table `users_new`
--

DROP TABLE IF EXISTS `users_new`;
/*!40101 SET @saved_cs_client     = @@character_set_client */;
/*!40101 SET character_set_client = utf8 */;
CREATE TABLE `users_new` (
  `id` int(11) NOT NULL AUTO_INCREMENT,
  `full_name` varchar(255) NOT NULL,
  `email` varchar(255) NOT NULL,
  `password` varchar(255) NOT NULL,
  `update_subscription` int(11) NOT NULL DEFAULT '0',
  `is_verified` int(11) NOT NULL,
  `date_created` datetime NOT NULL,
  `role` int(11) NOT NULL DEFAULT '0',
  PRIMARY KEY (`id`),
  UNIQUE KEY `Unique` (`email`)
) ENGINE=InnoDB AUTO_INCREMENT=7 DEFAULT CHARSET=latin1;
/*!40101 SET character_set_client = @saved_cs_client */;

--
-- Dumping data for table `users_new`
--

LOCK TABLES `users_new` WRITE;
/*!40000 ALTER TABLE `users_new` DISABLE KEYS */;
INSERT INTO `users_new` VALUES (1,'Priyank Saini','priyanksaini2010@gmail.com','a9575efd6da5a277322853c68081ab88',0,1,'2018-08-11 12:19:20',1),(2,'Administrator','admin@mbatrek.com','21232f297a57a5a743894a0e4a801fc3',0,1,'2018-08-11 16:39:46',0),(3,'ayushi','ayushibbd19@gmail.com','3e44e7ddd8c1c14677d4043253c67833',0,0,'2018-08-13 06:18:41',1),(4,'Rahul Jain','ca3@mbatrek.com','fcea920f7412b5da7be0cf42b8c93759',1,0,'2018-08-13 09:01:32',1),(5,'pr pr','pr@pr.com','fcea920f7412b5da7be0cf42b8c93759',0,1,'2018-08-13 11:16:48',1),(6,'Abhishek Srivastava','srivastav.abhishek@gmail.com','5263b1b26832d2ae066c5c3e6b05bd88',0,0,'2018-09-17 02:35:03',1);
/*!40000 ALTER TABLE `users_new` ENABLE KEYS */;
UNLOCK TABLES;
/*!40103 SET TIME_ZONE=@OLD_TIME_ZONE */;

/*!40101 SET SQL_MODE=@OLD_SQL_MODE */;
/*!40014 SET FOREIGN_KEY_CHECKS=@OLD_FOREIGN_KEY_CHECKS */;
/*!40014 SET UNIQUE_CHECKS=@OLD_UNIQUE_CHECKS */;
/*!40101 SET CHARACTER_SET_CLIENT=@OLD_CHARACTER_SET_CLIENT */;
/*!40101 SET CHARACTER_SET_RESULTS=@OLD_CHARACTER_SET_RESULTS */;
/*!40101 SET COLLATION_CONNECTION=@OLD_COLLATION_CONNECTION */;
/*!40111 SET SQL_NOTES=@OLD_SQL_NOTES */;

-- Dump completed on 2018-09-22  2:18:10
