-- MySQL dump 10.13  Distrib 5.6.39, for Linux (x86_64)
--
-- Host: localhost    Database: mbatrek_v2
-- ------------------------------------------------------
-- Server version	5.6.39-cll-lve

/*!40101 SET @OLD_CHARACTER_SET_CLIENT=@@CHARACTER_SET_CLIENT */;
/*!40101 SET @OLD_CHARACTER_SET_RESULTS=@@CHARACTER_SET_RESULTS */;
/*!40101 SET @OLD_COLLATION_CONNECTION=@@COLLATION_CONNECTION */;
/*!40101 SET NAMES utf8 */;
/*!40103 SET @OLD_TIME_ZONE=@@TIME_ZONE */;
/*!40103 SET TIME_ZONE='+00:00' */;
/*!40014 SET @OLD_UNIQUE_CHECKS=@@UNIQUE_CHECKS, UNIQUE_CHECKS=0 */;
/*!40014 SET @OLD_FOREIGN_KEY_CHECKS=@@FOREIGN_KEY_CHECKS, FOREIGN_KEY_CHECKS=0 */;
/*!40101 SET @OLD_SQL_MODE=@@SQL_MODE, SQL_MODE='NO_AUTO_VALUE_ON_ZERO' */;
/*!40111 SET @OLD_SQL_NOTES=@@SQL_NOTES, SQL_NOTES=0 */;

--
-- Table structure for table `banners`
--

DROP TABLE IF EXISTS `banners`;
/*!40101 SET @saved_cs_client     = @@character_set_client */;
/*!40101 SET character_set_client = utf8 */;
CREATE TABLE `banners` (
  `id` int(11) NOT NULL AUTO_INCREMENT,
  `image` varchar(1555) NOT NULL,
  `sortOrder` int(11) NOT NULL DEFAULT '0',
  `link` varchar(255) DEFAULT NULL,
  PRIMARY KEY (`id`)
) ENGINE=InnoDB AUTO_INCREMENT=33 DEFAULT CHARSET=latin1;
/*!40101 SET character_set_client = @saved_cs_client */;

--
-- Dumping data for table `banners`
--

LOCK TABLES `banners` WRITE;
/*!40000 ALTER TABLE `banners` DISABLE KEYS */;
INSERT INTO `banners` VALUES (18,'1613473156Aceyour1stYr@Work!.png',0,'https://mbatrek.com/career-planning'),(27,'1053907979IndustryReady(3).png',2,'https://mbatrek.com/industry-ready-competition'),(30,'1381319915AreyouREADYfortheINTERVIEW_(5).png',1,'https://mbatrek.com/interview-ready-competition'),(31,'687472031CampusAmbassador.png',3,'https://www.mbatrek.com/campus-ambassador'),(32,'379462731FREESESSIONS(1).png',4,'https://mbatrek.com/contact');
/*!40000 ALTER TABLE `banners` ENABLE KEYS */;
UNLOCK TABLES;

--
-- Table structure for table `blog_category`
--

DROP TABLE IF EXISTS `blog_category`;
/*!40101 SET @saved_cs_client     = @@character_set_client */;
/*!40101 SET character_set_client = utf8 */;
CREATE TABLE `blog_category` (
  `id` int(11) NOT NULL AUTO_INCREMENT,
  `name` varchar(255) NOT NULL,
  PRIMARY KEY (`id`)
) ENGINE=InnoDB AUTO_INCREMENT=3 DEFAULT CHARSET=latin1;
/*!40101 SET character_set_client = @saved_cs_client */;

--
-- Dumping data for table `blog_category`
--

LOCK TABLES `blog_category` WRITE;
/*!40000 ALTER TABLE `blog_category` DISABLE KEYS */;
INSERT INTO `blog_category` VALUES (0,'Placement'),(1,'Students'),(2,'Career');
/*!40000 ALTER TABLE `blog_category` ENABLE KEYS */;
UNLOCK TABLES;

--
-- Table structure for table `blogs`
--

DROP TABLE IF EXISTS `blogs`;
/*!40101 SET @saved_cs_client     = @@character_set_client */;
/*!40101 SET character_set_client = utf8 */;
CREATE TABLE `blogs` (
  `id` int(11) NOT NULL AUTO_INCREMENT,
  `blog_category_id` int(11) NOT NULL,
  `type` int(11) NOT NULL,
  `title` varchar(255) NOT NULL,
  `content` text NOT NULL,
  `author` varchar(255) NOT NULL,
  `background_image` varchar(255) NOT NULL,
  `banner_image` varchar(255) NOT NULL,
  `date_created` datetime NOT NULL,
  `date_updated` datetime NOT NULL,
  PRIMARY KEY (`id`),
  KEY `blog_category_id` (`blog_category_id`)
) ENGINE=InnoDB AUTO_INCREMENT=9 DEFAULT CHARSET=latin1;
/*!40101 SET character_set_client = @saved_cs_client */;

--
-- Dumping data for table `blogs`
--

LOCK TABLES `blogs` WRITE;
/*!40000 ALTER TABLE `blogs` DISABLE KEYS */;
INSERT INTO `blogs` VALUES (3,0,2,'Are you Industry \'Ready\' and \'Relevant\'?','<p class=\"MsoNormal\"><span style=\"font-size: large;\">As a undergraduate and post graduate student or a young professional have you ever wondered if you were really \'Ready\' and \'Relevant\' for the corporate world? Try to search for the answer to this fundamental question.</span></p>\r\n<p class=\"MsoNormal\"><span style=\"font-size: large;\">In most cases one stays in a quandary about what \'Ready\' and \'Relevant\' actually means in terms of a job and corporate life.</span></p>\r\n<p class=\"MsoNormal\"><span style=\"font-size: large;\">Let\'s start with what it takes to be&nbsp;<span style=\"color: #229897;\">\'<strong>Corporate Ready\'</strong></span>?</span></p>\r\n<ul>\r\n<li><span style=\"font-size: large;\"><strong><span style=\"color: #229897;\">Hit the ground RUNNING:</span> </strong>Today\'s corporate world and industry demands that you are productive on Day 1 of your job. This means that your business school and / or undergraduate course has created the perfect working machine. This goes beyond traditional soft skills and communication skills which are typically part of any career mentoring and coaching advice that one will receive from college professors and faculty. Delivering on Day 1 of the job means knowing how corporate IT systems work, how CRM systems work, how power structures and created and managed in an organization, how everyday decision making happens. Have you given this a thought?</span><br /><br /></li>\r\n<li><span style=\"font-size: large;\"><strong><span style=\"color: #229897;\">Corporatized for today\'s world:</span> </strong>With handsome pay packages and salary offers that companies are providing to both freshers and lateral hires to be well versed with the corporate setup. If you walk into your job and are quickly not asking the right questions around who are your stakeholders and what are your key deliverables, KRAs and KPIs, you will be very quickly branded as a low to medium performer. A lot of companies and managers have lost the patience of onboarding young talent through various tips and tricks of corporate life. They expect you to be smart, problem solvers with a strong attention to detail and ability to follow and build business processes.</span><br /><br /></li>\r\n<li><span style=\"font-size: large;\"><strong style=\"color: #229897;\">Industry Awareness: </strong>In the information age, simply providing data is not enough. Google and other online platforms like micro degrees and courses provide a lot of information but hardly any insights. In fact all the fuss about AI (Artifical Intelligence) and ML (Machine Learning) is because it provides systems to generate insights from data and then taken relevant data backed and insights-driven decisions. Therefore, one must be on top of industry trends and the latest movements on individual companies and their competitive positions in the market. The recommendation is to complete both an Industry Analysis and Company Analysis of atleast 2 industries and 5 companies that you envision in your future.</span><br /><br /><span style=\"font-size: large;\">Try out the MBAtrek <span style=\"text-decoration: underline;\"><strong><span style=\"color: #229897;\"><a title=\"Industry Analysis\" href=\"../../cart/description/18\" target=\"_blank\"><span style=\"color: #229897; text-decoration: underline;\">Industry Analysis</span></a></span></strong></span> and <span style=\"text-decoration: underline;\"><strong><span style=\"color: #73942f;\"><a title=\"Company Analysis\" href=\"../../cart/description/21\" target=\"_blank\"><span style=\"color: #73942f; text-decoration: underline;\">Company Analysis</span></a></span></strong></span> services to improve your Industry Awareness. You can get it all in our value saver package called <span style=\"text-decoration: underline;\"><span style=\"color: #229897;\"><strong><a title=\"#IndustryReady\" href=\"../../cart/description/31\" target=\"_blank\"><span style=\"color: #229897; text-decoration: underline;\">#IndustryReady</span></a></strong></span></span></span></li>\r\n</ul>\r\n<p class=\"MsoNormal\"><span style=\"color: #229897; font-size: large;\"><span style=\"color: #000000;\"><br />Now let\'s shift our focus to making you&nbsp;</span><span style=\"color: #73942f;\"><strong>\'Industry Relevant\'</strong></span><span style=\"color: #000000;\">?</span></span></p>\r\n<ul>\r\n<li><span style=\"font-size: large;\"><strong><span style=\"color: #73942f;\">Right Mix of Skills:</span>&nbsp;</strong>The corporate world has very high expectations of key corporate skills that are key to a long and successful career. The skills include but not limited to <em>Self Awareness</em>, <em>Self Motivation</em>, <em>Time Management</em>, <em>Goal Setting</em>, <em>Analytical Mindset</em>, <em>Structured Communication</em>, <em>Logical Thinking</em>, Ability to conduct <em>Primary Research</em>, Throughness of your <em>Secondary Research</em>, <em>Problem Solving</em>, Decisive&nbsp;<em>Decision Making</em>, <em>Teamwork</em>, <em>Leadership</em>, <em>Interpersonal abilities</em>, <em>Networking</em>, <em>Presentation</em> and <em>Storytelling</em> ability. Have you got your skill matrix complete and practice the skills to get the competency right. We can help you build these skills through focused module based programs, <span style=\"text-decoration: underline;\"><strong><a title=\"connect with us here\" href=\"../../contact-us\" target=\"_blank\">connect with us here</a></strong></span>.</span><br /><br /></li>\r\n<li><span style=\"font-size: large;\"><span style=\"color: #73942f;\"><strong>Longish Career Outlook:</strong> </span>Corporates do not expect you to work with them for 5 to 10 years, but most companies expect you to have a meaningful contribution over a 2 to 3 year working period where you can move between different roles and drive tangible business results. Before you start to prepare for a new job or starting hunting new roles in the market because you feel bored or saturated with your current profile, think twice - Have you achieved what you wanted to do with this role, team, and company. If not, stick and deliver until the end, the results will come. The corporate world values meaningful tenure in both growing and declining companies and industries.</span><br /><br /><span style=\"font-size: large;\">MBAtrek has designed a special 1-year <span style=\"text-decoration: underline;\"><strong><span style=\"color: #73942f;\"><a title=\"#CareerPlanning\" href=\"../../cart/description/33\" target=\"_blank\"><span style=\"color: #73942f; text-decoration: underline;\">#CareerPlanning</span></a> </span></strong></span>program where we work jointly with young professionals and recent graduates to help them navigate and succeed in their corporate life.</span><br /><br /></li>\r\n<li><span style=\"font-size: large;\"><strong><span style=\"color: #73942f;\">Ability to Collaborate and Lead:</span> </strong>These are now hygiene factors when it comes to hiring high potential and quality talent. One must understand that leadership and collaboration is not about driving a team of 25, 50 or 100 people at a time. Leadership and collaboration can happen even if you have a team of 3, better still even when you are on your own in an <em>Individual Contributor</em> role capacity. You are required to work closely, coordinate and partner with multiple departments, internal and external stakeholders to get the job done.&nbsp;</span></li>\r\n</ul>\r\n<div><br /><span style=\"font-size: large;\">In summary, it is critical one doesn\'t get fixated with the traditional approaches and thinking of \"how to be successful in my career\", \"soft skills are not so important\" and \"I just need to work on my communication skills\". Remember IQ (Intelligence Quotient) can make you a great inventor and product genius, however, EQ (Emotional Quotient) is what will make you a CEO.</span></div>\r\n<div><span style=\"font-size: large;\"><br /></span></div>\r\n<div><span style=\"font-size: large;\">Best of Luck,</span></div>\r\n<div><span style=\"font-size: large;\">Cheers,</span></div>\r\n<div><span style=\"font-size: large;\">Team MBAtrek</span></div>','Abhishek Srivastava','296313470noun_Diligent_2041390.png','1740958744Check.jpg','2018-10-05 12:26:15','2019-01-15 01:27:53'),(4,0,1,'Got a great admission to my dream college and university, what about my career?','<p><span style=\"font-size: large;\">Most young professionals and recent graduates are very eager to answer the question \"How to be successful in my career\" without understanding what a career actually means and how does one select a career.</span></p>\r\n<p><span style=\"font-size: large;\">The best time to start building one\'s orientation to a career should be when you are in Grade 8. This is where you are exposed to multiple disciplines in both the arts, sciences and social sciences. However most of us don\'t think about our careers, till the task of finding a job actually hits you in your pre-final year and final year of under-graduation or graduation.&nbsp;</span></p>\r\n<p><span style=\"font-size: large;\">In India, this issue is more pronounced as young people only start thinking about their careers and jobs after the first few years in the professional world. Most decisions taken at this time are made out of spite and are typically knee-jerk reactions. Most young people know very well what they don\'t want to do in their careers even though they may be well qualified for those paths. The rationale for these decisions are purely emotional and not based on tangible data and therefore a lot of time at the start of the career is lost to re-alignment.</span></p>\r\n<p><span style=\"font-size: large;\">To avoid the situation of re-alignment, two to three years in one\'s career, a young student while still pursuing their academic course should follow the Self-Career-Industry-Company-Job Role funnel process.</span></p>\r\n<p><span style=\"font-size: large;\">Let\'s get into the details of the funnel:</span></p>\r\n<p><span style=\"font-size: large;\"><span style=\"color: #229897; font-size: x-large;\"><strong>1. Self Awareness:</strong></span> Before you start thinking about your engineering stream (B.Tech. or B.E. in Computer Science, Electronics, Chemical, Electrical, Environmental, Civil, etc.) or MBA specialization (Marketing, HR, Operations, IT, Strategy etc.) or undergraduate majors (B.Com., BBA etc.) you need to understand yourself very well. Ask yourself the following questions:</span></p>\r\n<ul>\r\n<li><span style=\"font-size: large;\">What are my interests in life?</span></li>\r\n<li><span style=\"font-size: large;\">How do I interact with people and what kind of people would I like to work for?</span></li>\r\n<li><span style=\"font-size: large;\">How comfortable I am with very diverse and non-traditional environments?</span></li>\r\n<li><span style=\"font-size: large;\">What would be my ideal workplace?</span></li>\r\n<li><span style=\"font-size: large;\">Do I want to be out in the field or in a nice cozy corporate office?</span></li>\r\n<li><span style=\"font-size: large;\">How will I be successful in life?</span></li>\r\n</ul>\r\n<div><span style=\"font-size: large;\">At MBAtrek, we have created a unique assessment tool called <span style=\"text-decoration: underline;\"><span style=\"color: #229897;\"><strong><a title=\"Me and Myself Assessment\" href=\"https://survey.zohopublic.com/zs/idCsyy\" target=\"_blank\"><span style=\"color: #229897; text-decoration: underline;\">Me and Myself Assessment</span></a>&nbsp;</strong></span></span>which will help you understand yourself better. This assessment will form the base of what kind of industries, companies and job roles you are most suited to.</span></div>\r\n<div><span style=\"font-size: large;\">&nbsp;</span></div>\r\n<div><span style=\"font-size: large;\"><span style=\"color: #229897; font-size: x-large;\"><strong>2. Behavioral Analyses:</strong> </span>Now that you have a fair understanding of yourself, you need to understand how you interact with the external environment. This is where you need to conduct a detailed behavioral analysis to understand key personality triggers. Key areas that you should look at:</span></div>\r\n<div>\r\n<ul>\r\n<li><span style=\"font-size: large;\">Team Player tendencies</span></li>\r\n<li><span style=\"font-size: large;\">Stress Management abilities</span></li>\r\n<li><span style=\"font-size: large;\">Emotional Stability</span></li>\r\n<li><span style=\"font-size: large;\">Passion for work</span></li>\r\n<li><span style=\"font-size: large;\">Responsibility / Accountability levels</span></li>\r\n<li><span style=\"font-size: large;\">Self Starter abilities</span></li>\r\n<li><span style=\"font-size: large;\">Open to Learning</span></li>\r\n</ul>\r\n</div>\r\n<div><span style=\"font-size: large;\"><span style=\"text-decoration: underline;\"><a title=\"Do connect with our team\" href=\"../../contact-us\" target=\"_blank\"><strong><span style=\"color: #229897; text-decoration: underline;\">Do connect with our team</span></strong></a></span> in case you are looking for a detailed behavioral profile. We use multiple standardized assessments to provide you with a detailed profile. A word of caution do not try to do this purely on your own and / or use friends and family. The inherent biases will render the outcome of your exercise futile. Please seek professional help here.</span></div>\r\n<div><span style=\"font-size: large;\">&nbsp;</span></div>\r\n<div><span style=\"font-size: large;\"><span style=\"color: #229897; font-size: x-large;\"><strong>3. Cognitive Assessments:&nbsp;</strong></span>Most students and young professionals are fairly familiar with cognitive assessments often offered in the form of IQ tests. More often than not, most people make the mistake of focusing on the overall score from a cognitive or IQ assessment. The key is to actually focus on which segment of the assessment, did you demonstrate higher scores to be used as a proxy for capability:</span></div>\r\n<div>\r\n<ul>\r\n<li><span style=\"font-size: large;\">Numerical Ability</span></li>\r\n<li><span style=\"font-size: large;\">Data Analysis</span></li>\r\n<li><span style=\"font-size: large;\">Abstract Reasoning</span></li>\r\n<li><span style=\"font-size: large;\">Attention to Details</span></li>\r\n<li><span style=\"font-size: large;\">Critical Thinking</span></li>\r\n<li><span style=\"font-size: large;\">Reasoning Ability</span></li>\r\n<li><span style=\"font-size: large;\">Verbal Ability</span></li>\r\n</ul>\r\n<div><span style=\"font-size: large;\">The different abilities and the competency across them will give one a strong sense of what kind of industries, companies, work environments and job roles that you would succeed in.&nbsp;<span style=\"text-decoration: underline;\"><a title=\"Do connect with our career advisory team\" href=\"../../contact-us\" target=\"_blank\"><strong><span style=\"color: #229897; text-decoration: underline;\">Do connect with our career advisory team</span></strong></a></span>&nbsp;in case you are confused with what your IQ / cognitive score report actually means for your career.</span></div>\r\n<div><span style=\"font-size: large;\"><br /></span></div>\r\n</div>\r\n<div><span style=\"font-size: large;\"><span style=\"color: #229897; font-size: x-large;\"><strong>4. Industry Sectors:&nbsp;</strong></span>Armed with your personal information and data, now it\'s time to go deep into industry sectors that you wou</span><span style=\"font-size: large;\">ld like to work in. You need to get deep into what different industries stand for and whether you see yourself working therefore for atleast 3 to 5 years for a start. You also need to conduct detailed Industry Analyses to better understand what drives the latest movements in these sectors. We at MBAtrek offer a special service to help you develop your own <span style=\"text-decoration: underline; color: #229897;\"><a title=\"Industry Analysis\" href=\"../../cart/description/18\" target=\"_blank\"><span style=\"color: #229897;\"><strong>Industry Analysis</strong></span></a></span>. Some key questions to ask yourself while selecting industry sectors of your choice:</span></div>\r\n<div>\r\n<ul>\r\n<li style=\"font-size: 10px;\"><span style=\"font-size: large;\">Do I prefer to work in industries which are serving large institutional customers or individual retail customers?</span></li>\r\n<li><span style=\"font-size: large;\">Would I work in a well-settled and mature industry sector or a sunshine sector which needs another 10 to 15 years to mature?</span></li>\r\n<li style=\"font-size: 10px;\"><span style=\"font-size: large;\">Would I work in industries which are more product based or service based?</span></li>\r\n</ul>\r\n</div>\r\n<div><span style=\"font-size: large;\">The good news is that there is a variety of industry sectors that you can develop your career in, you just have to take the first step. Here is a comprehensive list of industry sectors:</span></div>\r\n<div>\r\n<ul>\r\n<li><span style=\"font-size: large;\">Agriculture and Agricultural Technology</span></li>\r\n<li><span style=\"font-size: large;\">Auto and Auto Components</span></li>\r\n<li><span style=\"font-size: large;\">Banking and Financial Services</span></li>\r\n<li><span style=\"font-size: large;\">Chemical and Natural Resources</span></li>\r\n<li><span style=\"font-size: large;\">Consulting and Professional Services</span></li>\r\n<li><span style=\"font-size: large;\">Consumer Durables</span></li>\r\n<li><span style=\"font-size: large;\">Education</span></li>\r\n<li><span style=\"font-size: large;\">Energy and Utilities</span></li>\r\n<li><span style=\"font-size: large;\">FMCG</span></li>\r\n<li><span style=\"font-size: large;\">Healthcare</span></li>\r\n<li><span style=\"font-size: large;\">Hospitality and Tourism</span></li>\r\n<li><span style=\"font-size: large;\">IT / ITes</span></li>\r\n<li><span style=\"font-size: large;\">Manufacturing and Heavy Engineering&nbsp;</span></li>\r\n<li><span style=\"font-size: large;\">Media and Entertainment</span></li>\r\n<li><span style=\"font-size: large;\">Oil and Gas</span></li>\r\n<li><span style=\"font-size: large;\">Pharmaceuticals</span></li>\r\n<li><span style=\"font-size: large;\">Real Estate and Infrastructure</span></li>\r\n<li><span style=\"font-size: large;\">Retail and E-commerce</span></li>\r\n<li><span style=\"font-size: large;\">Telecommunications</span></li>\r\n<li><span style=\"font-size: large;\">Textile and Apparel</span></li>\r\n<li><span style=\"font-size: large;\">Transportation (Aviation, Railways)</span></li>\r\n</ul>\r\n<div><span style=\"font-size: large;\"><br /></span></div>\r\n<div><span style=\"font-size: large;\"><span style=\"color: #229897; font-size: x-large;\"><strong>5. Type of Companies:&nbsp;</strong></span>Now that you have settled on the industry that you want to work for. Let\'s delve deeper into the type of companies where you can mark a strong start to your career. There are different types of companies that you would like to consider as a part of your selection:</span></div>\r\n<div>\r\n<div>\r\n<ul>\r\n<li><span style=\"font-size: large;\">Indian based Company</span></li>\r\n<li><span style=\"font-size: large;\">Multinational Company</span></li>\r\n<li><span style=\"font-size: large;\">Indian based Multinational Company</span></li>\r\n<li><span style=\"font-size: large;\">Non-profit / Not for Profit</span></li>\r\n<li><span style=\"font-size: large;\">Startups / Early Stage Ventures</span></li>\r\n<li><span style=\"font-size: large;\">New Age Tech Companies</span></li>\r\n<li><span style=\"font-size: large;\">Government Companies / PSUs</span></li>\r\n<li><span style=\"font-size: large;\">Think-tanks (NSDC, NITI Aayog etc.)</span></li>\r\n</ul>\r\n</div>\r\n<div style=\"font-size: large;\">At MBAtrek, we have gone a step further and created detailed insights and analysis on individual companies to help students, recent graduates and young professionals be better prepared and informed about companies they are joining or targeting for jobs. We call this&nbsp;<span style=\"text-decoration: underline; color: #229897;\"><a title=\"Company Analysis\" href=\"../../cart/description/21\" target=\"_blank\"><span style=\"color: #229897;\"><strong>Company Analysis</strong></span></a></span>.</div>\r\n</div>\r\n<div style=\"font-size: large;\">&nbsp;</div>\r\n<div style=\"font-size: large;\"><span style=\"color: #229897; font-size: x-large;\"><strong>6. Job Roles and Functions:&nbsp;</strong></span>We are now at the final stage of the career targeting and selection process. The job roles and function is the specific area within the company / organization that you would like to work in. You will have to appreciate that given your educational background and previous experiences certain areas may not be easily available to break into in the early stages of your career and therefore you will have to look at other roles which act as stepping stones. Here is a fairly comprehensive list of job roles / functions in an organization:</div>\r\n</div>\r\n<div style=\"font-size: large;\">\r\n<ul>\r\n<li>Accounting</li>\r\n<li>Administration</li>\r\n<li>Analytics, MIS and Business Reporting</li>\r\n<li>Corporate Finance</li>\r\n<li>Corporate Sustainability and CSR</li>\r\n<li>Customer Service / After Sales Support</li>\r\n<li>Environment, Health, and Safety</li>\r\n<li>Human Resources (Recruiting, Compensation, Talent and Staffing)</li>\r\n<li>Information Technology, and Security</li>\r\n<li>Labour and Industrial Relations</li>\r\n<li>Learning and Development</li>\r\n<li>Legal and Corporate Law</li>\r\n<li>Logistics and Supply Chain</li>\r\n<li>Manufacturing</li>\r\n<li>Marketing</li>\r\n<li>Public Relations and Corporate Communications</li>\r\n<li>Quality Management</li>\r\n<li>Research and Development</li>\r\n<li>Sales and CRM</li>\r\n<li>Strategy and Organization Development</li>\r\n</ul>\r\n<p>&nbsp;</p>\r\n<p>Best of Luck,<br />Cheers,<br />Team MBAtrek</p>\r\n</div>','Abhishek Srivastava','59699864noun_Possibilities_160867.png','591160550Banner for Career Selection Blog.png','2018-11-05 01:56:34','2019-01-15 01:28:34'),(5,0,2,'Why GDs are still part of a company\'s selection process?','<p><span style=\"color: #229897;\"><strong><span style=\"font-size: large;\">Why are Group Discussions conducted by companies?</span></strong></span></p>\r\n<p><span style=\"font-size: large;\">A group discussion (GD) is used to assess group skills that cannot be judged in an interview. More importantly, a GD is a great way for employers to see you in a real-life simulation of an activity which happens every-day at work -it\'s called meetings and conference calls.</span></p>\r\n<p><span style=\"font-size: large;\">It helps the employer explore an individual\'s confidence, team spirit, ability to deal with a chaotic and unstructured environment and express themselves in a structured manner. Please remember often when you are going in for meetings at work, thoughts and structure is really present. Can you be the person driving structured communication! Group discussions are also a test of your logical and analytical skills and your competence to deliver on them in a high pressure and high stakes environment.</span></p>\r\n<p><span style=\"font-size: large;\">The question which most students face are:</span></p>\r\n<p><span style=\"color: #229897;\"><strong><span style=\"font-size: large;\">What skills are judged in a Group Discussion?</span></strong></span></p>\r\n<p><span style=\"font-size: large;\">Let&rsquo;s start with the skills and behavioral elements that you are being judged on in a group discussion exercise:</span></p>\r\n<p><span style=\"font-size: large;\">1. How good you are at communicating with others?</span></p>\r\n<p><span style=\"font-size: large;\">2. How you behave and interact with a group?</span></p>\r\n<p><span style=\"font-size: large;\">3. How open minded are you?</span></p>\r\n<p><span style=\"font-size: large;\">4. What is your competency level for quick decision making?</span></p>\r\n<p><span style=\"font-size: large;\">5. How well do you listen to others?</span></p>\r\n<p><span style=\"font-size: large;\">6. How confident are you when criticized or attacked in a discussion?</span></p>\r\n<p><span style=\"font-size: large;\">7. Problem-solving skills</span></p>\r\n<p><strong><span style=\"font-size: large; color: #229897;\">How you should perform in a Group Discussion?</span></strong></p>\r\n<p><span style=\"font-size: large;\">1. Grab the opportunity to speak first, but if you miss it, enter politely and systematically into the discussion</span></p>\r\n<p><span style=\"font-size: large;\">2. Sit with a straight and confidence posture</span></p>\r\n<p><span style=\"font-size: large;\">3. Allow others to speak and be courteous</span></p>\r\n<p><span style=\"font-size: large;\">4. Use quotes, fact and figures, everyday life examples to express a clear opinion</span></p>\r\n<p><span style=\"font-size: large;\">5. Make eye contact with all the participants and keep nodding when others speak.</span></p>\r\n<p><span style=\"font-size: large;\">6. Do not repeat a point, or be lengthy or irrelevant</span></p>\r\n<p><span style=\"font-size: large;\">7. Also, intervene if someone is going on and on without making relevant points</span></p>\r\n<p><span style=\"font-size: large;\">We are helping students everyday to create a winning strategy for their upcoming GDs by understanding their personality, competencies across communication and analytical skill levels.</span></p>\r\n<p><strong><span style=\"font-size: large; color: #229897;\">You need a winning GD strategy!</span></strong></p>\r\n<p><span style=\"font-size: large;\">Remember the only way you are going to ace the GD is by having a well thought out and practiced strategy. Try our unique service called <span style=\"text-decoration: underline;\"><strong><span style=\"color: #229897;\"><a title=\"Cracking the GD\" href=\"../../cracking-the-gd\" target=\"_blank\"><span style=\"color: #229897; text-decoration: underline;\">Cracking the GD</span></a></span></strong></span>. We promise you that within 3 to 5 days, we can create a personalized GD strategy for you.</span></p>\r\n<p><span style=\"font-size: large;\">Best of Luck,</span></p>\r\n<p><span style=\"font-size: large;\">Cheers,</span></p>\r\n<p><span style=\"font-size: large;\">Team MBAtrek</span></p>','Abhishek Srivastava','944793978noun_Meeting_286723.svg','1126723997GD Blog Banner.png','2018-12-10 03:35:05','2019-01-15 01:28:50'),(6,1,1,'The Best MBA Guidance that you can get in your first year of the program','<p><span style=\"font-size: large;\">Do you feel that the lack of proper guidance, awareness or even complacency is not letting you make the most of your MBA program?</span></p>\r\n<p><span style=\"font-size: large;\">And by the time you may realize it, things get a little unmanageable and messier. It gets a little too late and there is actually no scope of going back to the past to sort the things out.</span></p>\r\n<p><span style=\"font-size: large;\">So here are a few pointers to help you get on track for the 2-year journey:</span></p>\r\n<p><span style=\"font-size: large;\">Most students sit back and relax or party, taking for granted that they have secured a seat in a top quality B-school, thinking that everything will fall in place automatically. But this is the greatest folly committed by most MBA graduates and by the time they realize, it gets too late.</span></p>\r\n<p><span style=\"font-size: large;\"><span style=\"color: #229897;\"><strong>Take your First Year courses seriously</strong></span></span></p>\r\n<p><span style=\"font-size: large;\">Specialization is just a part of an MBA program. Your 1st-year courses build the foundation of your overall management knowledge and basics. In case you are still confused and have not made up your mind regarding the field of specialization - don\'t worry! There are going to be multiple opportunities during your program to choosing your specialization of interest.</span></p>\r\n<p><span style=\"color: #229897;\"><strong><span style=\"font-size: large;\">Effective Time Management</span></strong></span></p>\r\n<p><span style=\"font-size: large;\">Considering only 720 days in hand and a whole lot of things that can be achieved, MBA graduates usually run short of time. It is a race against time. Be an organized student and engage yourself in activities which are going to be worthwhile and will be helpful in corporate skill building and development (i.e. structured communication, logical skills, presentation skills etc.). Right from the start, you should ensure that deadlines are deadlines and should be met come what may.</span></p>\r\n<p><span style=\"color: #229897;\"><strong><span style=\"font-size: large;\">Strengthening Your CV / Resume - Every Time and All the time</span></strong></span></p>\r\n<p><span style=\"font-size: large;\">One must continuously participate in various activities and competitions organized both at the B-school and inter B-school level. Your CV / Resume should start having meaningful work from live projects showcased on it along with innovative approaches to solving case competitions. A strong CV / Resume should clearly show that you have been deeply engaged in various skill-building activities at your campus. Please do ensure that you are attending industry trade fairs and it will give you a great chance to build strong networks and relationships which can lead to projects, internships and job opportunities which will continue to enhance your CV / Resume. Make sure your Resume is just not about a good looking but has the right quality content to really showcase your experience and skills. Get our <a title=\"#ResumeDiagnostic\" href=\"../../resume-diagnostic\" target=\"_blank\"><span style=\"text-decoration: underline;\"><strong><span style=\"color: #229897; text-decoration: underline;\">Resume Diagnostic</span></strong></span></a> service to know your Resume Quality Score.</span></p>\r\n<p><span style=\"color: #229897;\"><strong><span style=\"font-size: large;\">Unleash the power of LinkedIn</span></strong></span></p>\r\n<p><span style=\"font-size: large;\">As your MBA program moves on, you will realize that you can no longer fit everything interesting that you are doing on a single piece of paper. Most CV / Resume formats at the campus are rightly limited to a single page. This is where LinkedIn comes to the resume. LinkedIn provides you with the amazing ability to extend your resume and talk about all your achievements in detail. Remember LinkedIn is your window to the world of off-campus placements. So many start-up founders are on LinkedIn and looking for smart and young MBAs who can contribute to their growth story. This is your opportunity, make the most of it. Do remember to get your LinkedIn profile reviewed by senior industry professionals - Content is King! Get our <a title=\"#LinkedInDiagnostic\" href=\"../../linkedin-diagnostic\" target=\"_blank\"><span style=\"text-decoration: underline; color: #229897;\"><strong>LinkedIn Diagnostic</strong></span></a> service to know your LinkedIn Content Quality Score.</span></p>\r\n<p><span style=\"color: #229897;\"><strong><span style=\"font-size: large;\">Leverage the most of the Internships</span></strong></span></p>\r\n<p><span style=\"font-size: large;\">Internships prove to be the greatest opportunity for everyone undergoing MBA and especially for those who do not have prior experience and have never seen the industry before. In such a case, internships should be taken very seriously as you stand to gain the most out of tacit knowledge that your internship supervisors, interns peers, and other employees who already have been a part of the corporate setup for a long period of time. It is important that you continue to question them as much as you can to gain the deep down detailed reasons for every decision taken and thought of by them. Want to know how to make the most of your internship - sign-up for our <a title=\"#InternGO\" href=\"../../intern-go\" target=\"_blank\"><span style=\"text-decoration: underline;\"><strong><span style=\"color: #229897; text-decoration: underline;\">#Intern GO</span></strong></span></a> service.</span></p>\r\n<p>&nbsp;</p>\r\n<p><span style=\"font-size: large;\">Best of Luck,</span></p>\r\n<p><span style=\"font-size: large;\">Cheers,</span></p>\r\n<p><span style=\"font-size: large;\">Team MBAtrek</span></p>','Abhishek Srivastava','182285255noun_route_1390072.svg','1465763528MBA Guidance.png','2019-01-05 07:15:16','2019-01-15 01:29:10'),(7,0,2,'It’s more than a Resume / CV - it\'s a marketing document - Get it Right!','<p><span style=\"font-size: large;\"><span style=\"color: #229897;\"><strong>There&rsquo;s nothing quick or easy about crafting an effective resume</strong></span>. Don&rsquo;t think you&rsquo;re going to sit down and hammer it out in an hour. &ldquo;You have to think carefully about what to say and how to say it so the hiring manager thinks, \"This person can deliver on what I need for this job profile\".</span></p>\r\n<p><span style=\"font-size: large;\">One of the many preconceptions about a resume is that it is all about you - Like <span style=\"color: #229897;\"><strong>any strong piece of advertising</strong></span>, it&rsquo;s not about the product being sold &ndash; <span style=\"color: #229897;\"><strong>it&rsquo;s about the buyer and what they want</strong></span>. There are different ways to format your resume, depending on your employment history and experience. For someone who is a recent graduate, for example, the prime focus will be on their achievements at college and primarily on their academic performance. </span></p>\r\n<p><span style=\"font-size: large;\">The right structure will highlight this. If someone has had large gaps in their employment history, breaking from the traditional resume format can allow them to bring focus on their skills and distract from the gaps. It&rsquo;s common fact that employers and hiring managers don&rsquo;t take the time (<span style=\"color: #229897;\"><strong>an average of 20 to 30 seconds on every resume</strong></span>) to read through resumes in the initial round: They simply scan. <span style=\"color: #229897;\"><strong>So, focus on the employer&rsquo;s needs, not yours</strong></span>. This may be your best chance to make a good first impression. Therefore, take the time to properly organize your resume is worth the investment.</span></p>\r\n<p><span style=\"font-size: large;\">Here are a <strong><span style=\"color: #229897;\">few handy tips</span></strong> to get you going:</span></p>\r\n<p><span style=\"font-size: large;\">1. <span style=\"color: #229897;\"><strong>Strong Objective / Summary:</strong></span> A short blurb telling the hiring manager what skills, knowledge, and abilities you have that will help the company achieve its goals.</span></p>\r\n<p><span style=\"font-size: large;\">2. <span style=\"color: #229897;\"><strong>Keep it Real:</strong> </span>Avoid clich&eacute; sentences. Don&rsquo;t just make-up nice sounding words to describe yourself &ndash; make sure that the traits you claim to have are actually reflected in the bullet points on your resume</span></p>\r\n<p><span style=\"font-size: large;\">3. <span style=\"color: #229897;\"><strong>Contact Information:</strong> </span>Contact information should be listed at the top where it is easy to find and employers need not have to hunt around for a way to contact you. Things which may be included in this section: your name, address, phone numbers, email address and website, if applicable. Depending on the role you&rsquo;re applying for, you should also include any social media accounts you&rsquo;d like employers to see.</span></p>\r\n<p><span style=\"font-size: large;\">In conclusion, writing a resume involves more than <span style=\"color: #229897;\"><strong>simply listing job experiences and education</strong></span>. It must be a clear representation of you as a current or future working professional: including your skill sets, qualifications, and career goals minus the unnecessary add-ons. Avoid lengthy paragraphs, lists of uninteresting hobbies or unclear section breaks that reduce the overall quality of the resume.&nbsp;</span></p>\r\n<p><span style=\"font-size: large;\">Make sure your Resume is just not about a good looking but has the right quality content to really showcase your experience and skills. Get our <span style=\"text-decoration: underline;\"><a title=\"Resume Diagnostic\" href=\"../../resume-diagnostic\"><span style=\"color: #229897;\"><strong>Resume Diagnostic</strong></span></a></span> service to know your <strong><span style=\"color: #229897;\">Resume Quality Score</span></strong>.</span></p>\r\n<p><span style=\"font-size: large;\">Best of Luck,</span></p>\r\n<p><span style=\"font-size: large;\">Cheers,</span></p>\r\n<p><span style=\"font-size: large;\">Team MBAtrek</span></p>\r\n<p><span style=\"font-size: large;\">&nbsp;</span></p>','Abhishek Srivastava','643692048noun_Resume_881449.svg','817523113Resume Writing.png','2019-01-10 03:44:19','2019-01-15 01:29:28'),(8,2,3,'Your career is yours, find your niche!','<p><span style=\"font-size: large;\">The MBA is sometimes described as the <span style=\"color: #229897;\"><strong>single most impactful agent of career transformation</strong> </span>in the lifetime of a professional. For those who have gone through the grind, the years spent at B-School are looked back upon as the proverbial &ldquo;summer(s) of &lsquo;69&rdquo;, for hundreds of thousands of undergraduates it is an <strong><span style=\"color: #229897;\">aspirational golden ticket</span> </strong>to the next orbit in their careers.</span></p>\r\n<p><span style=\"font-size: large;\">The reason for such reverence lies in the fact that an MBA opens up <span style=\"color: #229897;\"><strong>more career opportunities</strong> </span>than any other professional qualification for graduating candidates.&nbsp;</span></p>\r\n<p><span style=\"font-size: large;\">But, too much of a good thing is no good thing, right?&nbsp;&nbsp;</span></p>\r\n<p><span style=\"font-size: large;\">MBA candidates have been known to face a <span style=\"color: #229897;\"><strong>serious dilemma over their post-MBA career choices</strong></span>.&nbsp; It is not uncommon for MBA grads, even those with the most popular jobs on campus, <span style=\"color: #229897;\"><strong>shifting jobs within a few months of graduating</strong></span>. Here&rsquo;s an attempt to decode why.</span></p>\r\n<p><span style=\"font-size: large;\">B-Schools work exceptionally hard to facilitate the generation of several hundred job offers for graduating students in a matter of a few days. In the melee of <strong><span style=\"color: #229897;\">on-campus placements, students seldom objectively evaluate the &ldquo;why&rdquo; behind the jobs they seek</span></strong>.&nbsp; Career choices are mostly made <strong><span style=\"color: #229897;\">basis heuristic principles</span> </strong>passed down from their <span style=\"color: #229897;\"><strong>seniors, folklore around the &ldquo;prestige&rdquo; of certain roles/firms, and information provided by recruiters</strong> </span>during campus outreach programs.&nbsp;</span></p>\r\n<p><span style=\"font-size: large;\">As a result, a large number of graduating students end up aspiring for a few &ldquo;dream&rdquo; jobs in the domains of Consulting/ Investment Banking/FMCG etc. Securing such a job is often viewed as the hallmark of success among peers and celebrated as the beginning of all good things in life. <strong><span style=\"color: #229897;\">Disturbingly, for those who wish to yet fail to secure these &ldquo;dream&rdquo; jobs, such rejection can cause deep mental trauma and a sense of absolute dejection.&nbsp;</span></strong>&nbsp;</span></p>\r\n<p><span style=\"font-size: large;\">What students need to ask themselves is, <span style=\"color: #229897;\"><strong>whose &ldquo;dream&rdquo; is it anyway?</strong></span></span></p>\r\n<p><span style=\"font-size: large;\">As someone who&rsquo;s been through that rite of passage, here&rsquo;s my best advice &ndash; <span style=\"color: #229897;\"><strong>don&rsquo;t go by popular perception of a job&rsquo;s desirability to you</strong>.</span> Invest time in <strong><span style=\"color: #229897;\">identifying what gives you the real kicks in life</span></strong>. Identify your best skills and what you want to <strong><span style=\"color: #229897;\">achieve as a professional</span></strong>. That should be the only reason &ldquo;why&rdquo; you want a certain job.</span></p>\r\n<p><span style=\"font-size: large;\">Does this work? Here&rsquo;s one name that&rsquo;ll dispel any doubts on the practicality of such an approach &ndash; Cheteshwar Pujara.&nbsp;</span></p>\r\n<p><span style=\"font-size: large;\">Pujara was REJECTED by every IPL team &amp; went unsold at the IPL 2019 auctions held on December 18, 2018. In short, he was found UNFIT to play the most &ldquo;popular&rdquo; cricketing format on the planet! How did he react to this seemingly disastrous outcome?</span></p>\r\n<p><span style=\"font-size: large;\">Eight days later in Australia, playing in the test series against the home team, he came out all guns blazing in the 3rd Test Match and scored a match-winning century for India. He didn&rsquo;t stop there, he also scored a masterful 193 runs in the 4th Test to become only the 3rd Indian ever to score 3+ Test centuries on an Australian tour. </span></p>\r\n<p><span style=\"font-size: large;\">Resultantly, he won the &ldquo;Man of the Series&rdquo; award. Basically, declared the architect for India&rsquo;s first ever Test Series victory in Australia!</span></p>\r\n<p><span style=\"font-size: large;\">Cheteshwar Pujara created history BECAUSE he had clearly identified his own niche (Test cricket) and gave his 100% to succeed at it!</span></p>\r\n<p><span style=\"font-size: large;\">If you are an MBA candidate and nodding along, you can do it too! Find your niche and become the best at it. If at the end of this analysis, that &ldquo;dream&rdquo; turns out to be yours, GO GET IT!</span></p>\r\n<p><span style=\"color: #229897;\"><strong><span style=\"font-size: large;\">Your career is yours. Build it wisely and systematically!</span></strong></span></p>\r\n<p><span style=\"font-size: large;\"><br /></span></p>\r\n<p><span style=\"font-size: large;\">Best of Luck,</span></p>\r\n<p><span style=\"font-size: large;\">Tamojit Tarit Roy (<span style=\"text-decoration: underline;\"><strong><span style=\"color: #229897;\"><a title=\"LinkedIn Profile\" href=\"https://www.linkedin.com/in/tamojitroy\" target=\"_blank\"><span style=\"color: #229897; text-decoration: underline;\">LinkedIn Profile</span></a></span></strong></span>)</span></p>\r\n<p><span style=\"font-size: large;\">The writer of the blog is a experienced (9+ years) sales, commercial and sustainability strategy expert. He has worked across multiple industry sectors including Healthcare, Real Estate, Management Consulting, Metals. He is a MBA from IIM Ahmedabad, 2014.</span></p>','Tamojit Tarit Roy','470470003noun_specialist_787438.svg','2027029861Defining a niche for your career.png','2019-01-13 09:22:42','2019-01-22 09:39:19');
/*!40000 ALTER TABLE `blogs` ENABLE KEYS */;
UNLOCK TABLES;

--
-- Table structure for table `ca_faq`
--

DROP TABLE IF EXISTS `ca_faq`;
/*!40101 SET @saved_cs_client     = @@character_set_client */;
/*!40101 SET character_set_client = utf8 */;
CREATE TABLE `ca_faq` (
  `id` int(11) NOT NULL AUTO_INCREMENT,
  `type` int(11) DEFAULT '1',
  `question` text NOT NULL,
  `answer` text NOT NULL,
  `sortOrder` int(11) NOT NULL DEFAULT '0',
  PRIMARY KEY (`id`),
  KEY `type` (`type`),
  CONSTRAINT `ca_faq_ibfk_1` FOREIGN KEY (`type`) REFERENCES `ca_faq_type` (`id`)
) ENGINE=InnoDB AUTO_INCREMENT=63 DEFAULT CHARSET=latin1;
/*!40101 SET character_set_client = @saved_cs_client */;

--
-- Dumping data for table `ca_faq`
--

LOCK TABLES `ca_faq` WRITE;
/*!40000 ALTER TABLE `ca_faq` DISABLE KEYS */;
INSERT INTO `ca_faq` VALUES (30,1,'What Is the MBAtrek Campus Ambassador Program about?','MBAtrek Campus Ambassador Program is a campus connect program that aims to activate a network of like-minded students across India to spread the idea of corporate skill development and career planning among students. On successfully completing the ‘Legend’ level, you would have won prizes worth ? 20,000  and a PPI at MBAtrek.',0),(31,1,'What is the eligibility criteria to be selected as an MBAtrek Campus Ambassador?','Anyone who meets the below criteria: \r\n•	Graduate and post graduate students in final or pre-final year of their current course in India\r\n•	Strong written and verbal communication skills in English \r\n',1),(32,1,'How do I apply? What is the application process?','Click on the “Apply Now” button above to begin the application process. \r\n•	The first step is to answer the given questions and impress our team with your ideas. If you really impress us with your responses\r\n•	We’ll then ask you to upload a video telling us about yourself\r\n•	In the final stage you would have an interview over a video call through platforms like Skype, Google Duo, etc.\r\n•	Results would be communicated through emails and WhatsApp messages\r\n',2),(33,1,'When is the last date to apply?','We don’t have a fixed last date of application to be an MBAtrek Campus Ambassador, we follow a rolling process. You can apply whenever you feel there is a need to spread a word for skilling-up and career development.',3),(34,1,'What is the duration of the program? What is the time commitment?','There is no fixed duration of the program, you can be a campus ambassador till the completion of your course. Time commitment is totally dependent on you, you may earn more points by putting in the extra effort.',4),(35,1,'When and how will I know whether I am selected or not?','After you submit your answers, we’ll get back to you with the results within 5-7 business days. We will keep you informed at every stage through emails and WhatsApp messages. You can also follow us on various social media platforms to be updated about any developments.',5),(36,1,'Can students from any college / institute apply? What if my college / institute already has an MBAtrek campus ambassador?','Any student from any course, college / institute / university in India, who are in the final or pre-final year of their degree can apply to become a campus ambassador. A campus can have multiple MBAtrek Campus Ambassadors, this however is up to the discretion of the company.',6),(37,1,'Can I be removed / terminated from the program?','Yes, a campus ambassador can be terminated from the program if he/she is found indulging in any immoral or unethical activities, engaging in badmouthing the company, or trying to game the point system.',7),(38,1,'What if I want to withdraw from the program?','You can withdraw from the program if you want by sending us a notice of at least 1 week.',8),(39,1,'Will I have to visit the MBAtrek office during the program?','No, at no point during the program you’ll be asked to visit the MBAtrek office. But you are most welcome to visit our office to discuss any ideas or if you need any career support.',9),(40,1,'What support will be provided by MBAtrek team?','Yes, MBAtrek will provide adequate resources and guidance for successful execution of planned marketing activities',10),(41,1,'Where do I need to send the video? What is the video all about?','If our team is impressed by your ideas in the first stage, we will get back to you with the details for uploading the video. Please note you are not required to upload the video till you are selected for the particular round. ',11),(42,1,'Would I need to be active during my college / university exams as well?','You would not be asked to organize an activity during your exams, but you continue earning points by participating in the social media campaigns if you want.',12),(43,1,'Do I continue to be a campus ambassador even after completing my course of study?','No, once you have completed your course, you would no longer be an MBAtrek campus ambassador.',13),(46,2,'What are the rewards for each level?','<p>You get following rewards on completing each level:</p>\r\n<p>&lsquo;Newbie&rsquo;: Prizes worth Rs. 1,500 (this includes amazon gift card, MBAtrek branded stationery and mug</p>\r\n<p>&lsquo;Rookie&rsquo;: Prizes worth Rs. 3,500 (this includes amazon gift card, MBAtrek t-shirt, cap, keychain and MBAtrek Resume Diagnostic)</p>\r\n<p>&lsquo;Rockstar&rsquo;: Prizes worth Rs. 5,000 (this includes amazon gift card, Sipper, power bank and MBAtrek LinkedIn Diagnostic, LinkedIn recommendation from MBAtrek founders)</p>\r\n<p>&lsquo;Legend&rsquo;: Prizes worth Rs. 10,000 (this includes amazon gift card, Boat Headphones, Pen drive, Bag, MBAtrek Company Analysis, feature on MBAtrek&rsquo;s Facebook page, and a PPI with MBAtrek)</p>',0),(47,2,'How will I get the rewards?','<p>If according to the weekly report you are eligible for a reward, then the rewards would be dispatched, and you will receive a confirmation email regarding the same. Your rewards will be delivered to the address provided by you. The amazon gift cards will be mailed at the email ID provided.</p>',0),(48,2,'When are the rewards dispatched?','<p>Rewards would be dispatched in the first week of every month. If you clear a level in a month then the rewards for that level would be dispatched in the first week of next month. In case you clear 2 levels in a given month, then you would receive the rewards for the levels together.</p>',0),(49,2,'What if I have not received my rewards?','<p>If you have received a confirmation email for dispatch of rewards and you have not received the rewards even after the expected day of delivery, please write to us at <a title=\"contact@mbatrek.com\" href=\"mailto:contact@mbatrek.com\" target=\"_self\">contact@mbatrek.com</a> with subject &lsquo;Rewards not delivered&rsquo;</p>',0),(50,2,'How will I get a PPI with MBAtrek? In which domain will I get the PPI?','<p>If you achieve the Legend level of the program, you will be eligible for a PPI with MBAtrek. Please note that along with the interview you will have to undergo the complete recruitment process as per our company&rsquo;s policies. The job profile would be offered based on the students&rsquo; qualifications, skills and company&rsquo;s requirements at that time.</p>',0),(51,2,'When will I get the certificate?','<p>A paper and e-certificate would be provided on completion of each level.</p>',0),(52,2,'Why were points not credited in my account even though I completed the task?','<p>If the points are not credited in your account, it means that you must have violated a rule for completion of the task. The rulebook will be shared with you once you are selected as a campus ambassador. If you still feel that points should have been credited, then please write to us at <a title=\"contact@mbatrek.com\" href=\"mailto:contact@mbatrek.com\" target=\"_self\">contact@mbatrek.com</a>.</p>',0),(53,2,'Is there a fixed monthly stipend or my expenses would be covered by MBAtrek?','<p>MBAtrek would deliver the rewards promised on rightful completion of each reward level. But no monthly stipend or any additional monetary benefit will be given.</p>',0),(54,2,'How will I get the LinkedIn recommendation?','<p>A personal LinkedIn recommendation would be provided to the campus ambassador on clearing the &lsquo;Rockstar&rsquo; level by the CEO of MBAtrek (<a title=\"Abhishek Srivastava\" href=\"https://www.linkedin.com/in/abhishek-mbatrek/\" target=\"_blank\">Abhishek Srivastava</a>).</p>',0),(55,2,'What happens when I reach the highest level?','<p>On completion of the Legend level, you get all the rewards along with a PPI at MBAtrek and you can keep earning referral bonus at the highest rate.</p>',0),(57,3,'What are the tasks I need to complete to clear each level?','<p>Specific details about each task would be shared with the selected students. The tasks involve sharing posts on social media, conducting activities / sessions on your campus, helping us gain better insights about problems faced by students in their career prep, etc.</p>',0),(58,3,'Will I get points for partially doing a task?','<p>No, points will be credited only when you complete a task.&nbsp;</p>',0),(59,3,'Why were points not credited in my account even though I completed the task?','<p><span style=\"font-size: 11.0pt; line-height: 107%; font-family: \'Calibri\',sans-serif; mso-ascii-theme-font: minor-latin; mso-fareast-font-family: Calibri; mso-fareast-theme-font: minor-latin; mso-hansi-theme-font: minor-latin; mso-bidi-font-family: \'Times New Roman\'; mso-bidi-theme-font: minor-bidi; mso-ansi-language: EN-US; mso-fareast-language: EN-US; mso-bidi-language: AR-SA;\">If the points are not credited in your account, it means that you must have violated a rule for completion of the task. The rulebook will be shared with you once you are selected as a campus ambassador. If you still feel that points should have been credited, then please write to us at <a title=\"contact@mbatrek.com\" href=\"mailto:contact@mbatrek.com\" target=\"_blank\">contact@mbatrek.com</a>.&nbsp;</span></p>',0),(60,3,'How can I track my progress / points earned?','<p>You will receive a weekly report with the points earned along with the tasks completed.</p>',0),(61,3,'How do I know about my progress against other Campus Ambassadors?','<p>The leaderboard will be shared, showcasing the points earned by the best performers and your current standing.</p>',0),(62,3,'How can I be a high performing MBAtrek Campus Ambassador?','<p>We expect the following from a high performing MBAtrek Campus Ambassador:</p>\r\n<p>Stay on top of the requirements of your level and continue to review your progress</p>\r\n<p>Focus on getting the message of corporate skill development and career planning on campus, don\'t get too fussed if you don\'t make your referrals</p>\r\n<p>Please do not engage in any ethical and immoral means to promote MBAtrek, in doubt, please check with us.</p>\r\n<p>Don&rsquo;t try to game the referral and point system, we will be reviewing your progress</p>\r\n<p>Let us know if you are falling behind on deadlines and events, we understand if you are busy and things come up. It\'s called life.</p>',0);
/*!40000 ALTER TABLE `ca_faq` ENABLE KEYS */;
UNLOCK TABLES;

--
-- Table structure for table `ca_faq_type`
--

DROP TABLE IF EXISTS `ca_faq_type`;
/*!40101 SET @saved_cs_client     = @@character_set_client */;
/*!40101 SET character_set_client = utf8 */;
CREATE TABLE `ca_faq_type` (
  `id` int(11) NOT NULL AUTO_INCREMENT,
  `name` varchar(255) NOT NULL,
  PRIMARY KEY (`id`)
) ENGINE=InnoDB AUTO_INCREMENT=4 DEFAULT CHARSET=latin1;
/*!40101 SET character_set_client = @saved_cs_client */;

--
-- Dumping data for table `ca_faq_type`
--

LOCK TABLES `ca_faq_type` WRITE;
/*!40000 ALTER TABLE `ca_faq_type` DISABLE KEYS */;
INSERT INTO `ca_faq_type` VALUES (1,'Program'),(2,'Rewards'),(3,'Tasks');
/*!40000 ALTER TABLE `ca_faq_type` ENABLE KEYS */;
UNLOCK TABLES;

--
-- Table structure for table `campus_ambassador`
--

DROP TABLE IF EXISTS `campus_ambassador`;
/*!40101 SET @saved_cs_client     = @@character_set_client */;
/*!40101 SET character_set_client = utf8 */;
CREATE TABLE `campus_ambassador` (
  `id` int(11) NOT NULL AUTO_INCREMENT,
  `first_name` varchar(255) NOT NULL,
  `last_name` varchar(255) NOT NULL,
  `mobile_number` varchar(255) NOT NULL,
  `email_id` varchar(255) NOT NULL,
  `college_id` int(11) NOT NULL,
  `course_id` int(11) NOT NULL,
  `year_of_graduation_id` int(11) NOT NULL,
  `question_1` text NOT NULL,
  `question_2` text NOT NULL,
  `question_3` text,
  `registeration_date` datetime NOT NULL,
  `name_of_college` varchar(255) DEFAULT NULL,
  `name_of_course` varchar(255) DEFAULT NULL,
  PRIMARY KEY (`id`),
  KEY `email_id` (`email_id`),
  KEY `college_id` (`college_id`),
  KEY `course_id` (`course_id`),
  KEY `year_of_graduation_id` (`year_of_graduation_id`),
  CONSTRAINT `campus_ambassador_ibfk_1` FOREIGN KEY (`college_id`) REFERENCES `colleges` (`id`) ON DELETE CASCADE ON UPDATE CASCADE,
  CONSTRAINT `campus_ambassador_ibfk_2` FOREIGN KEY (`course_id`) REFERENCES `courses` (`id`) ON DELETE CASCADE ON UPDATE CASCADE,
  CONSTRAINT `campus_ambassador_ibfk_3` FOREIGN KEY (`year_of_graduation_id`) REFERENCES `year_of_graduation` (`id`) ON DELETE CASCADE ON UPDATE CASCADE
) ENGINE=InnoDB AUTO_INCREMENT=3 DEFAULT CHARSET=latin1;
/*!40101 SET character_set_client = @saved_cs_client */;

--
-- Dumping data for table `campus_ambassador`
--

LOCK TABLES `campus_ambassador` WRITE;
/*!40000 ALTER TABLE `campus_ambassador` DISABLE KEYS */;
INSERT INTO `campus_ambassador` VALUES (1,'Priyank','Saini','9540106565','priyanksaini2010@gmail.com',3,1,2,'addsfs','sfdsdf','dfd','2019-01-14 03:14:40','',''),(2,'test','test','9311184588','rahul.j18@mhrod.in',2,2,1,'3r3r','3r3r','3rr3','2019-01-21 03:36:21','1234college','1234course');
/*!40000 ALTER TABLE `campus_ambassador` ENABLE KEYS */;
UNLOCK TABLES;

--
-- Table structure for table `cart`
--

DROP TABLE IF EXISTS `cart`;
/*!40101 SET @saved_cs_client     = @@character_set_client */;
/*!40101 SET character_set_client = utf8 */;
CREATE TABLE `cart` (
  `id` int(11) NOT NULL AUTO_INCREMENT,
  `user_id` int(11) NOT NULL,
  `product_id` int(11) NOT NULL,
  `gstin` varchar(255) DEFAULT NULL,
  `date_created` datetime NOT NULL,
  `status` int(11) NOT NULL,
  `order_id` int(11) DEFAULT NULL,
  PRIMARY KEY (`id`),
  KEY `user_id` (`user_id`),
  KEY `product_id` (`product_id`),
  KEY `order_id` (`order_id`),
  CONSTRAINT `cart_ibfk_1` FOREIGN KEY (`user_id`) REFERENCES `users_new` (`id`) ON DELETE CASCADE ON UPDATE CASCADE,
  CONSTRAINT `cart_ibfk_2` FOREIGN KEY (`product_id`) REFERENCES `products` (`id`) ON DELETE CASCADE ON UPDATE CASCADE,
  CONSTRAINT `cart_ibfk_3` FOREIGN KEY (`order_id`) REFERENCES `customer_order` (`id`) ON DELETE CASCADE ON UPDATE CASCADE
) ENGINE=InnoDB AUTO_INCREMENT=261 DEFAULT CHARSET=latin1;
/*!40101 SET character_set_client = @saved_cs_client */;

--
-- Dumping data for table `cart`
--

LOCK TABLES `cart` WRITE;
/*!40000 ALTER TABLE `cart` DISABLE KEYS */;
INSERT INTO `cart` VALUES (205,51,24,NULL,'2019-01-03 09:59:23',1,NULL),(211,37,18,NULL,'2019-01-07 10:38:11',1,NULL),(216,2,24,NULL,'2019-01-11 11:01:56',2,11),(219,2,30,NULL,'2019-01-14 05:16:46',2,11),(220,23,28,NULL,'2019-01-14 05:48:35',2,8),(222,2,23,NULL,'2019-01-14 05:58:05',2,11),(224,23,22,NULL,'2019-01-15 10:31:25',1,NULL),(237,54,25,'ca2@mbatrek.com','2019-01-24 02:47:08',1,NULL),(238,54,21,NULL,'2019-01-25 10:05:28',1,NULL),(239,2,28,NULL,'2019-01-25 05:10:36',1,NULL);
/*!40000 ALTER TABLE `cart` ENABLE KEYS */;
UNLOCK TABLES;

--
-- Table structure for table `cart_ip`
--

DROP TABLE IF EXISTS `cart_ip`;
/*!40101 SET @saved_cs_client     = @@character_set_client */;
/*!40101 SET character_set_client = utf8 */;
CREATE TABLE `cart_ip` (
  `id` int(11) NOT NULL AUTO_INCREMENT,
  `ip` varchar(255) NOT NULL,
  `product_id` int(11) NOT NULL,
  `date_created` datetime NOT NULL,
  `status` int(11) NOT NULL,
  PRIMARY KEY (`id`),
  KEY `ip` (`ip`),
  KEY `product_id` (`product_id`),
  CONSTRAINT `cart_ip_ibfk_1` FOREIGN KEY (`product_id`) REFERENCES `products` (`id`) ON DELETE CASCADE ON UPDATE CASCADE
) ENGINE=InnoDB AUTO_INCREMENT=4 DEFAULT CHARSET=latin1;
/*!40101 SET character_set_client = @saved_cs_client */;

--
-- Dumping data for table `cart_ip`
--

LOCK TABLES `cart_ip` WRITE;
/*!40000 ALTER TABLE `cart_ip` DISABLE KEYS */;
INSERT INTO `cart_ip` VALUES (1,'127.0.0.1',17,'2018-08-13 10:55:27',1),(3,'1.22.212.216',17,'2018-08-13 06:21:18',1);
/*!40000 ALTER TABLE `cart_ip` ENABLE KEYS */;
UNLOCK TABLES;

--
-- Table structure for table `colleges`
--

DROP TABLE IF EXISTS `colleges`;
/*!40101 SET @saved_cs_client     = @@character_set_client */;
/*!40101 SET character_set_client = utf8 */;
CREATE TABLE `colleges` (
  `id` int(11) NOT NULL AUTO_INCREMENT,
  `name` varchar(255) NOT NULL,
  `sortOrder` int(11) NOT NULL DEFAULT '0',
  PRIMARY KEY (`id`)
) ENGINE=InnoDB AUTO_INCREMENT=4 DEFAULT CHARSET=latin1;
/*!40101 SET character_set_client = @saved_cs_client */;

--
-- Dumping data for table `colleges`
--

LOCK TABLES `colleges` WRITE;
/*!40000 ALTER TABLE `colleges` DISABLE KEYS */;
INSERT INTO `colleges` VALUES (1,'SITE Meerut',1),(2,'Others',2),(3,'Amity Business School',0);
/*!40000 ALTER TABLE `colleges` ENABLE KEYS */;
UNLOCK TABLES;

--
-- Table structure for table `colleges_competition`
--

DROP TABLE IF EXISTS `colleges_competition`;
/*!40101 SET @saved_cs_client     = @@character_set_client */;
/*!40101 SET character_set_client = utf8 */;
CREATE TABLE `colleges_competition` (
  `id` int(11) NOT NULL AUTO_INCREMENT,
  `name` varchar(255) NOT NULL,
  `sortOrder` int(11) NOT NULL DEFAULT '0',
  PRIMARY KEY (`id`)
) ENGINE=InnoDB AUTO_INCREMENT=5 DEFAULT CHARSET=latin1;
/*!40101 SET character_set_client = @saved_cs_client */;

--
-- Dumping data for table `colleges_competition`
--

LOCK TABLES `colleges_competition` WRITE;
/*!40000 ALTER TABLE `colleges_competition` DISABLE KEYS */;
INSERT INTO `colleges_competition` VALUES (1,'SITE Meerut',0),(2,'SITE Meerut',2),(3,'rerere',1),(4,' My College / University is not mentioned',3);
/*!40000 ALTER TABLE `colleges_competition` ENABLE KEYS */;
UNLOCK TABLES;

--
-- Table structure for table `contact`
--

DROP TABLE IF EXISTS `contact`;
/*!40101 SET @saved_cs_client     = @@character_set_client */;
/*!40101 SET character_set_client = utf8 */;
CREATE TABLE `contact` (
  `id` int(11) NOT NULL AUTO_INCREMENT,
  `first_name` varchar(255) NOT NULL,
  `last_name` varchar(255) NOT NULL,
  `mobile_no` varchar(255) NOT NULL,
  `email` varchar(255) NOT NULL,
  `are_you` enum('Company Rep','Institute Rep','College Student','Young Professional') NOT NULL,
  `name_of_company_institute` varchar(255) NOT NULL,
  `subject` varchar(255) NOT NULL,
  `your_message` text NOT NULL,
  PRIMARY KEY (`id`)
) ENGINE=InnoDB AUTO_INCREMENT=435 DEFAULT CHARSET=latin1;
/*!40101 SET character_set_client = @saved_cs_client */;

--
-- Dumping data for table `contact`
--

LOCK TABLES `contact` WRITE;
/*!40000 ALTER TABLE `contact` DISABLE KEYS */;
INSERT INTO `contact` VALUES (284,'asda','sdasd','asd','asd@gmail.com','Institute Rep','sdas','asdada','dasdasd'),(285,'asda','sdasd','asd','asd@gmail.com','Institute Rep','sdas','asdada','dasdasd'),(286,'priyank','saini','9540186565','priyanksaini2010@gmail.com','Company Rep','sdfsdf','sdf','\'l;\';\''),(287,'aa','a','7042085845','a@gmail.com','Company Rep','a','a','n'),(288,'a','a','7042085845','a@gmail.com','Company Rep','a','a','a'),(289,'a','a','7042085845','a@gmail.com','Company Rep','a','a','a'),(290,'ayushi','gupta','7042085845','a@gmail.com','Institute Rep','ayushi','aa','a'),(291,'Abhishek','Srivastava','8800466800','srivastav.abhishek@gmail.com','Company Rep','TEST','HI','HI'),(292,'ayushi','gupta','7042085845','ca2@mbatrek.com','Company Rep','mbatrek','a','a'),(293,'Abhishek','Srivastava','8800466800','abhisheksrivastav@hotmail.com','Company Rep','Abhishek','Test','Test'),(294,'Warrenref','Warrenref','Warrenref','barinos@hotmail.com','Company Rep','Warrenref','Finde eine hei??e Frau f??r guten Sex in deiner Stadt','Hei??e Frauen f??r guten Sex jeden Tag: http://tans.me/bestadultdatinginyourcity73002'),(295,'Hoseajap','Hoseajap','Hoseajap','lodisoccer@sbcglobal.net','Company Rep','Hoseajap','Femmes Chaudes Pour Le Sexe Dans Votre Ville','Les femmes chaudes et juteuses de votre ville veulent du sexe: http://www.short4free.us/sexygirlsinyourcity91555'),(296,'CharlesSak','CharlesSak','CharlesSak','riebs.53@gmail.com','Company Rep','CharlesSak','Hot women for sex in your town','Find a hot woman for good sex in your town: https://atho.me/3MHl'),(297,'BookerGrics','BookerGrics','BookerGrics','homie@gmail.com','Company Rep','BookerGrics','Invest $ 1000 and get $ 5000 every month','Invest $ 1000 and get $ 5000 every month: http://awalsh.com/invest100063841'),(298,'orelofe','orelofe','orelofe','hannah@massage-ny.com','Company Rep','orelofe','Best Mackenzie workshop sensual in Manhattan',' \r\nThe salon happy ending waiting visit one of the kinds massage, is what we do. The amazing women our the salon will give you an unforgettable experience. The spa center is a place of rest and relaxation. \r\nThe school Endermological massage in Fresno \r\nconsidered superior technique gain strength at the end of the strenuous work is Bodywork massage. \r\nGood way better understand in feelings and preferences of a loved one - a common Happy ending massage, producing strong stimulating effect. The skill Exotic massage in Denver opens space for  creativity in building deep connections, besides this is amazing method state love and appreciation sweetheart to man. \r\nsex foot massage in Oklahoma City from long-legged the  therapist  the massage. Visitors can come to the erotic salon and get several types of massage. \r\n \r\nAudrey from the school of the Oriental massage in San Jose become will your own private masseuse at any day. \r\n \r\n \r\n \r\nMassage room NY.  - <a href=https://body2body.massage-ny.com/>body to body massage</a> \r\n'),(299,'Emma','Parker','Txtmfqyd','emmahdu30parker@aol.com','Company Rep','Choice Traffic','Visitors for mbatrek.com','Hi, wanted to say what a great site you have.  Was wondering could your company handle more customers?\r\n\r\nWe connect people interested in your niche with businesses that do busienss in that niche.  Learn how we can drive more visitors to your site and help you grow your business.\r\n\r\nhttps://promoyoursite.icu/t3-visitors?=mbatrek.com\r\n\r\nRegards\r\nEmma\r\nTraffic Expert\r\nChoice Traffic\r\n\r\n\r\n\r\n\r\n\r\n\r\n\r\n\r\n\r\n\r\n\r\n\r\n\r\n\r\n\r\n\r\n\r\n\r\n361 Southwest Drive Suite #731 Jonesboro, AR 72401\r\n\r\nIf you did not like this commercial message you  may opt out here:  https://promoyoursite.icu/unsubscribe.php?site=mbatrek.com \r\n\r\n\r\n\r\n\r\n\r\n\r\n'),(300,'AlbertJew','AlbertJew','AlbertJew','falkenberg@hydroscand.se','Company Rep','AlbertJew','Here is  an amazingoffers for you.',' Hey What we have here is , an amazingoffer \r\n Are you in?  \r\n \r\nhttp://bit.ly/2Ptpaor'),(301,'BarzyEmefs','BarzyEmefs','BarzyEmefs','vilmedus@yandex.com','Company Rep','BarzyEmefs','Appropriate cheaply issue no remedy','buy viagra plus cialis for\r\n http://viagra-genericz.us - viagra generic\r\n  propecia cialis soft tabs online\r\n <a href=\"http://viagra-genericz.us\">generic viagra online\r\n</a> - cialis 20mg online registered users\r\n cialis pills for men all times are utc\r\n'),(302,'SVSscoum','SVSscoum','SVSscoum','mlobov@svs-samara.ru','Company Rep','SVSscoum','????????????? ???????','?????????????? ?? ??????? ?? ??????? ??????????? ?????????????????? ????????? ??????????? ????? ??? ????? ???? ????? ??????? ? ?????????????. ??? ????? ??? ???? ????? ???????? ? ?????? ??? ???? ????? ????????? ????? ??????????. \r\n????????????? ????????? ????? ???????????? ???????? ?? ????? ???????? ?????????? ?? ????????????? ?? ?????? ??????? ?????. \r\n \r\n? 80% ??????? ???????? ?????????????? ?? ????????? ?????? ??? ???????? ? ??????? ???????????? ????????, ??? ???????? ????????????? ???????????? ??????? ????? ????? ????????. \r\n \r\n?????????? ????? ??????????? ?? ??????? ??? (??????????????-???????? ???????)  ? ?????????? ?????????????????? (??????) ???????????? ??????? ?????????? ???? ?????? ????, ??? ??????? ??? ? ???????????? ????????. \r\n \r\n \r\nSpecVodService : <a href=https://svs-samara.ru/skvazhiny/uvelichenie-proizvoditelnosti-debita-vodozabornyh-skvazhin/>?????????? ?????? ???????</a>'),(303,'BookerGrics','BookerGrics','BookerGrics','vcoyle2001@yahoo.com','Company Rep','BookerGrics','Les femmes chaudes et juteuses de votre ville veulent du sexe','Les femmes chaudes et juteuses de votre ville veulent du sexe: http://to.ht/bestsexoffersinyourcity62993'),(304,'Andrewantat','Andrewantat','Andrewantat','el_3azme88@hotmail.com','Company Rep','Andrewantat','Invest $ 1000 and get $ 5000 every month','Invest $ 1000 and get $ 5000 every month: https://tinyurl.com/5000permonth81503'),(305,'Andrewantat','Andrewantat','Andrewantat','seairra19sj@yahoo.com','Company Rep','Andrewantat','Hot women for sex in your town','Hot women for sex in your town: http://www.short4free.us/realdatingsexinyourcity48494'),(306,'Warrenref','Warrenref','Warrenref','btraverse@hotmail.com','Company Rep','Warrenref','Invest $ 1000 and get $ 15000 every month','Invest $ 1000 and get $ 15000 every month: http://rih.co/5000perweek27433'),(307,'Hoseajap','Hoseajap','Hoseajap','freedomsong@peoplepc.com','Company Rep','Hoseajap','Get $150 ??“ $600 per DAY','Auto Mass Money Maker: http://www.abcagency.se/35000perweek53335'),(308,'Michaelgex','Michaelgex','Michaelgex','tobias.larsson@aikfotboll.se','Company Rep','Michaelgex','Here is  a goodoffers for you.','  Look what we have for you! an amazingoffer \r\n Are you in?  \r\n \r\nhttp://bit.ly/2UCTCjZ'),(309,'Fizelbes','Fizelbes','Fizelbes','kinfedux@yandex.com','Company Rep','Fizelbes','Pre-eminence tatty issue instruction','cbd tincture reviews\r\n http://bestcbdoil4pain.com - where to buy cbd oil\r\n  can cbd oil cause anxiety\r\n <a href=\"http://bestcbdoil4pain.com\">cbd\r\n</a> - how long for cbd oil to work for anxiety\r\n best cbd oil for anxiety and depression\r\n'),(310,'ShowGam','ShowGam','ShowGam','darthvader.veider@yandex.com','Company Rep','ShowGam','Download Showbox APK for Android','Looking for the best app to watch free movies on your Android phone? Then your should check Showbox app. This is the most famous app today that has a big library of tv shows and films. This app is also available for pc users. But your need to download it first to enjoy free tv-shows <a href=http://showbox-all.com>Download Showbox for PC</a>'),(311,'Fizelbes','Fizelbes','Fizelbes','kinfedux@yandex.com','Company Rep','Fizelbes','Codification cheap upshot downer','best cbd oil for anxiety and depression\r\n http://bestcbdoil4pain.com - cbd\r\n  hemp cbd oil\r\n <a href=\"http://bestcbdoil4pain.com\">cbd\r\n</a> - how long does cbd vape stay in your system\r\n cbd without thc for sale\r\n'),(312,'CharlesSak','CharlesSak','CharlesSak','jpontek@yahoo.com','Company Rep','CharlesSak','Get $100 ??“ $600 A Day','$200 for 10 mins ???work????: https://atho.me/3Sl8'),(313,'ZobertMooth','ZobertMooth','ZobertMooth','kamfuret@yandex.com','Company Rep','ZobertMooth','Rank tatty issue instruction','hemp cbd oil\r\n <a href=http://cbdoilforsales.com>cbd oil benefits\r\n</a>  how many drops of cbd oil for anxiety\r\n <a href=\"http://cbdoilforsales.com\">cbd oil\r\n</a> - cbd freeze reviews\r\n cannabidiol legal\r\n'),(314,'Randyram','Randyram','Randyram','chappieshane@yahoo.com','Company Rep','Randyram','Hot and juicy women in your city want sex','Fuck tonight juicy woman in your town: https://tinyurl.com/ybglsex7'),(315,'Hoseajap','Hoseajap','Hoseajap','littlebeartiew@yahoo.com','Company Rep','Hoseajap','Fick heute Nacht saftige Frau in deiner Stadt','Hei??e Frauen f??r Sex in deiner Stadt: http://hornets.jp/link/?go=http://instameet-match33.com/?u=u348mwe&o=6hle3ul'),(316,'tooley','tooley','Satanity','victoria.korff@gmx.de','Company Rep','tooley','Please note nicepresent for winning.','Good man! Please note nice present offers for you.  Just click on the link below to qualify. http://bit.ly/2J9ruQ7'),(317,'Richardkam','Richardkam','Richardkam','cjaime60@hotmail.com','Company Rep','Richardkam','Hot and juicy women in your city want sex','Hot women for sex in your town: http://www.gennadij.pavlenko.name/rdr.php?url=https://xrjjr.lovenights.net/c/da57dc555e50572d?s1=17496&s2=102105&j1=1&j3=1'),(318,'BookerGrics','BookerGrics','BookerGrics','santamaria_g@hotmail.com','Company Rep','BookerGrics','Hot women for good sex every day','Hot and juicy women in your city want sex: http://home.th9.org/link.php?url=https://xrjjr.lovenights.net/c/da57dc555e50572d?s1=17496&s2=102105&j1=1&j3=1'),(319,'ZobertMooth','ZobertMooth','ZobertMooth','kamfuret@yandex.com','Company Rep','ZobertMooth','Body for a song upshot pharmaceutical','cbd oil vape pen starter kit\r\n <a href=http://cbdoilforsales.com>cbd oil\r\n</a>  cbd in vape\r\n <a href=\"http://cbdoilforsales.com\">cbd oil\r\n</a> - cbd oil benefits\r\n cbd without thc vape\r\n'),(320,'DerekPhymn','DerekPhymn','DerekPhymn','antiuniversitynow@gmail.com','Company Rep','DerekPhymn','Look at an interestingoffer for you.',' Hi What we have here is , a fineoffering \r\n Are you in?  \r\n \r\nhttp://bit.ly/2rMWKfW'),(321,'CarlosVielm','CarlosVielm','CarlosVielm','jeanclersander171@hotmail.com','Company Rep','CarlosVielm','Hei??e und saftige Frauen in Ihrer Stadt wollen Sex','Hei??e Frauen f??r Sex in deiner Stadt: http://www.short4free.us/bestsexygirls79766'),(322,'Zerrydoult','Zerrydoult','Zerrydoult','binzedax@yandex.com','Company Rep','Zerrydoult','Direction tatty upshot instruction','how many drops of cbd oil should i take\r\n http://cbdvapejuice1.com - cbd vape juice\r\n  cannabidiol reviews\r\n <a href=\"http://cbdvapejuice1.com\">cbd vape\r\n</a> - cbd drops how to use\r\n cbd dosage for inflammation\r\n'),(323,'Randyram','Randyram','Randyram','bjabair@hotmail.com','Company Rep','Randyram','How to make $10,000 Per day FAST','How To Make Extra Money From Home - $3000 Per Day Easy: http://corta.co/15000perday30820'),(324,'StevenLib','StevenLib','StevenLib','jorgepkz559@yahoo.com','Company Rep','StevenLib','Wie mache ich ?‚¬ 3000 pro Tag?','Wie man aus ?‚¬ 3.000 ?‚¬ 128.000 macht: http://www.short4free.us/$15000perday73491'),(325,'Hoseajap','Hoseajap','Hoseajap','antipope666@hotmail.com','Company Rep','Hoseajap','How would you use $3,000 to make more money','How to Make $3000 FAST | Fast Money | The Busy Budgeter: https://e13.co/15000perday27569'),(326,'MichaelUphon','MichaelUphon','MichaelUphon','richardo@gmail.com','Company Rep','MichaelUphon','Behold is  a fineoffering for you.',' Hey Good news ! an amazingoffer \r\n To qualify click on the link below  \r\n \r\nhttp://bit.ly/2rN4Vc8'),(327,'CharlesSak','CharlesSak','CharlesSak','shivani19@msn.com','Company Rep','CharlesSak','How to make $10,000 Per day FAST','What\'s the easiest way to earn $3000 a month: http://corta.co/7777794181'),(328,'ayushi','gupta','7042085845','ca2@mbatrek.com','Company Rep','amity','enquiry','a'),(329,'Randyram','Randyram','Randyram','momma1time@yahoo.com','Company Rep','Randyram','Fuck tonight juicy woman in your town','Hot women for good sex every day: http://go.fireontherim.com/72292'),(330,'Hoseajap','Hoseajap','Hoseajap','rosseta113@msn.com','Company Rep','Hoseajap','Hot and juicy women in your city want sex','Fuck tonight juicy woman in your town: http://rih.co/69836'),(331,'Richardkam','Richardkam','Richardkam','jrondanv@gmail.com','Company Rep','Richardkam','Find a hot woman for good sex in your town','Hot and juicy women in your city want sex: https://arill.us/75911'),(332,'Richardkam','Richardkam','Richardkam','edcruzcrb@hotmail.com','Company Rep','Richardkam','Hot women for good sex every day','Hot women for good sex every day: https://aaa.moda/20721'),(333,'BookerGrics','BookerGrics','BookerGrics','shawnham317@gmail.com','Company Rep','BookerGrics','Hot women for good sex every day','Find a hot woman for good sex in your town: https://atho.me/3PZI'),(334,'Thomasliaxy','Thomasliaxy','Thomasliaxy','jerryekane@aol.com','Company Rep','Thomasliaxy','Paid Surveys: Earn $3,000 Or More Per Week','How to Turn $3,000 into $128,000: https://arill.us/bestinvestsystem66965'),(335,'Thomasliaxy','Thomasliaxy','Thomasliaxy','ramanlal@msn.com','Company Rep','Thomasliaxy','Paid Surveys: Earn $3,000 Or More Per Week','How to Turn $3,000 into $128,000: https://arill.us/bestinvestsystem66965'),(336,'Thomasliaxy','Thomasliaxy','Thomasliaxy','roseann21@hotmail.com','Company Rep','Thomasliaxy','Paid Surveys: Earn $3,000 Or More Per Week','How to Turn $3,000 into $128,000: https://arill.us/bestinvestsystem66965'),(337,'Thomasliaxy','Thomasliaxy','Thomasliaxy','mylove3jai@yahoo.com','Company Rep','Thomasliaxy','Paid Surveys: Earn $3,000 Or More Per Week','How to Turn $3,000 into $128,000: https://arill.us/bestinvestsystem66965'),(338,'Thomasliaxy','Thomasliaxy','Thomasliaxy','ilotna@msn.com','Company Rep','Thomasliaxy','Paid Surveys: Earn $3,000 Or More Per Week','How to Turn $3,000 into $128,000: https://arill.us/bestinvestsystem66965'),(339,'Thomasliaxy','Thomasliaxy','Thomasliaxy','julemeyers@aol.com','Company Rep','Thomasliaxy','Paid Surveys: Earn $3,000 Or More Per Week','How to Turn $3,000 into $128,000: https://arill.us/bestinvestsystem66965'),(340,'Thomasliaxy','Thomasliaxy','Thomasliaxy','eretzloff@msn.com','Company Rep','Thomasliaxy','Paid Surveys: Earn $3,000 Or More Per Week','How to Turn $3,000 into $128,000: https://arill.us/bestinvestsystem66965'),(341,'Thomasliaxy','Thomasliaxy','Thomasliaxy','zoeb@hotmail.com','Company Rep','Thomasliaxy','Paid Surveys: Earn $3,000 Or More Per Week','How to Turn $3,000 into $128,000: https://arill.us/bestinvestsystem66965'),(342,'Randyram','Randyram','Randyram','quentin102@msn.com','Company Rep','Randyram','What\'s the easiest way to earn $3000 a month','I\'m 23. I have $3000. How can I best use it to make more money: https://tinyurl.com/bestinvestsystem68840'),(343,'DazrnellBut','DazrnellBut','DazrnellBut','mundokix@yandex.com','Company Rep','DazrnellBut','Stature tight-fisted output pharmaceutical','cbd seeds\r\n <a href=http://cannabisoil-cannabidiol.com>best cbd oil\r\n</a>  cbd medical\r\n <a href=\"http://cannabisoil-cannabidiol.com\">cannabis oil\r\n</a> - cbd defenition\r\n cannabidiol\r\n'),(344,'Thomasliaxy','Thomasliaxy','Thomasliaxy','attiliot@msn.com','Company Rep','Thomasliaxy','How To Make Extra Money From Home - $3000 Per Day Easy','Paid Surveys: Earn $3,000 Or More Per Week: http://webhop.se/bestinvestsystem18941'),(345,'Thomasliaxy','Thomasliaxy','Thomasliaxy','cerise_h@hotmail.com','Company Rep','Thomasliaxy','How To Make Extra Money From Home - $3000 Per Day Easy','Paid Surveys: Earn $3,000 Or More Per Week: http://webhop.se/bestinvestsystem18941'),(346,'SergioMok','SergioMok','SergioMok','ednarancier@gmail.com','Company Rep','SergioMok','Was ist der einfachste Weg, um ?‚¬ 3000 pro Monat zu verdienen?','Ich bin 23. Ich habe ?‚¬ 3000. Wie kann ich es am besten nutzen, um mehr Geld zu verdienen: http://rih.co/bestinvestsystem48613'),(347,'Thomasliaxy','Thomasliaxy','Thomasliaxy','cromwellva@verizon.net','Company Rep','Thomasliaxy','Hei?e Frauen fur guten Sex jeden Tag','Finde eine hei?e Frau fur guten Sex in deiner Stadt: http://rih.co/bestsexywomaninyourcity75561'),(348,'Thomasliaxy','Thomasliaxy','Thomasliaxy','bardsrhapsode@aim.com','Company Rep','Thomasliaxy','Hei?e Frauen fur guten Sex jeden Tag','Finde eine hei?e Frau fur guten Sex in deiner Stadt: http://rih.co/bestsexywomaninyourcity75561'),(349,'Hoseajap','Hoseajap','Hoseajap','longsz@hotmail.com','Company Rep','Hoseajap','Hot women for good sex every day','Find a hot woman for good sex in your town: http://www.lookweb.it/bestsexywomaninyourcity86663'),(350,'Abhishek','Srivastava','8800466800','srivastav.abhishek@gmail.com','Company Rep','Test','TEST','ETSTSSFSF'),(351,'Jamesrag','Jamesrag','Jamesrag','polya.osipova.86@mail.ru','Company Rep','Jamesrag','?????? ??????????? ????????? ?????','???????? seo ????????? ??????????? ?????, ???????? ?????? ?? ??????????? ????? ?? ???? ????????? ???????? ?? ?????? ?????????? ? ????? ????? pokras7777 http://seoprofisional.ru/index.php?route=product/category&path=75 - ?????? ?????????? ???????? ?? ?????????? ????? ????????? ????? ??? ????'),(352,'Thomasliaxy','Thomasliaxy','Thomasliaxy','herdrich@hotmail.com','Company Rep','Thomasliaxy','Hei?e und saftige Frauen in Ihrer Stadt wollen Sex','Hei?e Frauen fur guten Sex jeden Tag: https://e13.co/bestsexywomaninyourcity99350'),(353,'Thomasliaxy','Thomasliaxy','Thomasliaxy','snoppylupe22@yahoo.com','Company Rep','Thomasliaxy','Hei?e und saftige Frauen in Ihrer Stadt wollen Sex','Hei?e Frauen fur guten Sex jeden Tag: https://e13.co/bestsexywomaninyourcity99350'),(354,'Thomasliaxy','Thomasliaxy','Thomasliaxy','amkinsella@hotmail.com','Company Rep','Thomasliaxy','Hei?e und saftige Frauen in Ihrer Stadt wollen Sex','Hei?e Frauen fur guten Sex jeden Tag: https://e13.co/bestsexywomaninyourcity99350'),(355,'Thomasliaxy','Thomasliaxy','Thomasliaxy','canye@pacbell.net','Company Rep','Thomasliaxy','Hei?e und saftige Frauen in Ihrer Stadt wollen Sex','Hei?e Frauen fur guten Sex jeden Tag: https://e13.co/bestsexywomaninyourcity99350'),(356,'Thomasliaxy','Thomasliaxy','Thomasliaxy','rnblonde01@aol.com','Company Rep','Thomasliaxy','Hei?e und saftige Frauen in Ihrer Stadt wollen Sex','Hei?e Frauen fur guten Sex jeden Tag: https://e13.co/bestsexywomaninyourcity99350'),(357,'Thomasliaxy','Thomasliaxy','Thomasliaxy','zoro13@hotmail.com','Company Rep','Thomasliaxy','Hei?e und saftige Frauen in Ihrer Stadt wollen Sex','Hei?e Frauen fur guten Sex jeden Tag: https://e13.co/bestsexywomaninyourcity99350'),(358,'Thomasliaxy','Thomasliaxy','Thomasliaxy','browneye47@msn.com','Company Rep','Thomasliaxy','Hei?e und saftige Frauen in Ihrer Stadt wollen Sex','Hei?e Frauen fur guten Sex jeden Tag: https://e13.co/bestsexywomaninyourcity99350'),(359,'Thomasliaxy','Thomasliaxy','Thomasliaxy','nomanshero666@yahoo.com','Company Rep','Thomasliaxy','Hei?e und saftige Frauen in Ihrer Stadt wollen Sex','Hei?e Frauen fur guten Sex jeden Tag: https://e13.co/bestsexywomaninyourcity99350'),(360,'delcina','delcina','Akhmimic','1997d1nza@aol.com','Company Rep','delcina','Look at a goodoffer for win.','Hi! There is an important news offer for you.  To qualify click on the link below. http://bit.ly/2J9ffmv'),(361,'Thomasliaxy','Thomasliaxy','Thomasliaxy','carolsorensen@hotmail.com','Company Rep','Thomasliaxy','Hei?e Frauen fur guten Sex jeden Tag','Fick heute Nacht saftige Frau in deiner Stadt: https://atho.me/3WuF'),(362,'Thomasliaxy','Thomasliaxy','Thomasliaxy','dumoulin14@hotmail.com','Company Rep','Thomasliaxy','Hei?e Frauen fur guten Sex jeden Tag','Fick heute Nacht saftige Frau in deiner Stadt: https://atho.me/3WuF'),(363,'Thomasliaxy','Thomasliaxy','Thomasliaxy','ragesse@yahoo.com','Company Rep','Thomasliaxy','Hei?e Frauen fur guten Sex jeden Tag','Fick heute Nacht saftige Frau in deiner Stadt: https://atho.me/3WuF'),(364,'BookerGrics','BookerGrics','BookerGrics','rodolfow@hotmail.com','Company Rep','BookerGrics','Find a hot woman for good sex in your town','Hot and juicy women in your city want sex: https://arill.us/bestsexywomaninyourcity94080'),(365,'MarvinCib','MarvinCib','MarvinCib','thekioskstudio@gmail.com','Company Rep','MarvinCib','Suit note an charmingoffers pro you.',' Hey Kindly communication ! a okjolly-boat \r\n Are you in?  \r\n \r\n \r\nhttps://drive.google.com/file/d/1VYC835EF5c2Cl5MSci4akCWNzp7SZW4h/preview'),(366,'Thomasliaxy','Thomasliaxy','Thomasliaxy','taboyd@carolina.rr.com','Company Rep','Thomasliaxy','Hei?e Frauen fur Sex in deiner Stadt','Fick heute Nacht saftige Frau in deiner Stadt: https://lil.ink/bestsexygirlsinyourcity78499'),(367,'Thomasliaxy','Thomasliaxy','Thomasliaxy','chucho41@hotmail.com','Company Rep','Thomasliaxy','Hei?e Frauen fur Sex in deiner Stadt','Fick heute Nacht saftige Frau in deiner Stadt: https://lil.ink/bestsexygirlsinyourcity78499'),(368,'Thomasliaxy','Thomasliaxy','Thomasliaxy','cgosorio@hotmail.com','Company Rep','Thomasliaxy','Hei?e Frauen fur Sex in deiner Stadt','Fick heute Nacht saftige Frau in deiner Stadt: https://lil.ink/bestsexygirlsinyourcity78499'),(369,'Thomasliaxy','Thomasliaxy','Thomasliaxy','amiediane@hotmail.com','Company Rep','Thomasliaxy','Hei?e Frauen fur Sex in deiner Stadt','Fick heute Nacht saftige Frau in deiner Stadt: https://lil.ink/bestsexygirlsinyourcity78499'),(370,'Thomasliaxy','Thomasliaxy','Thomasliaxy','lewar1@msn.com','Company Rep','Thomasliaxy','Hei?e Frauen fur Sex in deiner Stadt','Fick heute Nacht saftige Frau in deiner Stadt: https://lil.ink/bestsexygirlsinyourcity78499'),(371,'Thomasliaxy','Thomasliaxy','Thomasliaxy','meowontheroad@yahoo.com','Company Rep','Thomasliaxy','Hei?e Frauen fur Sex in deiner Stadt','Fick heute Nacht saftige Frau in deiner Stadt: https://lil.ink/bestsexygirlsinyourcity78499'),(372,'Thomasliaxy','Thomasliaxy','Thomasliaxy','bentzur@hotmail.com','Company Rep','Thomasliaxy','Hei?e Frauen fur Sex in deiner Stadt','Fick heute Nacht saftige Frau in deiner Stadt: https://lil.ink/bestsexygirlsinyourcity78499'),(373,'Thomasliaxy','Thomasliaxy','Thomasliaxy','bgrnnll@hotmail.com','Company Rep','Thomasliaxy','Hei?e Frauen fur Sex in deiner Stadt','Fick heute Nacht saftige Frau in deiner Stadt: https://lil.ink/bestsexygirlsinyourcity78499'),(374,'Andrewantat','Andrewantat','Andrewantat','missy633@hotmail.com','Company Rep','Andrewantat','Find a hot woman for good sex in your town','Hot and juicy women in your city want sex: http://www.lookweb.it/bestsexygirlsinyourcity39923'),(375,'Thomasliaxy','Thomasliaxy','Thomasliaxy','r70j95@yahoo.com','Company Rep','Thomasliaxy','What\'s the easiest way to earn $3000 a month','How to Make $3000 FAST | Fast Money | The Busy Budgeter: https://lil.ink/bestinvestment168044'),(376,'Thomasliaxy','Thomasliaxy','Thomasliaxy','wrespress@hotmail.com','Company Rep','Thomasliaxy','What\'s the easiest way to earn $3000 a month','How to Make $3000 FAST | Fast Money | The Busy Budgeter: https://lil.ink/bestinvestment168044'),(377,'Thomasliaxy','Thomasliaxy','Thomasliaxy','emilievo@hotmail.com','Company Rep','Thomasliaxy','What\'s the easiest way to earn $3000 a month','How to Make $3000 FAST | Fast Money | The Busy Budgeter: https://lil.ink/bestinvestment168044'),(378,'Thomasliaxy','Thomasliaxy','Thomasliaxy','seanlane2@yahoo.com','Company Rep','Thomasliaxy','What\'s the easiest way to earn $3000 a month','How to Make $3000 FAST | Fast Money | The Busy Budgeter: https://lil.ink/bestinvestment168044'),(379,'Thomasliaxy','Thomasliaxy','Thomasliaxy','e1@email.label','Company Rep','Thomasliaxy','What\'s the easiest way to earn $3000 a month','How to Make $3000 FAST | Fast Money | The Busy Budgeter: https://lil.ink/bestinvestment168044'),(380,'Thomasliaxy','Thomasliaxy','Thomasliaxy','elposs@msn.com','Company Rep','Thomasliaxy','What\'s the easiest way to earn $3000 a month','How to Make $3000 FAST | Fast Money | The Busy Budgeter: https://lil.ink/bestinvestment168044'),(381,'Thomasliaxy','Thomasliaxy','Thomasliaxy','momajen1975@aol.com','Company Rep','Thomasliaxy','What\'s the easiest way to earn $3000 a month','How to Make $3000 FAST | Fast Money | The Busy Budgeter: https://lil.ink/bestinvestment168044'),(382,'Thomasliaxy','Thomasliaxy','Thomasliaxy','opegenia@yahoo.com','Company Rep','Thomasliaxy','What\'s the easiest way to earn $3000 a month','How to Make $3000 FAST | Fast Money | The Busy Budgeter: https://lil.ink/bestinvestment168044'),(383,'Randyram','Randyram','Randyram','sand886@hotmail.com','Company Rep','Randyram','Fuck tonight juicy woman in your town','Find a hot woman for good sex in your town: http://yourls.site/bestadultdating13033'),(384,'StevenLib','StevenLib','StevenLib','sagemahs15@gmail.com','Company Rep','StevenLib','How to Turn $3,000 into $128,000','How to make $10,000 Per day FAST: http://www.lookweb.it/bestinvestment86790'),(385,'Thomasliaxy','Thomasliaxy','Thomasliaxy','adnama138@yahoo.com','Company Rep','Thomasliaxy','I\'m 23. I have $3000. How can I best use it to make more money','How to Make $3000 FAST | Fast Money | The Busy Budgeter: http://to.ht/bestinvestment97956'),(386,'Thomasliaxy','Thomasliaxy','Thomasliaxy','davis.0813@yahoo.com','Company Rep','Thomasliaxy','I\'m 23. I have $3000. How can I best use it to make more money','How to Make $3000 FAST | Fast Money | The Busy Budgeter: http://to.ht/bestinvestment97956'),(387,'Thomasliaxy','Thomasliaxy','Thomasliaxy','website103@msn.com','Company Rep','Thomasliaxy','I\'m 23. I have $3000. How can I best use it to make more money','How to Make $3000 FAST | Fast Money | The Busy Budgeter: http://to.ht/bestinvestment97956'),(388,'Thomasliaxy','Thomasliaxy','Thomasliaxy','tj@earthlink.net','Company Rep','Thomasliaxy','I\'m 23. I have $3000. How can I best use it to make more money','How to Make $3000 FAST | Fast Money | The Busy Budgeter: http://to.ht/bestinvestment97956'),(389,'Thomasliaxy','Thomasliaxy','Thomasliaxy','ccemr2000@yahoo.com','Company Rep','Thomasliaxy','I\'m 23. I have $3000. How can I best use it to make more money','How to Make $3000 FAST | Fast Money | The Busy Budgeter: http://to.ht/bestinvestment97956'),(390,'Thomasliaxy','Thomasliaxy','Thomasliaxy','ch_hunter@hotmail.com','Company Rep','Thomasliaxy','I\'m 23. I have $3000. How can I best use it to make more money','How to Make $3000 FAST | Fast Money | The Busy Budgeter: http://to.ht/bestinvestment97956'),(391,'Thomasliaxy','Thomasliaxy','Thomasliaxy','Damosu123@aol.com','Company Rep','Thomasliaxy','I\'m 23. I have $3000. How can I best use it to make more money','How to Make $3000 FAST | Fast Money | The Busy Budgeter: http://to.ht/bestinvestment97956'),(392,'Thomasliaxy','Thomasliaxy','Thomasliaxy','akcrna@gmail.com','Company Rep','Thomasliaxy','I\'m 23. I have $3000. How can I best use it to make more money','How to Make $3000 FAST | Fast Money | The Busy Budgeter: http://to.ht/bestinvestment97956'),(393,'Hoseajap','Hoseajap','Hoseajap','modhiyakomal@yahoo.co.in','Company Rep','Hoseajap','Hot and juicy women in your city want sex','Fuck tonight juicy woman in your town: http://perkele.ovh/bestadultdating17511'),(394,'Thomasliaxy','Thomasliaxy','Thomasliaxy','cjblm@hotmail.com','Company Rep','Thomasliaxy','$15,000 a month (30mins “work” lol)','Invest $ 1000 and get $ 15000 every month: http://www.short4free.us/bestinvest$300047540'),(395,'Thomasliaxy','Thomasliaxy','Thomasliaxy','irwin172hogs@hotmail.com','Company Rep','Thomasliaxy','$15,000 a month (30mins “work” lol)','Invest $ 1000 and get $ 15000 every month: http://www.short4free.us/bestinvest$300047540'),(396,'Thomasliaxy','Thomasliaxy','Thomasliaxy','whasenauer@msn.com','Company Rep','Thomasliaxy','$15,000 a month (30mins “work” lol)','Invest $ 1000 and get $ 15000 every month: http://www.short4free.us/bestinvest$300047540'),(397,'Thomasliaxy','Thomasliaxy','Thomasliaxy','bape11@hotmail.com','Company Rep','Thomasliaxy','$15,000 a month (30mins “work” lol)','Invest $ 1000 and get $ 15000 every month: http://www.short4free.us/bestinvest$300047540'),(398,'Thomasliaxy','Thomasliaxy','Thomasliaxy','pamiejeann@yahoo.com','Company Rep','Thomasliaxy','$15,000 a month (30mins “work” lol)','Invest $ 1000 and get $ 15000 every month: http://www.short4free.us/bestinvest$300047540'),(399,'Thomasliaxy','Thomasliaxy','Thomasliaxy','tffc36@aol.com','Company Rep','Thomasliaxy','$15,000 a month (30mins “work” lol)','Invest $ 1000 and get $ 15000 every month: http://www.short4free.us/bestinvest$300047540'),(400,'Thomasliaxy','Thomasliaxy','Thomasliaxy','eightnascarfav@yahoo.com','Company Rep','Thomasliaxy','$15,000 a month (30mins “work” lol)','Invest $ 1000 and get $ 15000 every month: http://www.short4free.us/bestinvest$300047540'),(401,'SergioMok','SergioMok','SergioMok','sindhcollege123@gmail.com','Company Rep','SergioMok','Make $200 per hour doing this','How to make $3000 a day: https://xxs.yt/bestinvest300012708'),(402,'CharlesSak','CharlesSak','CharlesSak','cowelljim@yahoo.com','Company Rep','CharlesSak','Fick heute Nacht saftige Frau in deiner Stadt','Finde eine hei??e Frau f??r guten Sex in deiner Stadt: https://arill.us/sexywomaninyourcity24086'),(403,'Michaelpet','Michaelpet','Michaelpet','sandos@hotmail.com','Company Rep','Michaelpet','[OMG] PROFIT in under 60 seconds','[OMG -  PROFIT in under 60 seconds: http://www.vkvi.net/bestinvest300092178'),(404,'Michaelpet','Michaelpet','Michaelpet','ksong30529@yahoo.com','Company Rep','Michaelpet','[OMG] PROFIT in under 60 seconds','[OMG -  PROFIT in under 60 seconds: http://www.vkvi.net/bestinvest300092178'),(405,'Michaelpet','Michaelpet','Michaelpet','angelho33@hotmail.com','Company Rep','Michaelpet','[OMG] PROFIT in under 60 seconds','[OMG -  PROFIT in under 60 seconds: http://www.vkvi.net/bestinvest300092178'),(406,'Michaelpet','Michaelpet','Michaelpet','cdetrow@hotmail.com','Company Rep','Michaelpet','[OMG] PROFIT in under 60 seconds','[OMG -  PROFIT in under 60 seconds: http://www.vkvi.net/bestinvest300092178'),(407,'Michaelpet','Michaelpet','Michaelpet','mpandya67@yahoo.com','Company Rep','Michaelpet','[OMG] PROFIT in under 60 seconds','[OMG -  PROFIT in under 60 seconds: http://www.vkvi.net/bestinvest300092178'),(408,'Michaelpet','Michaelpet','Michaelpet','beautblonde@hotmail.com','Company Rep','Michaelpet','[OMG] PROFIT in under 60 seconds','[OMG -  PROFIT in under 60 seconds: http://www.vkvi.net/bestinvest300092178'),(409,'Michaelpet','Michaelpet','Michaelpet','hazdodge@aol.com','Company Rep','Michaelpet','[OMG] PROFIT in under 60 seconds','[OMG -  PROFIT in under 60 seconds: http://www.vkvi.net/bestinvest300092178'),(410,'Michaelpet','Michaelpet','Michaelpet','omniparole200020012000@yahoo.com','Company Rep','Michaelpet','[OMG] PROFIT in under 60 seconds','[OMG -  PROFIT in under 60 seconds: http://www.vkvi.net/bestinvest300092178'),(411,'BookerGrics','BookerGrics','BookerGrics','scrubtech1983@juno.com','Company Rep','BookerGrics','Fick heute Nacht saftige Frau in deiner Stadt','Finde eine hei??e Frau f??r guten Sex in deiner Stadt: http://www.lookweb.it/sexywomaninyourcity24142'),(412,'Josephdug','Josephdug','Josephdug','bradmdunn@hotmail.com','Company Rep','Josephdug','Invest $ 1000 and get $ 15000 every month','Get $100 – $600 A Day: http://goto.iamaws.com/bestinvest300039915'),(413,'Josephdug','Josephdug','Josephdug','shoe_j@msn.com','Company Rep','Josephdug','Invest $ 1000 and get $ 15000 every month','Get $100 – $600 A Day: http://goto.iamaws.com/bestinvest300039915'),(414,'Josephdug','Josephdug','Josephdug','annehut@hotmail.com','Company Rep','Josephdug','Invest $ 1000 and get $ 15000 every month','Get $100 – $600 A Day: http://goto.iamaws.com/bestinvest300039915'),(415,'Josephdug','Josephdug','Josephdug','ktchmeifyoucan@yahoo.com','Company Rep','Josephdug','Invest $ 1000 and get $ 15000 every month','Get $100 – $600 A Day: http://goto.iamaws.com/bestinvest300039915'),(416,'Andrewantat','Andrewantat','Andrewantat','moneymonk88@cs.com','Company Rep','Andrewantat','Hei??e Frauen f??r guten Sex jeden Tag','Fick heute Nacht saftige Frau in deiner Stadt: http://awalsh.com/sexywomaninyourcity34338'),(417,'Jamessic','Jamessic','Jamessic','joanmancebo@aol.com','Company Rep','Jamessic','Make $200 per hour doing this','$200 for 10 mins “work?”: http://www.short4free.us/bestinvest$300033074'),(418,'Pranav','Shenoy','7356995449','pranavshenoy17@gmail.com','College Student','Delhi School of Management, DTU','MBA','As a member of the TnP cell of our college, I would love to invite you to our prestigious institution for interactive sessions with the students, internship and placement drives thereafter. Please feel free to contact me for more information.'),(419,'PhillipFrink','PhillipFrink','PhillipFrink','ciradi@hotmail.com','Company Rep','PhillipFrink','Where to invest $ 3000 once and receive every month from $ 55000','Where to invest $ 3000 once and receive every month from $ 55000: http://www.vkvi.net/howtoinvest300058084'),(420,'PhillipFrink','PhillipFrink','PhillipFrink','annahusa@msn.com','Company Rep','PhillipFrink','Where to invest $ 3000 once and receive every month from $ 55000','Where to invest $ 3000 once and receive every month from $ 55000: http://www.vkvi.net/howtoinvest300058084'),(421,'PhillipFrink','PhillipFrink','PhillipFrink','craigmatthew@hotmail.com','Company Rep','PhillipFrink','Where to invest $ 3000 once and receive every month from $ 55000','Where to invest $ 3000 once and receive every month from $ 55000: http://www.vkvi.net/howtoinvest300058084'),(422,'PhillipFrink','PhillipFrink','PhillipFrink','rbelmont40@aol.com','Company Rep','PhillipFrink','Where to invest $ 3000 once and receive every month from $ 55000','Where to invest $ 3000 once and receive every month from $ 55000: http://www.vkvi.net/howtoinvest300058084'),(423,'PhillipFrink','PhillipFrink','PhillipFrink','veronicaberry07@comcast.net','Company Rep','PhillipFrink','Where to invest $ 3000 once and receive every month from $ 55000','Where to invest $ 3000 once and receive every month from $ 55000: http://www.vkvi.net/howtoinvest300058084'),(424,'PhillipFrink','PhillipFrink','PhillipFrink','fancycat1@msn.com','Company Rep','PhillipFrink','Where to invest $ 3000 once and receive every month from $ 55000','Where to invest $ 3000 once and receive every month from $ 55000: http://www.vkvi.net/howtoinvest300058084'),(425,'Thomasjah','Thomasjah','Thomasjah','lschicht@optonline.net','Company Rep','Thomasjah','Where to invest $ 3000 once and receive every month from $ 55000','Where to invest $ 3000 once and receive every month from $ 55000: http://www.vkvi.net/howtoinvest300043078'),(426,'LesterRHymn','LesterRHymn','LesterRHymn','brandondelao@yahoo.com','Company Rep','LesterRHymn','LAZY way for $200 in 20 mins','Make $200 per hour doing this: http://valeriemace.co.uk/bestinvestsystems28375'),(427,'LesterRHymn','LesterRHymn','LesterRHymn','chung@hotmail.com','Company Rep','LesterRHymn','LAZY way for $200 in 20 mins','Make $200 per hour doing this: http://valeriemace.co.uk/bestinvestsystems28375'),(428,'LesterRHymn','LesterRHymn','LesterRHymn','tatankaa@hotmail.com','Company Rep','LesterRHymn','LAZY way for $200 in 20 mins','Make $200 per hour doing this: http://valeriemace.co.uk/bestinvestsystems28375'),(429,'LesterRHymn','LesterRHymn','LesterRHymn','stellaic@hotmail.com','Company Rep','LesterRHymn','LAZY way for $200 in 20 mins','Make $200 per hour doing this: http://valeriemace.co.uk/bestinvestsystems28375'),(430,'LesterRHymn','LesterRHymn','LesterRHymn','hazeyskagirl@yahoo.com','Company Rep','LesterRHymn','LAZY way for $200 in 20 mins','Make $200 per hour doing this: http://valeriemace.co.uk/bestinvestsystems28375'),(431,'LesterRHymn','LesterRHymn','LesterRHymn','driaelizabeth83@aol.com','Company Rep','LesterRHymn','LAZY way for $200 in 20 mins','Make $200 per hour doing this: http://valeriemace.co.uk/bestinvestsystems28375'),(432,'LesterRHymn','LesterRHymn','LesterRHymn','antoniapc@hotmail.com','Company Rep','LesterRHymn','LAZY way for $200 in 20 mins','Make $200 per hour doing this: http://valeriemace.co.uk/bestinvestsystems28375'),(433,'LesterRHymn','LesterRHymn','LesterRHymn','vjonehayes@att.net','Company Rep','LesterRHymn','LAZY way for $200 in 20 mins','Make $200 per hour doing this: http://valeriemace.co.uk/bestinvestsystems28375'),(434,'Ellislox','Ellislox','Ellislox','bellamy12610@msn.com','Company Rep','Ellislox','I\'m 23. I have $30000. How can I best use it to make more money','<OMG> PROFIT in under 60 seconds: http://corta.co/bestinvestsystems55412');
/*!40000 ALTER TABLE `contact` ENABLE KEYS */;
UNLOCK TABLES;

--
-- Table structure for table `content_json`
--

DROP TABLE IF EXISTS `content_json`;
/*!40101 SET @saved_cs_client     = @@character_set_client */;
/*!40101 SET character_set_client = utf8 */;
CREATE TABLE `content_json` (
  `id` int(11) NOT NULL AUTO_INCREMENT,
  `page` varchar(255) NOT NULL,
  `data` text NOT NULL,
  PRIMARY KEY (`id`)
) ENGINE=InnoDB AUTO_INCREMENT=35 DEFAULT CHARSET=latin1;
/*!40101 SET character_set_client = @saved_cs_client */;

--
-- Dumping data for table `content_json`
--

LOCK TABLES `content_json` WRITE;
/*!40000 ALTER TABLE `content_json` DISABLE KEYS */;
INSERT INTO `content_json` VALUES (1,'home','{\"Give_Yourself_The_Advantage\":\"                                    MBAtrek Pvt. Ltd. is a development nurturing firm, aiming to transform MBA, MS\\/M.techs and B.techs into industry ready and relevant professionals. Developing and evolving Character, Hope, Attitude, Skill & Enthusiasm, we intend to create a life - long impact and benefit for all, students, institutes and the industry.                        \",\"Institute\":\"                                    Global standard industry knowledge                        \",\"Industry\":\"                                    Hire ready & relevant professionals                        \",\"MBAtrek\":\"                                    MBAs transformed to perform on job                        \",\"Mtrek\":\"                                    MS\\/Mtechs with management skills                        \",\"GradXplore_\":\"                                    Exploring career choice & potential                        \",\"What_We_Bring_To_You_Industry\":\"                                     Quality pool of fresh graduates exhibiting differentiated and measurable performance<\\/br> Independent, ethical, adaptable decision- makers<\\/br> Low attrition in initial years                        \",\"What_We_Bring_To_You_Institute\":\"                                        Better match between student preferences and jobs offered<\\/br>Strong industry-presence & alumni network<\\/br> Higher ratings & better reputation\\u00a0                        \",\"What_We_Bring_To_You_Student\":\"                                    Transformation for life - long success<\\/br>  Relevant interview opportunities for <\\/br>preferred companies & job profiles<\\/br>  Interaction with experts from industry                        \",\"Yes_It_FREE\":\"<p class=\\\"not_Register\\\">Is your Institute not registered? No worries !!<\\/p>         <p class=\\\"not_Register\\\">We are willing to provide you support and guidance to enable you to be ready and relevant<\\/p>\",\"Email\":\"                                     info@mbatrek.com                        \",\"Phone_1\":\"+91 9821948334\",\"Phone_2\":\"+91 9821948335\",\"yt0\":\"\"}'),(2,'who_we_are','<div class=\"container\">\r\n<div class=\"main_heading who_we_Are\">\r\n<h4>Who We Are</h4>\r\n<h3>Who We Really Are</h3>\r\n</div>\r\n<p class=\"blf_text\">MBAtrek Pvt. Ltd. is a development nurturing firm, aiming to transform MBA, MS/M.techs and B.techs into industry ready and relevant professionals. Developing and evolving Character, Hope, Attitude, skill &amp; Enthusiasm, we intend to create a life - long impact and benefit for all, students, institutes and the industry.</p>\r\n<div class=\"work_step margin_bottom_45\">\r\n<div class=\"center_line\">&nbsp;</div>\r\n<div class=\"bottm_line\">&nbsp;</div>\r\n<div class=\"left_container\">\r\n<div class=\"left_work\"><span class=\"inner_round\">abc</span>\r\n<p>After the economic crisis of 2008, the world is recouping and the effects are still to be felt. There is an oversupply of the qualified people, however not enough quality jobs are available to these students.</p>\r\n</div>\r\n</div>\r\n<div class=\"left_container\">\r\n<div class=\"right_work\"><span class=\"inner_round\">abc</span>\r\n<p>For surviving and generating revenue, the universities have dropped their entry barriers for students but in the meanwhile have not been successful in keeping pace with the industry. Due to this gap, the industry presence in campuses go down and the quality jobs are missed out by many universities.</p>\r\n</div>\r\n</div>\r\n<div class=\"left_container\">\r\n<div class=\"left_work\"><span class=\"inner_round\">abc</span>\r\n<p>Moreover, the students passing out from these institutes do not perform at par with those graduating from top- tier colleges.</p>\r\n</div>\r\n</div>\r\n<div class=\"left_container\">\r\n<div class=\"right_work\"><span class=\"inner_round\">abc</span>\r\n<p>MBAtrek Pvt. Ltd. was founded in 2016, with the idea of bringing global education practices to transform students into industry ready and relevant professionals. We focus on developing and evolving those skills which are most desired but are rarely offered by universities.</p>\r\n</div>\r\n</div>\r\n<div class=\"left_container\">\r\n<div class=\"left_work\"><span class=\"inner_round\">abc</span>\r\n<p>We assist MBA schools/ Mtech colleges in building &lsquo;Global Industry Knowledge&rsquo; as well as provide holistic personal and professional development and end- to- end support to university students pursuing MBA/ Mtech.</p>\r\n</div>\r\n</div>\r\n<div class=\"left_container\">\r\n<div class=\"right_work\"><span class=\"inner_round\">abc</span>\r\n<p>We at MBAtrek strongly believe in going beyond knowledge and business skill development. We intend to nurture Character, Hope, Attitude, Skills and Enthusiasm through our programs. At the same time, we are current, relevant and world- class with a global and industry focused approach.</p>\r\n</div>\r\n</div>\r\n<div class=\"left_container\">\r\n<div class=\"left_work\"><span class=\"inner_round\">abc</span>\r\n<p>Bringing in 40 years of international experience and a huge industry network, we aim at creating synergy between all our stakeholders; the institutes, industry and the student and work hand in hand with each other.</p>\r\n</div>\r\n</div>\r\n</div>\r\n<!--\r\n<div class=\"main_heading\">\r\n<h4>Team</h4>\r\n<h3>Our Experienced Team</h3>\r\n</div>--><!--\r\n<div class=\"team_work\">\r\n<ul class=\"list-inline list-unstyled\">\r\n<li>\r\n<div class=\"team_img\"><img src=\"images/alok.png\" alt=\"\" /></div>\r\n<div class=\"team_description\">\r\n<h2>Alok Srivastava</h2>\r\n<p>PGDBM &ndash; XLRI ( 1975-77), Global Management Program &ndash; Michigan University (1998), Director- Asia Pacific, Honeywell; MD &amp; CEO - Ranbaxy Fine Chemicals Ltd. 39 years &ndash; Managing &amp; transforming companies, Regions/Country Mgmt.</p>\r\n</div>\r\n</li>\r\n<li>\r\n<div class=\"team_img\"><img src=\"images/rabia.png\" alt=\"\" /></div>\r\n<div class=\"team_description\">\r\n<h2>Rabia Babbar</h2>\r\n<p>6 years of experience in L&amp;D, Performance Management, Internal Communications &amp; Employee Engagement</p>\r\n</div>\r\n</li>\r\n<li>\r\n<div class=\"team_img\"><img src=\"images/aditi.png\" alt=\"\" /></div>\r\n<div class=\"team_description\">\r\n<h2>Aditi Vatsyayana</h2>\r\n<p>Psychologist and MBA (HR), experienced in individual assessments and coaching.</p>\r\n</div>\r\n</li>\r\n<li>\r\n<div class=\"team_img\"><img src=\"images/sherya.png\" alt=\"\" /></div>\r\n<div class=\"team_description\">\r\n<h2>Shreya Mishra</h2>\r\n<p>MBA - HR &amp; Marketing</p>\r\n</div>\r\n</li>\r\n<li>\r\n<div class=\"team_img\"><img src=\"images/ayushi.png\" alt=\"\" /></div>\r\n<div class=\"team_description\">\r\n<h2>Ayushi Gupta</h2>\r\n<p>MBA and AMCAT certified analyst.</p>\r\n</div>\r\n</li>\r\n</ul>\r\n</div>--></div>'),(3,'what_we_do','<div class=\"container margin_bottom_45\">\r\n<div class=\"main_heading who_we_Are\">\r\n<h4>What We Do</h4>\r\n<h3>What we do Differently</h3>\r\n</div>\r\n<p class=\"blf_text\">At MBAtrek Pvt. Ltd., we are committed to fostering Character, Hope, Attitude, Skills and Enthusiasm through our following modules</p>\r\n<div class=\"row\">\r\n<div class=\"col-md-6 col-sm-6 col-xs-12\">\r\n<div class=\"do_img\"><img class=\"img-responsive\" src=\"images/do_img_left.png\" alt=\"\" /></div>\r\n</div>\r\n<div class=\"col-md-6 col-sm-6 col-xs-12\">\r\n<div class=\"do_img\"><img class=\"img-responsive\" src=\"images/do_imgrightt.png\" alt=\"\" /></div>\r\n</div>\r\n</div>\r\n<div class=\"row\">\r\n<div class=\"col-md-4 col-sm-4 col-xs-12\">\r\n<div class=\"row second_do_img\">\r\n<div class=\"do_img\">\r\n<ul class=\" list_icn\">\r\n<li><a href=\"https://www.mbatrek.com/e-brouchers\">LeapFWD</a></li>\r\n<li><a href=\"https://www.mbatrek.com/e-brouchers\">SkillUP</a></li>\r\n<li><a href=\"https://www.mbatrek.com/e-brouchers\">InCube</a></li>\r\n<li><a href=\"https://www.mbatrek.com/e-brouchers\">Cracknack</a></li>\r\n</ul>\r\n</div>\r\n</div>\r\n</div>\r\n<div class=\"col-md-4 col-sm-4 col-xs-12\">\r\n<div class=\"row second_do_img\">\r\n<div class=\"do_img\">\r\n<ul class=\" list_icn\">\r\n<li><a href=\"https://www.mbatrek.com/e-brouchers\">LedXemplary</a></li>\r\n<li><a href=\"https://www.mbatrek.com/e-brouchers\">Rollout</a></li>\r\n<li><a href=\"https://www.mbatrek.com/e-brouchers\">TechEDGE</a></li>\r\n<li><a href=\"https://www.mbatrek.com/e-brouchers\">GoConsult</a></li>\r\n</ul>\r\n</div>\r\n</div>\r\n</div>\r\n<div class=\"col-md-4 col-sm-4 col-xs-12\">\r\n<div class=\"row second_do_img\">\r\n<div class=\"do_img\">\r\n<ul class=\" list_icn\">\r\n<li><a href=\"https://www.mbatrek.com/e-brouchers\">InternACE</a></li>\r\n<li><a href=\"https://www.mbatrek.com/e-brouchers\">InternPRO</a></li>\r\n<li><a href=\"https://www.mbatrek.com/e-brouchers\">InternARISE</a></li>\r\n<li><a href=\"https://www.mbatrek.com/e-brouchers\">AGame</a></li>\r\n</ul>\r\n</div>\r\n</div>\r\n</div>\r\n</div>\r\n<p class=\"do_text\">We have designed an end- to- end solution for students with a synthesized program going hand in hand with the faculty and placement cells of the university. Our interface with the institute and students will begin right from when the students are admitted and follow them through up to the time they are rightly placed. MBAtrek will take a step forward to further provide students with support and mentoring for their first year on the job.</p>\r\n<p class=\"do_text\">For the entire 2- year master&rsquo;s program, we will extend on- campus training to students and in addition we will deliver our modules through webinars, electronic media, presentations, mobile App and web portal.</p>\r\n<p class=\"do_text\">With the intention of being approachable and accessible, we have designed our web portal for all our stakeholders, hence ensuring visibility, coordination and communication. We fundamentally stand for a strong Industry- Interaction of institutes. For this purpose, we leverage our network of industrial contacts within companies to increase opportunities for more live Projects, Internships &amp; eventual placements. We are equally going to work with the industry partner companies to sensitize them to invest their time and effort at universities.</p>\r\n<p class=\"do_text last_p\">Our standard registered program modules:</p>\r\n</div>'),(4,'our_bielf','<div class=\"container\">\r\n<div class=\"main_heading who_we_Are\">\r\n<h4>Our Belief</h4>\r\n<h3>What We Believe</h3>\r\n</div>\r\n<p class=\"blf_text\">MBAtrek is committed to balance a curriculum - driven program for transforming students into Industry &lsquo;ready &amp; relevant&rsquo;to &lsquo;hit the ground running&rsquo;</p>\r\n<div class=\"main_heading\">\r\n<h4>Our Values</h4>\r\n<h3>What we stand for</h3>\r\n</div>\r\n<div class=\"blif_listing_Text\">\r\n<div class=\"row\">\r\n<div class=\"col-md-6 col-sm-6 col-xs-12\">\r\n<div class=\"blf_block\">\r\n<h2>Partnership in Success</h2>\r\n<p>We measure our success through the success of our stakeholders (Student, Institutes, Industry)</p>\r\n</div>\r\n</div>\r\n<div class=\"col-md-6 col-sm-6 col-xs-12\">\r\n<div class=\"blf_block\">\r\n<h2>Framework enabling synergy within stakeholders</h2>\r\n<p>We create framework, coursework and environment that enables learning of effective and current industry best practices for students and trust- based, sustainable industry - institute partnership</p>\r\n</div>\r\n</div>\r\n<div class=\"col-md-6 col-sm-6 col-xs-12\">\r\n<div class=\"blf_block\">\r\n<h2>Chasing the CHASE (Character, Hope, Attitude, Skill, Enthusiasm) values</h2>\r\n<p>We will exhibit exemplary Character, Hope, Attitude, Skill and Enthusiasm while delivering world- class MBAtrek, Mtrek, and GradXplore programs</p>\r\n</div>\r\n</div>\r\n<div class=\"col-md-6 col-sm-6 col-xs-12\">\r\n<div class=\"blf_block\">\r\n<h2>Creating value through responsible, innovative &amp; global program delivery</h2>\r\n<p>We will be highly responsible, innovative and global in our program delivery while working with business managers to create significant value for the corporates through our three flagship programs</p>\r\n</div>\r\n</div>\r\n</div>\r\n</div>\r\n<div class=\"blf_img margin_bottom_45\"><img class=\"img-responsive\" src=\"images/our-belief-img.png\" alt=\"\" /></div>\r\n</div>'),(5,'career','<div class=\"container\">\r\n<div class=\"main_heading\">\r\n<h4>Careers</h4>\r\n<h3>Careers at MBAtrek</h3>\r\n</div>\r\n<h3 class=\"career_text\"><span>The Rewarding Career</span> You Are Looking For Is At <span class=\"text_capti\"> MBAtrek</span></h3>\r\n</div>\r\n<div class=\"career_container\"><img src=\"images/career_banner.png\" alt=\"\" />\r\n<h3 class=\"career_text\"><span>We\'re the only one </span> &amp; We\'ve just begun</h3>\r\n</div>\r\n<div class=\"container\">\r\n<div class=\"career_Steps\">\r\n<div class=\"career_stps_blk\">\r\n<h3>MBAtrek is globally unique</h3>\r\n</div>\r\n<div class=\"career_stps_blk2\">\r\n<h3>We offer &lsquo;end-to-end&rsquo; solution to Institutes &amp; Industry</h3>\r\n</div>\r\n<div class=\"career_stps_blk3\">\r\n<h3>We create life-long impact on the mind-set &amp; capabilities of students</h3>\r\n</div>\r\n<div class=\"career_stps_blk4\">\r\n<h3>We build Character, Hope, Attitude, Skill &amp; Enthusiasm</h3>\r\n</div>\r\n</div>\r\n<div class=\"cant_wait margin_bottom_45\">\r\n<h3>We Can&rsquo;t wait to meet you</h3>\r\n<div class=\"main_register\">\r\n<div class=\"site_btn\"><a id=\"open-position\" class=\"raised ripple\" href=\"javascript:void(0);\">Search Open Positions</a></div>\r\n</div>\r\n</div>\r\n</div>'),(6,'copyright_notice','<div class=\"container\">\r\n<div class=\"main_heading\">\r\n<h3 class=\"text_right\">Copyright Notice</h3>\r\n</div>\r\n<div class=\"plocies_text \"><!--<p>Copyright © [YEAR(S) OF FIRST PUBLICATION - E.G. “2001-2111”] [NAME - MBAtrek Pvt. Ltd.]</p>-->\r\n<h3>Ownership of copyright</h3>\r\n<p>The copyright in this website and the material on this website (including without limitation the text, computer code, artwork, photographs, images, music, audio material, video material and audio-visual material on this website) is owned by MBAtrek Pvt. Ltd. [and its licensors].</p>\r\n<h3>Copyright license</h3>\r\n<p>MBAtrek Pvt. Ltd. grants to you a worldwide non-exclusive royalty-free revocable license to:</p>\r\n<div class=\"second_details\">\r\n<ul class=\"list-unstyled \">\r\n<li>\r\n<p>view this website and the material on this website on a computer or mobile device via a web browser;</p>\r\n</li>\r\n<li>\r\n<p>copy and store this website and the material on this website in your web browser cache memory; and</p>\r\n</li>\r\n<li>\r\n<p>print pages from this website for your own [personal and non-commercial] use.</p>\r\n</li>\r\n</ul>\r\n</div>\r\n<p>MBAtrek Pvt. Ltd. does not grant you any other rights in relation to this website or the material on this website. In other words, all other rights are reserved.</p>\r\n<p>For the avoidance of doubt, you must not adapt, edit, change, transform, publish, republish, distribute, redistribute, broadcast, rebroadcast or show or play in public this website or the material on this website (in any form or media) without MBAtrek Pvt. Ltd.&rsquo;s prior written permission.</p>\r\n<h3>Data mining</h3>\r\n<p>The automated and/or systematic collection of data from this website is prohibited.</p>\r\n<h3>Permissions</h3>\r\n<p>You may request permission to use the copyright materials on this website by writing to <span>alok.srivastava@mbatrek.com</span></p>\r\n<h3>Enforcement of copyright</h3>\r\n<p>MBAtrek Pvt. Ltd. takes the protection of its copyright very seriously.</p>\r\n<p>If MBAtrek Pvt. Ltd. discovers that you have used its copyright materials in contravention of the license above, MBAtrek Pvt. Ltd. may bring legal proceedings against you seeking monetary damages and an injunction to stop you using those materials. You could also be ordered to pay legal costs.</p>\r\n<p>If you become aware of any use of MBAtrek Pvt. Ltd.&rsquo;s copyright materials that contravenes or may contravene the license above, please report this by email to alok.srivastava@mbatrek.com or by post to MBAtrek Pvt Ltd, 414, Suncity Business Towers, Golf Course Road, Sector -54, Gurgaon -122003, Haryana, India.</p>\r\n<h3>Infringing material</h3>\r\n<p>If you become aware of any material on the website that you believe infringes your or any other person\'s copyright, please report this by email to alok.srivastava@mbatrek.com] or by post to MBAtrek Pvt Ltd, 414, Suncity Business Towers, Golf Course Road, Sector -54, Gurgaon -122003, Haryana, India.</p>\r\n<h3>Credit</h3>\r\n<p>This document was created using a Contractology template available at <a class=\"link_text\" href=\"http://www.contractology.com\" target=\"_blank\">http://www.contractology.com</a>.</p>\r\n<!--  <div class=\"creadit_container\">                 <p>You must retain the \"Credit\" section in this document. If you wish to use the document without the \"Credit\" section (e.g. to project a more professional image) then you can get a license to do so here:</p>                 <div class=\"clearfix\"></div>                 <a target=\"_blank\" href=\"http://www.contractology.com/free-document-license-copyright-notice.html\">http://www.contractology.com/free-document-license-copyright-notice.html</a>                 <p>It is an infringement of our copyright to use the document without the \"Credit\" section and without paying the license fee.</p>             </div>--></div>\r\n</div>'),(7,'privacy_policy','<div class=\"container\">\r\n<div class=\"main_heading privay_container\">\r\n<h3 class=\"text_right\">Our Privacy Policy</h3>\r\n</div>\r\n<div class=\"plocies_text \">\r\n<p>Your privacy is important to MBAtrek Pvt. Ltd. This privacy statement provides information about the personal information that MBAtrek Pvt. Ltd. collects, and the ways in which MBAtrek Pvt. Ltd. uses that personal information.</p>\r\n<h3>Personal information collection</h3>\r\n<p>MBAtrek Pvt. Ltd. may collect and use the following kinds of personal information:</p>\r\n<div class=\"second_details\">\r\n<ul class=\"list-unstyled \">\r\n<li>\r\n<p>information about your use of this website</p>\r\n</li>\r\n<li>\r\n<p>information that you provide using for the purpose of registering with the website</p>\r\n</li>\r\n<li>\r\n<p>information about transactions carried out over this website</p>\r\n</li>\r\n<li>\r\n<p>information that you provide for the purpose of subscribing to the website services</p>\r\n</li>\r\n<li>\r\n<p>any other information that you send to MBAtrek Pvt. Ltd.</p>\r\n</li>\r\n</ul>\r\n</div>\r\n<h3>Using personal information</h3>\r\n<p>MBAtrek Pvt. Ltd. may use your personal information to:</p>\r\n<div class=\"second_details\">\r\n<ul class=\"list-unstyled \">\r\n<li>\r\n<p>administer this website;</p>\r\n</li>\r\n<li>\r\n<p>personalize the website for you;</p>\r\n</li>\r\n<li>\r\n<p>enable your access to and use of the website services;</p>\r\n</li>\r\n<li>\r\n<p>publish information about you on the website;</p>\r\n</li>\r\n<li>\r\n<p>send to you products that you purchase;</p>\r\n</li>\r\n<li>\r\n<p>supply to you services that you purchase;</p>\r\n</li>\r\n<li>\r\n<p>send to you statements and invoices;</p>\r\n</li>\r\n<li>\r\n<p>collect payments from you; and</p>\r\n</li>\r\n<li>\r\n<p>send you marketing communications.</p>\r\n</li>\r\n</ul>\r\n</div>\r\n<p>Where MBAtrek Pvt. Ltd. discloses your personal information to its agents or sub-contractors for these purposes, the agent or sub-contractor in question will be obligated to use that personal information in accordance with the terms of this privacy statement.</p>\r\n<p>In addition to the disclosures reasonably necessary for the purposes identified elsewhere above, MBAtrek Pvt. Ltd. may disclose your personal information to the extent that it is required to do so by law, in connection with any legal proceedings or prospective legal proceedings, and in order to establish, exercise or defend its legal rights.</p>\r\n<h3>Securing your data</h3>\r\n<p>MBAtrek Pvt. Ltd. will take reasonable technical and organisational precautions to prevent the loss, misuse or alteration of your personal information.</p>\r\n<p>MBAtrek Pvt. Ltd. will store all the personal information you provide.</p>\r\n<h3>Cross-border data transfers</h3>\r\n<p>Information that MBAtrek Pvt. Ltd. collects may be stored and processed in and transferred between any of the countries in which MBAtrek Pvt. Ltd. operates to enable the use of the information in accordance with this privacy policy.</p>\r\n<p>In addition, personal information that you submit for publication on the website will be published on the internet and may be available around the world.You agree to such cross-border transfers of personal information.</p>\r\n<h3>Updating this statement</h3>\r\n<p>MBAtrek Pvt. Ltd. may update this privacy policy by posting a new version on this website.</p>\r\n<p>You should check this page occasionally to ensure you are familiar with any changes.</p>\r\n<h3>Other websites</h3>\r\n<p class=\"website_Text\">This website contains links to other websites.</p>\r\n<p>MBAtrek Pvt. Ltd. is not responsible for the privacy policies or practices of any third party.</p>\r\n<h3 class=\"company_text\">Contact MBAtrek Pvt. Ltd.</h3>\r\n<p>If you have any questions about this privacy policy or MBAtrek Pvt. Ltd.&rsquo;s treatment of your personal information, please write:</p>\r\n<div class=\"second_details\">\r\n<ul class=\"list-unstyled \">\r\n<li>\r\n<p>by email to alok.srivastava@mbatrek.com; or</p>\r\n</li>\r\n<li>\r\n<p>by post to MBAtrek Private Ltd. 414, Suncity Business Towers, Golf Course Road, Sector-54, Gurgaon, Haryana-122003. India</p>\r\n</li>\r\n</ul>\r\n</div>\r\n<h3>Credit</h3>\r\n<p>This document was created using a Contractology template available at <a class=\"link_text\" href=\"http://www.contractology.com\" target=\"_blank\">http://www.contractology.com</a>.</p>\r\n<!--<div class=\"creadit_container\">                 <p>You must retain the \"Credit\" section in this document. If you wish to use the document without the \"Credit\" section (e.g. to project a more professional image) then you can get a license to do so here:</p>                 <div class=\"clearfix\"></div>                 <a target=\"_blank\" href=\"http://www.contractology.com/free-document-license-privacy-statement.html\">http://www.contractology.com/free-document-license-privacy-statement.html</a>                 <p>It is an infringement of our copyright to use the document without the \"Credit\" section and without paying the license fee.</p>             </div>--></div>\r\n</div>'),(8,'declimier','<div class=\"container\">\r\n<div class=\"main_heading\">\r\n<h3 class=\"text_right\">Disclaimer</h3>\r\n</div>\r\n<div class=\"plocies_text \">\r\n<h3>No warranties</h3>\r\n<p>This website is provided &ldquo;as is&rdquo; without any representations or warranties, express or implied. MBAtrek Pvt. Ltd. makes no representations or warranties in relation to this website or the information and materials provided on this website.</p>\r\n<p>Without prejudice to the generality of the foregoing paragraph, MBAtrek Pvt. Ltd. does not warrant that:</p>\r\n<div class=\"second_details\">\r\n<ul class=\"list-unstyled \">\r\n<li>\r\n<p>this website will be constantly available, or available at all; or</p>\r\n</li>\r\n<li>\r\n<p>the information on this website is complete, true, accurate or non-misleading.</p>\r\n</li>\r\n</ul>\r\n</div>\r\n<p>Nothing on this website constitutes, or is meant to constitute, advice of any kind. If you require advice in relation to any legal, financial or medical matter you should consult an appropriate professional.</p>\r\n<h3>Limitations of liability</h3>\r\n<p>MBAtrek Pvt. Ltd. will not be liable to you whether under the law of contract, the law of torts or otherwise in relation to the contents of, or use of, or otherwise in connection with, this website:</p>\r\n<div class=\"second_details\">\r\n<ul class=\"list-unstyled \">\r\n<li>\r\n<p>for any indirect, special or consequential loss; or</p>\r\n</li>\r\n<li>\r\n<p>for any business losses, loss of revenue, income, profits or anticipated savings, loss of contracts or business relationships, loss of reputation or goodwill, or loss or corruption of information or data.</p>\r\n</li>\r\n</ul>\r\n</div>\r\n<p>These limitations of liability apply even if MBAtrek Pvt. Ltd. has been expressly advised of the potential loss.</p>\r\n<h3>Exceptions</h3>\r\n<p>Nothing in this website disclaimer will exclude or limit any warranty implied by law that it would be unlawful to exclude or limit; and nothing in this website disclaimer will exclude or limit MBAtrek Pvt. Ltd.&rsquo;s liability in respect of any:</p>\r\n<div class=\"second_details\">\r\n<ul class=\"list-unstyled \">\r\n<li>\r\n<p>death or personal injury caused by MBAtrek Pvt. Ltd.&rsquo;s negligence;</p>\r\n</li>\r\n<li>\r\n<p>fraud or fraudulent misrepresentation on the part of MBAtrek Pvt. Ltd.; or</p>\r\n</li>\r\n<li>\r\n<p>matter which it would be illegal or unlawful for MBAtrek Pvt. Ltd. to exclude or limit, or to attempt or purport to exclude or limit, its liability.</p>\r\n</li>\r\n</ul>\r\n</div>\r\n<h3>Reasonableness</h3>\r\n<p>By using this website, you agree that the exclusions and limitations of liability set out in this website disclaimer are reasonable. If you do not think they are reasonable, you must not use this website.</p>\r\n<h3>Other parties</h3>\r\n<p>You accept that, as a limited liability entity, MBAtrek Pvt. Ltd. has an interest in limiting the personal liability of its officers and employees. You agree that you will not bring any claim personally against MBAtrek Pvt. Ltd.&rsquo;s officers or employees in respect of any losses you suffer in connection with the website.</p>\r\n<p>Without prejudice to the foregoing paragraph, you agree that the limitations of warranties and liability set out in this website disclaimer will protect MBAtrek Pvt. Ltd.&rsquo;s officers, employees, agents, subsidiaries, successors, assigns and sub-contractors as well as MBAtrek Pvt. Ltd.</p>\r\n<h3>Unenforceable provisions</h3>\r\n<p>If any provision of this website disclaimer is, or is found to be, unenforceable under applicable law, that will not affect the enforceability of the other provisions of this website disclaimer.</p>\r\n<h3>Credit</h3>\r\n<p>This document was created using a Contractology template available at <a class=\"link_text\" href=\"http://www.contractology.com\" target=\"_blank\">http://www.contractology.com</a>.</p>\r\n<!--<div class=\"creadit_container\">                 <p>You must retain the \"Credit\" section in this document. If you wish to use the document without the \"Credit\" section (e.g. to project a more professional image) then you can get a license to do so here:</p>                 <div class=\"clearfix\"></div>                 <a target=\"_blank\" href=\"http://www.contractology.com/free-document-license-website-disclaimer.html\">http://www.contractology.com/free-document-license-website-disclaimer.html</a>                 <p>It is an infringement of our copyright to use the document without the \"Credit\" section and without paying the license fee.</p>             </div>--></div>\r\n</div>'),(9,'terms_conditions','<div class=\"container\">\r\n<div class=\"main_heading\">\r\n<h3 class=\"text_right\">Terms And Conditions</h3>\r\n</div>\r\n<div class=\"plocies_text \">\r\n<h3>Introduction</h3>\r\n<p>These terms and conditions govern your use of this website; by using this website, you accept these terms and conditions in full. If you disagree with these terms and conditions or any part of these terms and conditions, you must not use this website.</p>\r\n<p>You must be at least 18 years of age to use this website. By using this website and by agreeing to these terms and conditions you warrant and represent that you are at least 18 years of age.</p>\r\n<p>This website uses cookies. By using this website and agreeing to these terms and conditions, you consent to our MBAtrek Pvt. Ltd.\'s use of cookies in accordance with the terms of MBAtrek Pvt. Ltd.\'s privacy policy.</p>\r\n<h3>License to use website</h3>\r\n<p>Unless otherwise stated, MBAtrek Pvt. Ltd. and/or its licensors own the intellectual property rights in the website and material on the website. Subject to the license below, all these intellectual property rights are reserved.</p>\r\n<p>You may view, download for caching purposes only, and print pages from the website for your own personal use, subject to the restrictions set out below and elsewhere in these terms and conditions.</p>\r\n<p>You must not:</p>\r\n<div class=\"second_details\">\r\n<ul class=\"list-unstyled \">\r\n<li>\r\n<p>republish material from this website;</p>\r\n</li>\r\n<li>\r\n<p>sell, rent or sub-license material from the website;/p&gt;</p>\r\n</li>\r\n<li>\r\n<p>show any material from the website in public;</p>\r\n</li>\r\n<li>\r\n<p>reproduce, duplicate, copy or otherwise exploit material on this website for a commercial purpose;</p>\r\n</li>\r\n<li>\r\n<p>edit or otherwise modify any material on the website; or</p>\r\n</li>\r\n<li>\r\n<p>redistribute material from this website.</p>\r\n</li>\r\n</ul>\r\n</div>\r\n<p>Where content is specifically made available for redistribution, it may only be redistributed within your organisation.</p>\r\n<h3>Acceptable use</h3>\r\n<p>You must not use this website in any way that causes, or may cause, damage to the website or impairment of the availability or accessibility of the website; or in any way which is unlawful, illegal, fraudulent or harmful, or in connection with any unlawful, illegal, fraudulent or harmful purpose or activity.</p>\r\n<p>You must not use this website to copy, store, host, transmit, send, use, publish or distribute any material which consists of (or is linked to) any spyware, computer virus, Trojan horse, worm, keystroke logger, rootkit or other malicious computer software.</p>\r\n<p>You must not conduct any systematic or automated data collection activities (including without limitation scraping, data mining, data extraction and data harvesting) on or in relation to this website without MBAtrek Pvt. Ltd.&rsquo;s express written consent.</p>\r\n<p>You must not use this website to transmit or send unsolicited commercial communications.You must not use this website for any purposes related to marketing without MBAtrek Pvt. Ltd.&rsquo;s express written consent.</p>\r\n<h3>Restricted access</h3>\r\n<p>Access to certain areas of this website is restricted. MBAtrek Pvt. Ltd. reserves the right to restrict access to other areas of this website, or indeed this entire website, at MBAtrek Pvt. Ltd.&rsquo;s discretion.</p>\r\n<p>If MBAtrek Pvt. Ltd. provides you with a user ID and password to enable you to access restricted areas of this website or other content or services, you must ensure that the user ID and password are kept confidential.</p>\r\n<p>MBAtrek Pvt. Ltd. may disable your user ID and password in MBAtrek Pvt. Ltd.&rsquo;s sole discretion without notice or explanation.</p>\r\n<h3>User content</h3>\r\n<p>In these terms and conditions, &ldquo;your user content&rdquo; means material (including without limitation text, images, audio material, video material and audio-visual material) that you submit to this website, for whatever purpose.</p>\r\n<p>You grant to MBAtrek Pvt. Ltd. a worldwide, irrevocable, non-exclusive, royalty-free license to use, reproduce, adapt, publish, translate and distribute your user content in any existing or future media. You also grant to MBAtrek Pvt. Ltd. the right to sub-license these rights, and the right to bring an action for infringement of these rights.</p>\r\n<p>Your user content must not be illegal or unlawful, must not infringe any third party\'s legal rights, and must not be capable of giving rise to legal action whether against you or MBAtrek Pvt. Ltd. or a third party (in each case under any applicable law).</p>\r\n<p>You must not submit any user content to the website that is or has ever been the subject of any threatened or actual legal proceedings or other similar complaint.</p>\r\n<p>MBAtrek Pvt. Ltd. reserves the right to edit or remove any material submitted to this website, or stored on MBAtrek Pvt. Ltd.&rsquo;s servers, or hosted or published upon this website.</p>\r\n<p>Notwithstanding MBAtrek Pvt. Ltd.&rsquo;s rights under these terms and conditions in relation to user content, MBAtrek Pvt. Ltd. does not undertake to monitor the submission of such content to, or the publication of such content on, this website.</p>\r\n<h3>No warranties</h3>\r\n<p>This website is provided &ldquo;as is&rdquo; without any representations or warranties, express or implied. MBAtrek Pvt. Ltd. makes no representations or warranties in relation to this website or the information and materials provided on this website.</p>\r\n<p>Without prejudice to the generality of the foregoing paragraph, MBAtrek Pvt. Ltd. does not warrant that:</p>\r\n<div class=\"second_details\">\r\n<ul class=\"list-unstyled \">\r\n<li>\r\n<p>this website will be constantly available, or available at all; or</p>\r\n</li>\r\n<li>\r\n<p>the information on this website is complete, true, accurate or non-misleading.</p>\r\n</li>\r\n</ul>\r\n</div>\r\n<p>Nothing on this website constitutes, or is meant to constitute, advice of any kind. If you require advice in relation to any legal, financial or medical matter you should consult an appropriate professional.</p>\r\n<h3>Limitations of liabilitY</h3>\r\n<p>MBAtrek Pvt. Ltd. will not be liable to you, whether under the law of contact, the law of torts or otherwise in relation to the contents of, or use of, or otherwise in connection with, this website:</p>\r\n<div class=\"second_details\">\r\n<ul class=\"list-unstyled \">\r\n<li>\r\n<p>to the extent that the website is provided free-of-charge, for any direct loss;</p>\r\n</li>\r\n<li>\r\n<p>for any indirect, special or consequential loss; or</p>\r\n</li>\r\n<li>\r\n<p>for any business losses, loss of revenue, income, profits or anticipated savings, loss of contracts or business relationships, loss of reputation or goodwill, or loss or corruption of information or data.</p>\r\n</li>\r\n</ul>\r\n</div>\r\n<p>These limitations of liability apply even if MBAtrek Pvt. Ltd. has been expressly advised of the potential loss.</p>\r\n<h3>Exceptions</h3>\r\n<p>Nothing in this website disclaimer will exclude or limit any warranty implied by law that it would be unlawful to exclude or limit; and nothing in this website disclaimer will exclude or limit MBAtrek Pvt. Ltd.&rsquo;s liability in respect of any:</p>\r\n<div class=\"second_details\">\r\n<ul class=\"list-unstyled \">\r\n<li>\r\n<p>death or personal injury caused by MBAtrek Pvt. Ltd.&rsquo;s negligence;</p>\r\n</li>\r\n<li>\r\n<p>fraud or fraudulent misrepresentation on the part of MBAtrek Pvt. Ltd.; or</p>\r\n</li>\r\n<li>\r\n<p>matter which it would be illegal or unlawful for MBAtrek Pvt. Ltd. to exclude or limit, or to attempt or purport to exclude or limit, its liability.</p>\r\n</li>\r\n</ul>\r\n</div>\r\n<h3>Reasonableness</h3>\r\n<p>By using this website, you agree that the exclusions and limitations of liability set out in this website disclaimer are reasonable. If you do not think they are reasonable, you must not use this website.</p>\r\n<h3>Other parties</h3>\r\n<p>You accept that, as a limited liability entity, MBAtrek Pvt. Ltd. has an interest in limiting the personal liability of its officers and employees. You agree that you will not bring any claim personally against MBAtrek Pvt. Ltd.&rsquo;s officers or employees in respect of any losses you suffer in connection with the website.</p>\r\n<p>Without prejudice to the foregoing paragraph, you agree that the limitations of warranties and liability set out in this website disclaimer will protect MBAtrek Pvt. Ltd.&rsquo;s officers, employees, agents, subsidiaries, successors, assigns and sub-contractors as well as MBAtrek Pvt. Ltd.</p>\r\n<h3>Unenforceable provisions</h3>\r\n<p>If any provision of this website disclaimer is, or is found to be, unenforceable under applicable law, that will not affect the enforceability of the other provisions of this website disclaimer.</p>\r\n<h3>Indemnity</h3>\r\n<p>You hereby indemnify MBAtrek Pvt. Ltd. and undertake to keep MBAtrek Pvt. Ltd. indemnified against any losses, damages, costs, liabilities and expenses (including without limitation legal expenses and any amounts paid by MBAtrek Pvt. Ltd. to a third party in settlement of a claim or dispute on the advice of MBAtrek Pvt. Ltd.&rsquo;s legal advisers) incurred or suffered by MBAtrek Pvt. Ltd. arising out of any breach by you of any provision of these terms and conditions[, or arising out of any claim that you have breached any provision of these terms and conditions].</p>\r\n<h3>Breaches of these terms and conditions</h3>\r\n<p>Without prejudice to MBAtrek Pvt. Ltd.&rsquo;s other rights under these terms and conditions, if you breach these terms and conditions in any way, MBAtrek Pvt. Ltd. may take such action as MBAtrek Pvt. Ltd. deems appropriate to deal with the breach, including suspending your access to the website, prohibiting you from accessing the website, blocking computers using your IP address from accessing the website, contacting your internet service provider to request that they block your access to the website and/or bringing court proceedings against you.</p>\r\n<h3>Variation</h3>\r\n<p>MBAtrek Pvt. Ltd. may revise these terms and conditions from time-to-time. Revised terms and conditions will apply to the use of this website from the date of the publication of the revised terms and conditions on this website. Please check this page regularly to ensure you are familiar with the current version.</p>\r\n<h3>Assignment</h3>\r\n<p>MBAtrek Pvt. Ltd. may transfer, sub-contract or otherwise deal with MBAtrek Pvt. Ltd.&rsquo;s rights and/or obligations under these terms and conditions without notifying you or obtaining your consent.</p>\r\n<p>You may not transfer, sub-contract or otherwise deal with your rights and/or obligations under these terms and conditions.</p>\r\n<h3>Severability</h3>\r\n<p>If a provision of these terms and conditions is determined by any court or other competent authority to be unlawful and/or unenforceable, the other provisions will continue in effect. If any unlawful and/or unenforceable provision would be lawful or enforceable if part of it were deleted, that part will be deemed to be deleted, and the rest of the provision will continue in effect.</p>\r\n<h3>Entire agreement</h3>\r\n<p>These terms and conditions constitute the entire agreement between you and MBAtrek Pvt. Ltd. in relation to your use of this website, and supersede all previous agreements in respect of your use of this website.</p>\r\n<h3>Law and jurisdiction</h3>\r\n<p>These terms and conditions will be governed by and construed in accordance with Laws of India, in the court of Gurgaon (Haryana) and any disputes relating to these terms and conditions will be subject to the exclusive jurisdiction of the courts of Gurgaon, Haryana</p>\r\n<h3>Registrations and authorisations</h3>\r\n<p>MBAtrek Pvt. Ltd. is registered with Ministry of Corporate Affairs, Government of India. You can find the online version of the register at www.mbatrek.com. MBAtrek Pvt. Ltd.&rsquo;s registration number is CIN:U74999HR2016PTC057728</p>\r\n<p>MBAtrek Pvt. Ltd.&rsquo;s Indian Income Tax Permanent Account Number is AAKCM1714E.</p>\r\n<h3>MBAtrek Pvt. Ltd.&rsquo;s details</h3>\r\n<p>The full name of MBAtrek Pvt. Ltd. is MBATREK PRIVATE LIMITEDMBAtrek Pvt. Ltd. is registered with Registrar of Companies under registration number CIN:U74999HR2016PTC057728MBAtrek Pvt. Ltd.&rsquo;s office address is 414, Suncity Business Towers, Golf Course Road, Sector -54, Gurgaon, Haryana-122002</p>\r\n<p>You can contact MBAtrek Pvt. Ltd. by email to alok.srivastava@mbatrek.com</p>\r\n<h3>Credit</h3>\r\n<p>This document was created using a Contractology template available at <a class=\"link_text\" href=\"http://www.contractology.com\" target=\"_blank\">http://www.contractology.com</a>.</p>\r\n<!--<div class=\"creadit_container\">                 <p>You must retain the \"Credit\" section in this document. If you wish to use the document without the \"Credit\" section (e.g. to project a more professional image) then you can get a license to do so here:</p>                 <div class=\"clearfix\"></div>                 <a target=\"_blank\" href=\"http://www.contractology.com/free-document-license-website-terms-and-conditions.html\">http://www.contractology.com/free-document-license-website-terms-and-conditions.html</a>                 <p>It is an infringement of our copyright to use the document without the \"Credit\" section and without paying the license fee.</p>             </div>--></div>\r\n</div>'),(10,'industry','<div class=\"container\">\r\n<div class=\"main_heading industry_benifits\">\r\n<h4>Benefits</h4>\r\n<h3>Industry: What You Gain!</h3>\r\n</div>\r\n<div class=\"center_benifits industry_benifites\"><img class=\"img-responsive\" src=\"images/logo_tansparent.png\" alt=\"\" />\r\n<div class=\"benifits_box industry_box\">\r\n<ul>\r\n<li>\r\n<p>Fresh hires, focused, result-oriented and in-sync with corporate vision and values.</p>\r\n</li>\r\n<li>\r\n<p>MBAtrek program saves enormous time &amp; cost in training new recruits.</p>\r\n</li>\r\n<li>\r\n<p>Stablility in initial years</p>\r\n</li>\r\n<li>\r\n<p>Internship &amp; live projects to be meaningful for the organization</p>\r\n</li>\r\n</ul>\r\n</div>\r\n<div class=\"left_benifits_bx first_bx\">\r\n<h3>Trained to undertake Issue analysis &amp; offer more optimal solutions</h3>\r\n</div>\r\n<div class=\"left_benifits_bx yello_box\">\r\n<h3>Sensitized on workplace behaviour, enabling them to be part of the solution and not of the problem</h3>\r\n</div>\r\n<div class=\"left_benifits_bx grey_box\">\r\n<h3>Our trekker pursues knowledge with CHASE (Character, Hope Attitude Skill &amp; Enthusiasm)</h3>\r\n</div>\r\n<div class=\"left_benifits_bx dark_yellow\">\r\n<h3>Industry ready &amp; relevant, productive &amp; enthusiastic hires</h3>\r\n</div>\r\n<div class=\"left_benifits_bx green_bx\">\r\n<h3>External Mentoring in the first year on the job</h3>\r\n</div>\r\n<div class=\"left_benifits_bx blue_bx\">\r\n<h3>Equipped with knowledge of business processes &amp; consulting tools to practically apply the theoretical learning application</h3>\r\n</div>\r\n</div>\r\n</div>'),(12,'student','<div class=\"container\">\r\n<div class=\"main_heading student_benifits\">\r\n<h4>Benefits</h4>\r\n<h3>Student - What&rsquo;s There For Me?</h3>\r\n<a href=\"index.php?r=student/portal\">Way Forward</a></div>\r\n<div class=\"center_benifits students_b\"><img class=\"img-responsive\" src=\"../../themes/cart/images/logo_tansparent.png\" alt=\"\" />\r\n<div class=\"benifits_box\">\r\n<ul>\r\n<li>\r\n<p>Decision maker</p>\r\n</li>\r\n<li>\r\n<p>Creative &amp; problem solver</p>\r\n</li>\r\n<li>\r\n<p>High on character, ethics and corporate values</p>\r\n</li>\r\n<li>\r\n<p>Leader &amp; Team Player</p>\r\n</li>\r\n<li>\r\n<p>Courageous, motivated and willing to take challenges</p>\r\n</li>\r\n<li>\r\n<p>Analytical thinker and able to relate to strategy</p>\r\n</li>\r\n<li>\r\n<p>Global &lsquo;mind - set&rsquo;</p>\r\n</li>\r\n<li>\r\n<p>Customer focussed</p>\r\n</li>\r\n<li>\r\n<p>Able to apply theoretical knowledge to practical situation</p>\r\n</li>\r\n<li>\r\n<p>&lsquo;Giver&rsquo; - the Philanthropist</p>\r\n</li>\r\n</ul>\r\n</div>\r\n<div class=\"left_benifits_bx first_bx\">\r\n<h3>Character building, developing attitude, skills, spiralling hope &amp; enthusiasm</h3>\r\n</div>\r\n<div class=\"left_benifits_bx yello_box\">\r\n<h3>Imparting industry knowledge &amp; management practices and tools</h3>\r\n</div>\r\n<div class=\"left_benifits_bx grey_box\">\r\n<h3>Business etiquettes. Work place behaviour. Ethics &amp; Values of corporate world. Enhancing soft skills</h3>\r\n</div>\r\n<div class=\"left_benifits_bx dark_yellow\">\r\n<h3>Delivering global industry learnings and best business practices</h3>\r\n</div>\r\n<div class=\"left_benifits_bx green_bx\">\r\n<h3>Mentoring &lsquo;Intern - ACE / ARISE / PRO&rsquo;- Internship- 1st Year on job</h3>\r\n</div>\r\n<div class=\"left_benifits_bx blue_bx\">\r\n<h3>Trained to undertake Company / Industry research analysis</h3>\r\n</div>\r\n</div>\r\n</div>'),(13,'contact_old','<div class=\"main_heading\">\r\n<h4>Contact Us</h4>\r\n<h3>Contact Us</h3>\r\n</div>\r\n<div class=\"contact_form\">\r\n<p>Please feel free to share what\'s on your mind. Don\'t hesitate to let us know what you wish. We are an upfront company and are there to provide simple solutions.We will make things happen for you!</p>\r\n</div>\r\n<div class=\"col-md-12 col-sm-12 col-xs-12\">\r\n<div class=\"form_wrpper\">\r\n<div class=\"col-md-4 col-sm-4 col-xs-12\">\r\n<div class=\"form_block\">\r\n<div class=\"icon_form\"><img src=\"images/location.png\" alt=\"\" /></div>\r\n<div class=\"icon_Details\">\r\n<p>MBAtrek Pvt. Ltd.414, 4th floor, Suncity Business TowersGolf Course Road, Sector 54,Gurgaon, Haryana, 122003</p>\r\n</div>\r\n</div>\r\n</div>\r\n<div class=\"col-md-4 col-sm-4 col-xs-12\">\r\n<div class=\"form_block\">\r\n<div class=\"icon_form\"><a style=\"color: black;\" href=\"mailto:contact@mbatrek.com\"> <img class=\"mail_icon\" src=\"images/email_icon.png\" alt=\"\" /> </a></div>\r\n<div class=\"icon_Details\">\r\n<p><a style=\"color: black;\" href=\"mailto:contact@mbatrek.com\">contact@mbatrek.com</a></p>\r\n</div>\r\n</div>\r\n</div>\r\n<div class=\"col-md-4 col-sm-4 col-xs-12\">\r\n<div class=\"form_block\">\r\n<div class=\"icon_form\"><img class=\"phone_iocn\" src=\"images/phone_icon.png\" alt=\"\" /></div>\r\n<div class=\"icon_Details\">\r\n<p>+919821948334</p>\r\n<p>+919821948335</p>\r\n</div>\r\n</div>\r\n</div>\r\n</div>\r\n</div>'),(14,'quick_links','<section class=\"bielf_container quick_link\">     <div class=\"container\">         <div class=\"main_heading\">             <h4>Quick Links</h4>             <h3>Quick Links To Navigate</h3>         </div>         <div class=\"row\">             <div class=\"col-md-6 col-sm-6 col-xs-12\">                 <div class=\"left_links\">                     <h2>Industry</h2>                     <ul class=\"list-unstyled\">                         <h3>Post</h3>                         <li><a href=\"javascript:void(0);\">- Live Project</a></li>                         <li><a href=\"javascript:void(0);\">- Internship</a></li>                         <li><a href=\"javascript:void(0);\">- Job</a></li>                     </ul>                     <ul class=\"list-unstyled\">                         <h3>Session</h3>                         <li><a href=\"javascript:void(0);\">- Hold A Session At Campus</a></li>                     </ul>                     <ul class=\"list-unstyled\">                         <h3>Consulting</h3>                         <li><a href=\"javascript:void(0);\">- Assign Consulting Project With Faculty</a></li>                     </ul>                 </div>             </div>             <div class=\"col-md-6 col-sm-6 col-xs-12\">                 <div class=\"right_links\">                     <h2>Institute</h2>                     <ul class=\"list-unstyled\">                         <li><a href=\"javascript:void(0);\">- Feedback of MBAtrek to Students</a></li>                         <li><a href=\"javascript:void(0);\">- Rating Given By MBA Students to MBAtrek</a></li>                         <li><a href=\"javascript:void(0);\">- Attendance</a></li>                         <li><a href=\"javascript:void(0);\">- Score</a></li>                         <li><a href=\"javascript:void(0);\">- Talk To Us</a></li>                     </ul>                 </div>             </div>         </div>     </div> </section>'),(15,'session_at_compus','<section class=\"industrial_portal\">\r\n    <div class=\"container\">\r\n        <div class=\"row\">\r\n            <div class=\"col-md-3 col-sm-4 col-xs-12 side_bar\">\r\n                <div class=\"left_sidebar\">\r\n                    <div class=\"left_heading\">\r\n                        <h2>Traits Of Our Learner</h2>\r\n                    </div>\r\n                    <div class=\"clod_img\">\r\n                        <img class=\"img-responsive\" src=\"images/cloude_img.png\"/>\r\n                    </div>\r\n                    <div class=\"module_div\">\r\n                        <div class=\"left_heading\">\r\n                            <h2>MBAtrek Module</h2>\r\n                        </div>\r\n                        <div class=\"module_table\">\r\n                            <table class=\"col-md-12 table-bordered table-striped table-condensed cf\">\r\n                                <tbody>\r\n                                    <tr>\r\n                                        <td class=\"heading_text\">M1</td>\r\n                                        <td>Lorem ipsum dolor sit amet, </td>\r\n                                    </tr>\r\n                                    <tr>\r\n                                        <td class=\"heading_text\">M2</td>\r\n                                        <td>Lorem ipsum dolor sit amet, </td>\r\n                                    </tr>\r\n                                    <tr>\r\n                                        <td class=\"heading_text\">M3</td>\r\n                                        <td>Lorem ipsum dolor sit amet, </td>\r\n                                    </tr>\r\n                                    <tr>\r\n                                        <td class=\"heading_text\">M4</td>\r\n                                        <td>Lorem ipsum dolor sit amet, </td>\r\n                                    </tr>\r\n                                    <tr>\r\n                                        <td class=\"heading_text\">M5</td>\r\n                                        <td>Lorem ipsum dolor sit amet, </td>\r\n                                    </tr>\r\n                                    <tr>\r\n                                        <td class=\"heading_text\">M6</td>\r\n                                        <td>Lorem ipsum dolor sit amet, </td>\r\n                                    </tr>\r\n                                    <tr>\r\n                                        <td class=\"heading_text\">M7</td>\r\n                                        <td>Lorem ipsum dolor sit amet, </td>\r\n                                    </tr>\r\n                                    <tr>\r\n                                        <td class=\"heading_text\">M8</td>\r\n                                        <td>Lorem ipsum dolor sit amet, </td>\r\n                                    </tr>\r\n                                    <tr>\r\n                                        <td class=\"heading_text\">M9</td>\r\n                                        <td>Lorem ipsum dolor sit amet, </td>\r\n                                    </tr>\r\n                                    <tr>\r\n                                        <td class=\"heading_text\">M10</td>\r\n                                        <td>Lorem ipsum dolor sit amet, </td>\r\n                                    </tr>\r\n                                    <tr>\r\n                                        <td class=\"heading_text\">M11</td>\r\n                                        <td>Lorem ipsum dolor sit amet, </td>\r\n                                    </tr>\r\n                                    <tr>\r\n                                        <td class=\"heading_text\">M12</td>\r\n                                        <td>Lorem ipsum dolor sit amet, </td>\r\n                                    </tr>\r\n                                    <tr>\r\n                                        <td class=\"heading_text\">M13</td>\r\n                                        <td>Lorem ipsum dolor sit amet, </td>\r\n                                    </tr>\r\n                                    <tr>\r\n                                        <td class=\"heading_text\">M14</td>\r\n                                        <td>Lorem ipsum dolor sit amet, </td>\r\n                                    </tr>\r\n                                    <tr>\r\n                                        <td class=\"heading_text\">M15</td>\r\n                                        <td>Lorem ipsum dolor sit amet, </td>\r\n                                    </tr>\r\n                                </tbody>\r\n                            </table>\r\n                        </div>\r\n                    </div>\r\n\r\n                </div>\r\n            </div>\r\n            <div class=\"col-md-9 col-sm-8 col-xs-12\">\r\n                <div class=\"right_sidebar\">\r\n                    <div class=\"main_heading\">\r\n                        <h4>Experience</h4>\r\n                        <h3 class=\"text_right\">Thoughts And Experiences</h3>\r\n                    </div>\r\n                    <p class=\"jobs_text\">I would like to share my thoughts and experiences with the MBA students. </p>\r\n                    <div class=\"session_table\">\r\n                        <table class=\"col-md-12 table-bordered table-striped table-condensed cf\">\r\n                            <thead class=\"cf\">\r\n                                <tr>\r\n                                    <th class=\"first_th\">S.No.</th>\r\n                                    <th>Thoughts & Experiences</th>\r\n                                </tr>\r\n                            </thead>\r\n                            <tbody>\r\n                                <tr>\r\n                                    <td class=\"first_td\"  data-title=\"S.No.\" class=\"heading_text\">1.</td>\r\n                                    <td  data-title=\"Thoughts & Experiences\">Etiam imperdiet ante in lectus pharetra ultricies. Phasellus elementum lacus justo, eu blandit turpis porta id. Nulla pharetra lectus euismod neque hendrerit, et aliquam tortor vestibulum. </td>\r\n                                </tr>\r\n                                <tr>\r\n                                    <td class=\"first_td\"  data-title=\"S.No.\" class=\"heading_text\">2.</td>\r\n                                    <td  data-title=\"Thoughts & Experiences\">Etiam imperdiet ante in lectus pharetra ultricies. Phasellus elementum lacus justo, eu blandit turpis porta id. Nulla pharetra lectus euismod neque hendrerit, et aliquam tortor vestibulum. </td>\r\n                                </tr>\r\n                                <tr>\r\n                                    <td class=\"first_td\"  data-title=\"S.No.\" class=\"heading_text\">3.</td>\r\n                                    <td  data-title=\"Thoughts & Experiences\">Etiam imperdiet ante in lectus pharetra ultricies. Phasellus elementum lacus justo, eu blandit turpis porta id. Nulla pharetra lectus euismod neque hendrerit, et aliquam tortor vestibulum. </td>\r\n                                </tr>\r\n                                <tr>\r\n                                    <td class=\"first_td\"  data-title=\"S.No.\" class=\"heading_text\">4.</td>\r\n                                    <td  data-title=\"Thoughts & Experiences\">Etiam imperdiet ante in lectus pharetra ultricies. Phasellus elementum lacus justo, eu blandit turpis porta id. Nulla pharetra lectus euismod neque hendrerit, et aliquam tortor vestibulum. </td>\r\n                                </tr>\r\n                                <tr>\r\n                                    <td class=\"first_td\"  data-title=\"S.No.\" class=\"heading_text\">5.</td>\r\n                                    <td  data-title=\"Thoughts & Experiences\">Etiam imperdiet ante in lectus pharetra ultricies. Phasellus elementum lacus justo, eu blandit turpis porta id. Nulla pharetra lectus euismod neque hendrerit, et aliquam tortor vestibulum. </td>\r\n                                </tr>\r\n                                <tr>\r\n                                    <td class=\"first_td\"  data-title=\"S.No.\" class=\"heading_text\">6.</td>\r\n                                    <td  data-title=\"Thoughts & Experiences\">Etiam imperdiet ante in lectus pharetra ultricies. Phasellus elementum lacus justo, eu blandit turpis porta id. Nulla pharetra lectus euismod neque hendrerit, et aliquam tortor vestibulum. </td>\r\n                                </tr>\r\n                                <tr>\r\n                                    <td class=\"first_td\"  data-title=\"S.No.\" class=\"heading_text\">7.</td>\r\n                                    <td  data-title=\"Thoughts & Experiences\">Etiam imperdiet ante in lectus pharetra ultricies. Phasellus elementum lacus justo, eu blandit turpis porta id. Nulla pharetra lectus euismod neque hendrerit, et aliquam tortor vestibulum. </td>\r\n                                </tr>\r\n                                <tr>\r\n                                    <td class=\"first_td\"  data-title=\"S.No.\" class=\"heading_text\">8.</td>\r\n                                    <td  data-title=\"Thoughts & Experiences\">Etiam imperdiet ante in lectus pharetra ultricies. Phasellus elementum lacus justo, eu blandit turpis porta id. Nulla pharetra lectus euismod neque hendrerit, et aliquam tortor vestibulum. </td>\r\n                                </tr>\r\n                                <tr>\r\n                                    <td class=\"first_td\"  data-title=\"S.No.\" class=\"heading_text\">9.</td>\r\n                                    <td  data-title=\"Thoughts & Experiences\">Etiam imperdiet ante in lectus pharetra ultricies. Phasellus elementum lacus justo, eu blandit turpis porta id. Nulla pharetra lectus euismod neque hendrerit, et aliquam tortor vestibulum. </td>\r\n                                </tr>\r\n                                <tr>\r\n                                    <td class=\"first_td\"  data-title=\"S.No.\" class=\"heading_text\">10.</td>\r\n                                    <td  data-title=\"Thoughts & Experiences\">Etiam imperdiet ante in lectus pharetra ultricies. Phasellus elementum lacus justo, eu blandit turpis porta id. Nulla pharetra lectus euismod neque hendrerit, et aliquam tortor vestibulum. </td>\r\n                                </tr>\r\n                                <tr>\r\n                                    <td class=\"first_td\"  data-title=\"S.No.\" class=\"heading_text\">11.</td>\r\n                                    <td  data-title=\"Thoughts & Experiences\">Etiam imperdiet ante in lectus pharetra ultricies. Phasellus elementum lacus justo, eu blandit turpis porta id. Nulla pharetra lectus euismod neque hendrerit, et aliquam tortor vestibulum. </td>\r\n                                </tr>\r\n                            </tbody>\r\n                        </table>\r\n                    </div>\r\n                </div>\r\n            </div>\r\n        </div>\r\n    </div>\r\n</section>'),(16,'support','<div class=\"container\">\r\n<div class=\"main_heading support_heading\">\r\n<h4>Support</h4>\r\n<h3>We at MBAtrek are here to provide you full support. Feel free to explore.</h3>\r\n</div>\r\n<div class=\"support_Wrpper\">\r\n<div class=\"rpeat_qstn\">\r\n<div class=\"row\">\r\n<div class=\"col-md-2 col-sm-3 col-xs-4\">\r\n<div class=\"image_suport\"><img class=\"img-responsive\" src=\"images/faq.png\" alt=\"\" /></div>\r\n</div>\r\n<div class=\"col-md-10 col-sm-9 col-xs-8\">\r\n<div class=\"content_support\"><a class=\"h2_title\" href=\"../../frequently-asked-questions\">FAQ&rsquo;s</a> <a class=\"anchr_title\" href=\"../../frequently-asked-questions\">Find your questions answered in the FAQs.</a></div>\r\n</div>\r\n</div>\r\n</div>\r\n<div class=\"rpeat_qstn\">\r\n<div class=\"row\">\r\n<div class=\"col-md-2 col-sm-3 col-xs-4\">\r\n<div class=\"image_suport\"><img class=\"img-responsive\" src=\"images/adviosr.png\" alt=\"\" /></div>\r\n</div>\r\n<div class=\"col-md-10 col-sm-9 col-xs-8\">\r\n<div class=\"content_support\"><a class=\"h2_title\" href=\"https://www.mbatrek.com/talk-to-our-career-advisor\">Career Advisor</a> <a class=\"anchr_title\" href=\"https://www.mbatrek.com/talk-to-our-career-advisor\">Haven&rsquo;t still found an answer? Talk to our Career Advisor for advice.</a></div>\r\n</div>\r\n</div>\r\n</div>\r\n</div>\r\n</div>'),(17,'company','<div class=\"our_company_page\">\r\n                <section class=\"helping_section\">\r\n                    <div class=\"container\">\r\n                        <h3>Helping You Unlock the Potential of New Hires and Young Managers</h3>\r\n                        <p>\r\n                            As a recruiter or a HR lead or a hiring manger , do you feel that your new hires and younger professionals are struggling to cope with the corporate life and your company\'s culture.\r\n                        </p>\r\n                        <p>\r\n                            In fact, you will even notice that their idea generation and execution capabilities are also limited. Why do you believe this happens?\r\n                        </p>\r\n                        <p>\r\n                            This arises from lack of preparedness of the young graduate / early stage professionals with respect to being a \'Ready\' and \'Relevant\' professional. \r\n                        </p>\r\n                        <div class=\"ready_process\">\r\n                            <div class=\"student-journey\">\r\n                                <div class=\"container\">\r\n                                    <div class=\"student-journey-inner\">\r\n                                    <div class=\"student-ready col-xs-12 col-md-6 col-lg-6\">\r\n                                    <div class=\"journey-1\">\r\n                                    <ul>\r\n                                    <li class=\"main-box\"><span class=\"journey-text\">Working Professional</span></li>\r\n                                    <li class=\"box1\"><span class=\"journey-text\">Inner Realization</span></li>\r\n                                    <li class=\"box2\"><span class=\"journey-text\">Motivation</span></li>\r\n                                    </ul>\r\n                                    <div class=\"journey-title-bottom\">Ready</div>\r\n                                   \r\n                                    </div>\r\n                                    </div>\r\n                                    <div class=\"student-relevant col-xs-12 col-md-6 col-lg-6\">\r\n                                    <div class=\"journey-2\">\r\n                                    <ul>\r\n                                    <li class=\"box1\"><span class=\"journey-text\">Corporate Skill Development</span></li>\r\n                                    <li class=\"box2\"><span class=\"journey-text\">Preparation &amp; Practise</span></li>\r\n                                    <li class=\"main-box\"><span class=\"journey-text\">Empowered Manager</span></li>\r\n                                    </ul>\r\n                                    <div class=\"journey-title-bottom\">Relevant</div>\r\n                                  \r\n                                    </div>\r\n                                    </div>\r\n                                    </div>\r\n                                </div>\r\n                            </div>\r\n                        </div>\r\n                    </div>\r\n                </section> \r\n                <section class=\"helping_ready\">\r\n                    <div class=\"container\">\r\n                        <div class=\"student-ready col-xs-12 col-md-6 col-lg-6\">\r\n                                <div class=\"journey-1\">\r\n                                    <h2>Ready</h2>\r\n                                <div class=\"journey1-list\">\r\n                                <ul>\r\n                                        <li><span class=\"list-icon\"><img src=\"images/right_mix_color.png\" alt=\"\"></span> <span class=\"list-text\"> <span class=\"list-text-title\">Right Mix:</span> Build analytical, logical and structured thinking skills </span></li>\r\n                                <li><span class=\"list-icon\"><img src=\"images/corporate_icon.png\" alt=\"\"></span> <span class=\"list-text\"> <span class=\"list-text-title\">Corporatiz-ed:</span> Understand today\'s corporate world and its demands </span></li>\r\n                                <li><span class=\"list-icon\"><img src=\"images/awareness_icon.png\" alt=\"\"></span> <span class=\"list-text\"> <span class=\"list-text-title\">Industry Awareness:</span> Ability to develop point of view on industry trends </span></li>\r\n                                </ul>\r\n                                </div>\r\n                                </div>\r\n                        </div>\r\n                        <div class=\"student-relevant col-xs-12 col-md-6 col-lg-6\">\r\n                                <div class=\"journey-2\">\r\n                                    <h2>Relevant</h2>\r\n                                <div class=\"journey2-list\">\r\n                                <ul>\r\n                                <li><span class=\"list-icon\"><img src=\"images/contribute_icon.png\" alt=\"\"></span> <span class=\"list-text\"> <span class=\"list-text-title\">Immediate Contribution:</span> Start delivering from Day 1 in their corporate role </span></li>\r\n                               \r\n                                <li><span class=\"list-icon\"><img src=\" images/long_term.png\" alt=\"\"></span> <span class=\"list-text\"> <span class=\"list-text-title\">Long Term Career:</span> Develop a mindset not jumping between short term jobs </span></li>\r\n                                <li><span class=\"list-icon\"><img src=\"images/collborate.png\" alt=\"\"></span> <span class=\"list-text\"> <span class=\"list-text-title\">Collaborate and Lead:</span> Demonstrate capability to work and lead teams </span></li>\r\n                                </ul>\r\n                                </div>\r\n                                </div>\r\n                        </div>\r\n                     </div>\r\n                </section> \r\n                <section class=\"bulid_your_next\">\r\n                    <div class=\"container\">\r\n                        <!-- <div class=\"arrow-icon\"><a class=\"scroll_to\" href=\"#followed_by\"><img src=\"images/blue-arrow-down.jpg\" alt=\"\"></a></div>  -->\r\n                        <div class=\"car_head\">\r\n                            <h3>Choose the best career development option for your employees</h3>\r\n                        </div>\r\n                        <div class=\"student-top\">\r\n                            <div class=\"container\">\r\n                            <div class=\"student-internship col-xs-12 col-md-6 col-lg-6\">\r\n                            <div class=\"icon-holder\"><a id=\"tab1\" href=\"#careertrek\" class=\"scroll_to\" > <span class=\"icon\"> <img src=\"images/company/dedicated_solution.png\" alt=\"\"> <span class=\"icon-title\"></span> </span> <span class=\"icon-text\">Dedicated Solution to Create Empowered Managers <br><span style=\"text-decoration: underline;\">Click Here</span></span> </a></div>\r\n                            </div>\r\n                            <div class=\"student-placement col-xs-12 col-md-6 col-lg-6\">\r\n                            <div class=\"icon-holder\"><a id=\"tab2\" href=\"#customizelink\" class=\"scroll_to\" > <span class=\"icon\"> <img src=\"images/company/customize_solution.png\" alt=\"\"> <span class=\"icon-title\"></span> </span> <span class=\"icon-text\"> Customized Solution for Employees Career and Professional Development\r\n                                    <span style=\"text-decoration: underline;display: block;\">Click Here</span> </span> </a></div>\r\n                            </div>\r\n                            </div>\r\n                            <div class=\"arrow-icon\"><a class=\"scroll_to\" href=\"#keyarea\"><img src=\"images/blue-arrow-down.jpg\" alt=\"\"></a></div>\r\n                        </div>\r\n                    </div>\r\n                </section> \r\n                <section class=\"manager_div\">\r\n                    <div class=\"container\">\r\n                        <div class=\"manger_heading\" id=\"careertrek\">\r\n                            <h2>#CAREERtrek</h2>\r\n                            <h3>Build Your Next Set of Empowered Managers </h3>\r\n                        </div>\r\n                        <div class=\"manger_categories\">\r\n                            <ul>\r\n                                <li>\r\n                                    <img src=\"images/company/your_best_icon.png\"/>\r\n                                    <span>Identify Your Best Managerial Talent</span>\r\n                                </li>\r\n                                <li>\r\n                                    <img src=\"images/company/assess_ther.png\"/>\r\n                                    <span>Assess their Managerial Potential </span>\r\n                                </li>\r\n                                <li>\r\n                                    <img src=\"images/company/upp_skill.png\"/>\r\n                                    <span>Up-Skill and Transition them to Decision Makers  </span>\r\n                                </li>\r\n                            </ul>\r\n                        </div>\r\n                    </div>\r\n                </section> \r\n                <section class=\"empower_manager\">\r\n                    <section class=\"manager_div\">\r\n                            <div class=\"container\">\r\n                                <div class=\"manger_heading\">\r\n                                    <h2>CAREERtrek enables empowered managers to focus on </h2>\r\n                                </div>\r\n                                <div class=\"manger_categories\">\r\n                                    <ul>\r\n                                        <li>\r\n                                            <img src=\"images/company/developing_people.png\"/>\r\n                                            <span>Developing <br>People </span>\r\n                                        </li>\r\n                                        <li>\r\n                                            <img src=\"images/company/optamize_resources.png\"/>\r\n                                            <span> Optimizing <br>Resources  </span>\r\n                                        </li>\r\n                                        <li>\r\n                                            <img src=\"images/company/business_process.png\"/>\r\n                                            <span> Strengthening Business Processes </span>\r\n                                        </li>\r\n                                    </ul>\r\n                                </div>\r\n                            </div>\r\n                        </section>\r\n                </section> \r\n                <section class=\"key_Area_cover\" id=\"keyarea\">\r\n                    <div class=\"manager_div\">\r\n                        <div class=\"container\">\r\n                            <div class=\"manger_heading\">\r\n                                <h2>Key Areas Covered</h2>\r\n                            </div>\r\n                            <div class=\"manger_categories\">\r\n                                <ul>\r\n                                    <li>\r\n                                        <img src=\"images/company/role_icon.png\"/>\r\n                                        <span>Roles, Ownership, Accountability, Resilience  </span>\r\n                                    </li>\r\n                                    <li>\r\n                                        <img src=\"images/company/imotional_icon.png\"/>\r\n                                        <span>Emotional Intelligence </span>\r\n                                    </li>\r\n                                    <li>\r\n                                        <img src=\"images/company/role_icon.png\"/>\r\n                                        <span> Roles, Responsibility, Objectives  </span>\r\n                                    </li>\r\n                                    <li>\r\n                                        <img src=\"images/company/effective_Team.png\"/>\r\n                                        <span> Effective Team Member </span>\r\n                                    </li>\r\n                                    <li>\r\n                                        <img src=\"images/company/effective_feedback.png\"/>\r\n                                        <span> Delivering and Receiving Effective Feedback </span>\r\n                                    </li>\r\n                                </ul>\r\n                            </div>\r\n                        </div>\r\n                    </div>\r\n                    <div class=\"arrow-icon\"><a class=\"scroll_to\" href=\"#followed_by\"><img src=\"images/company/company_plus.png\" alt=\"\"></a></div> \r\n                    <div class=\"support_managment\">\r\n                        <div class=\"container\">\r\n                            <div class=\"row\">\r\n                                <div class=\"support_aligment\">\r\n                                    <div class=\"support_block\">\r\n                                        <h2>Managerial Potential On-line Assessment </h2>\r\n                                        <ul>\r\n                                            <li>Organisational Acumen</li>\r\n                                            <li>Collaboration</li>\r\n                                            <li>Leadership Skills</li>\r\n                                            <li>Interpersonal Skills</li>\r\n                                            <li>Managing Self</li>\r\n                                        </ul>\r\n                                    </div>\r\n                                </div>\r\n                                <div class=\"support_aligment pull-right\">\r\n                                    <div class=\"support_block\">\r\n                                        <h2>Support to Top Management   </h2>\r\n                                        <ul>\r\n                                            <li>Summary Action Report</li>\r\n                                            <li>De-brief with the </li>\r\n                                            <li>Top Management</li>\r\n                                            <li>Follow  up Exercises to </li>\r\n                                            <li>reinforce development</li>\r\n                                        </ul>\r\n                                    </div>\r\n                                </div>\r\n                            </div>\r\n                        </div>\r\n                    </div>\r\n                </section> \r\n                <section class=\"how_we_Deliver\">\r\n                    <section class=\"manager_div\">\r\n                        <div class=\"container\">\r\n                            <div class=\"manger_heading\">\r\n                                <h2>How Do We Deliver  </h2>\r\n                            </div>\r\n                            <div class=\"manger_categories\">\r\n                                <ul>\r\n                                    <li>\r\n                                        <img src=\"images/company/at_your_office.png\"/>\r\n                                        <span>At Your Office </span>\r\n                                    </li>\r\n                                    <li>\r\n                                        <img src=\"images/company/1.png\"/>\r\n                                        <span>Days</span>\r\n                                    </li>\r\n                                    <li>\r\n                                        <img src=\"images/company/14.png\"/>\r\n                                        <span>Discussion Hours </span>\r\n                                    </li>\r\n                                    <li>\r\n                                        <img src=\"images/company/ulimited_mail.png\"/>\r\n                                        <span>Unlimited email support </span>\r\n                                    </li>\r\n                                    <li>\r\n                                        <img src=\"images/company/additional_Reading.png\"/>\r\n                                        <span>Additional Reading Materials </span>\r\n                                    </li>\r\n                                </ul>\r\n                            </div>\r\n                        </div>\r\n                    </section> \r\n                </section> \r\n                 <section class=\"owner_proile\" >\r\n                    <div class=\"container\">\r\n                        <div class=\"manger_heading\" id=\"customizelink\">\r\n                            <h2>Looking for Customized Employee Career Development Solutions</h2>\r\n                            <h4>Connect with Our Leadership Team</h4>\r\n                        </div>\r\n                        <div id=\"profile_section\" class=\"leader_shipt_div\">\r\n                                <div class=\"row\">\r\n                                <div class=\"col-md-6\">\r\n                                <div class=\"team_container\">\r\n                                <div class=\"team_photo\"><img src=\"../../images/alok.jpg\" alt=\"\"></div>\r\n                                <div class=\"team_description\">\r\n                                <a class=\"link_account\" href=\"https://www.linkedin.com/in/aloksrivastava-mbatrek/\" target=\"_blank\" >Alok Srivastava</a>\r\n                                <span> Co-Founder, MBAtrek Pvt. Ltd.</span> <span>PGDBM (1975-77), XLRI</span> <span>Global Management Program, University of Michigan&nbsp;</span></div>\r\n                                <div class=\"contact_Details_team\"><label>Mobile: +91-9810007333</label> <a class=\"email_link\" href=\"mailto:alok.srivastava@mbatrek.com\">alok.srivastava@mbatrek.com</a></div>\r\n                                <div class=\"company_work\">\r\n                                <h3>Companies worked for:</h3>\r\n                                <ul>\r\n                                <li><img src=\"../../images/honey.png\" alt=\"\"></li>\r\n                                <li><img src=\"../../images/ranbaxy.png\" alt=\"\"></li>\r\n                                <li><img src=\"../../images/apac.jpg\" alt=\"\"></li>\r\n                                </ul>\r\n                                </div>\r\n                                </div>\r\n                                </div>\r\n                                <div class=\"col-md-6\">\r\n                                <div class=\"team_container\">\r\n                                <div class=\"team_photo\"><img src=\"../../images/abhishek.png\" alt=\"\"></div>\r\n                                <div class=\"team_description\">\r\n                                <a class=\"link_account\" href=\"https://www.linkedin.com/in/abhishek-mbatrek/\" target=\"_blank\" >Abhishek Srivastava</a>\r\n                                <span> Co-Founder and CEO, MBAtrek Pvt. Ltd.</span> <span>MBA (ISB), MS (Georgia Institute of Technology),</span> <span>BE (Delhi College of Engineering)&nbsp;</span></div>\r\n                                <div class=\"contact_Details_team\"><label>Mobile: +91-8800466800</label> <a class=\"email_link\" href=\"mailto:abhishek.srivastava@mbatrek.com\">abhishek.srivastava@mbatrek.com</a></div>\r\n                                <div class=\"company_work\">\r\n                                <h3>Companies worked for:</h3>\r\n                                <ul>\r\n                                <li><img src=\"../../images/apple.jpg\" alt=\"\"></li>\r\n                                <li><img src=\"../../images/accenture.png\" alt=\"\"></li>\r\n                                <li><img src=\"../../images/schendir.png\" alt=\"\"></li>\r\n                                <li><img src=\"../../images/trinity.png\" alt=\"\"></li>\r\n                                </ul>\r\n                                </div>\r\n                                </div>\r\n                                </div>\r\n                                </div>\r\n                            </div>\r\n                    </div>\r\n                </section> \r\n            </div'),(18,'educational_institute','<div class=\"education_container\">\r\n<div class=\"container\">\r\n<div class=\"title_main\">\r\n<h3>Partnering with Institutes to create lifelong impact for students</h3>\r\n<h4>Jointly working together to transform your students to &lsquo;Ready&rsquo; and &lsquo;Relevant&rsquo; Executives</h4>\r\n</div>\r\n<div class=\"our_journy\">\r\n<p>We work closely with institutes to help them prepare their students in a holistic manner for the corporate&nbsp;life,&nbsp;so that they can make a fantastic impact as alumni and continue strong upward placement trend.</p>\r\n<div class=\"student-journey\">\r\n<div class=\"container\">\r\n<div class=\"row\">\r\n<div class=\"student-journey-inner\">\r\n<div class=\"student-ready col-xs-12 col-md-6 col-lg-6\">\r\n<div class=\"journey-1\">\r\n<ul>\r\n<li class=\"main-box\"><span class=\"journey-text\" style=\"font-size: large;\">Student</span></li>\r\n<li class=\"box1\"><span class=\"journey-text\" style=\"font-size: large;\">Inner Realization<br /></span></li>\r\n<li class=\"box2\"><span class=\"journey-text\" style=\"font-size: large;\">Motivation</span></li>\r\n</ul>\r\n<div class=\"journey-title-bottom\"><span style=\"font-size: x-large;\">Ready</span></div>\r\n<div class=\"jpurny_title_logo\"><img src=\"../../images/mbalogo.png\" alt=\"\" /><span style=\"color: #229897;\"><strong><span style=\"font-size: xx-large;\">+</span></strong></span>&nbsp;<img src=\"../../images/education_mba.png\" alt=\"\" /></div>\r\n</div>\r\n</div>\r\n<div class=\"student-relevant col-xs-12 col-md-6 col-lg-6\">\r\n<div class=\"journey-2\">\r\n<ul>\r\n<li class=\"box1\"><span class=\"journey-text\" style=\"font-size: large;\">Skill Development</span></li>\r\n<li class=\"box2\"><span class=\"journey-text\" style=\"font-size: large;\">Preparation &amp; Practice</span></li>\r\n<li class=\"main-box\"><span class=\"journey-text\" style=\"font-size: large;\">Executive</span></li>\r\n</ul>\r\n<div class=\"journey-title-bottom\"><span style=\"font-size: x-large;\">Relevant</span></div>\r\n<div class=\"jpurny_title_logo_Second\"><img src=\"../../images/mbalogo.png\" alt=\"\" />&nbsp;<strong style=\"color: #229897;\"><span style=\"font-size: xx-large;\">+</span></strong><img src=\"../../images/education_mba.png\" alt=\"\" /></div>\r\n</div>\r\n</div>\r\n<div class=\"journy_block\">\r\n<h4 class=\"jpurny_text\">What do we mean by &lsquo;Ready&rsquo; and &lsquo;Relevant&rsquo;?</h4>\r\n<div class=\"row\">\r\n<div class=\"col-md-6\">\r\n<div class=\"journey1-list\">\r\n<h3>Ready</h3>\r\n<ul>\r\n<li><span class=\"list-icon\"><img src=\"../../images/right_mix_color.png\" alt=\"\" /></span> <span class=\"list-text\"> <span class=\"list-text-title\">Right Mix</span> build analytical, logical and structured thinking skills </span></li>\r\n<li><span class=\"list-icon\"><img src=\"../../images/corporate_icon.png\" alt=\"\" /></span> <span class=\"list-text\"><span class=\"list-text-title\">Corporatiz-ed: </span>Understand today corporate world and it&rsquo;s demands</span></li>\r\n<li><span class=\"list-icon\"><img src=\"../../images/awareness_icon.png\" alt=\"\" /></span> <span class=\"list-text\"><span class=\"list-text-title\">Industry Awareness:</span> Ability to develop point of view on industry </span></li>\r\n</ul>\r\n</div>\r\n</div>\r\n<div class=\"col-md-6\">\r\n<div class=\"journey2-list\">\r\n<h3>Relevant</h3>\r\n<ul>\r\n<li><span class=\"list-icon\"><img src=\"../../images/contribute_icon.png\" alt=\"\" /></span> <span class=\"list-text\"><strong> <span class=\"list-text-title\">Immediate Contribution: </span></strong> <span style=\"font-size: large;\">Start delivering from Day 1 in their corporate </span></span></li>\r\n<li><span class=\"list-icon\"><img src=\"../../images/long_term.png\" alt=\"\" /></span> <span class=\"list-text\"><strong> <span class=\"list-text-title\">Long Term Career: </span></strong> <span style=\"font-size: large;\">Achieve longer and more meaningful tenures in companies </span></span></li>\r\n<li><span class=\"list-icon\"><img src=\"../../images/collborate.png\" alt=\"\" /></span> <span class=\"list-text\"><strong> <span class=\"list-text-title\">Collaborate and Lead:</span></strong> <span style=\"font-size: large;\">Demonstrate capability to work and lead teams </span></span></li>\r\n</ul>\r\n</div>\r\n</div>\r\n</div>\r\n</div>\r\n<div class=\"arrow-icon\"><a class=\"scroll_to\" href=\"#delivaery_trhough\"><img src=\"../../images/blue-arrow-down.jpg\" alt=\"\" /></a></div>\r\n</div>\r\n<div class=\"transform_journy\">\r\n<h3><span style=\"color: #229897;\">Our comprehensive and unique pedagogy</span></h3>\r\n</div>\r\n<div id=\"delivaery_trhough\" class=\"classroom_div\">\r\n<h4>Classroom Based:</h4>\r\n<ul>\r\n<li><img src=\"../../images/class_room.png\" alt=\"\" /> <span>Discussion Sessions</span></li>\r\n<li><img src=\"../../images/onetoone.png\" alt=\"\" /> <span>One to One Sessions</span></li>\r\n<li><img src=\"../../images/explainer.png\" alt=\"\" /> <span>Explainer Videos</span></li>\r\n<li><img src=\"../../images/good_expericance.png\" alt=\"\" /> <span>Group Exercises</span></li>\r\n<li><img src=\"../../images/mid.png\" alt=\"\" /> <span>Mid-Career Execs Mentorship</span></li>\r\n</ul>\r\n</div>\r\n<div class=\"classroom_div out_side\">\r\n<h4>Outside Classroom (Un-limited Access):</h4>\r\n<ul>\r\n<li><img src=\"../../images/learning_portal.png\" alt=\"\" /> <span>Learning Portal</span></li>\r\n<li><img src=\"../../images/social_media.png\" alt=\"\" /> <span>Social Media</span></li>\r\n<li><img src=\"../../images/email.png\" alt=\"\" /> <span>E-mail</span></li>\r\n<li><img src=\"../../images/voice.png\" alt=\"\" /> <span>Voice / Video Calls</span></li>\r\n<li><img src=\"../../images/cheat.png\" alt=\"\" /> <span>Cheat-sheets</span></li>\r\n</ul>\r\n</div>\r\n<div>&nbsp;</div>\r\n<div>\r\n<h3><strong><span style=\"color: #229897;\">Key benefits to the educational institutions</span></strong></h3>\r\n</div>\r\n<div class=\"partnering_div\"><img src=\"../../images/partning_image.png\" alt=\"\" /> <!-- <h3>Partnering with us will help you achieve the following benefits</h3>\r\n<div class=\"partn_wrapper\">\r\n<ul>\r\n<ul>\r\n<li class=\"imporved\">\r\n<div class=\"inner_block\">Improved Student Intake Quality and Size</div>\r\n</li>\r\n<li class=\"ranking\">\r\n<div class=\"inner_block\">Rankings / Accreditation</div>\r\n<div class=\"arrow first\"><img src=\"https://mbatrek.com/v2/images/arrow1.png\" alt=\"\" /></div>\r\n<div class=\"arrow second\"><img src=\"https://mbatrek.com/v2/images/arrow2.png\" alt=\"\" /></div>\r\n</li>\r\n<ul>\r\n<li class=\"Quality_li\">\r\n<div class=\"inner_block\">Quality Alumni base in the industry</div>\r\n</li>\r\n<li class=\"Quality_li\">\r\n<div class=\"inner_block\">Branding as a Career Building Insitution</div>\r\n</li>\r\n</ul>\r\n</ul>\r\n</ul>\r\n<div class=\"arrow third\"><img src=\"https://mbatrek.com/v2/images/arrow3.png\" alt=\"\" /></div>\r\n</div> --></div>\r\n<div class=\"engament_model\">\r\n<h3>Our typical engagement model</h3>\r\n<ul>\r\n<li><label>Introduction</label> <span>Initial dialogue around the MBAtrek concept and process</span></li>\r\n<li class=\"top_li\"><label>1st Round</label> <span>Discussion on key issues with institute\'s management</span></li>\r\n<li><label>2nd Round</label> <span>Initial interaction with your institute\'s&nbsp;faculty</span></li>\r\n<li class=\"top_li\"><label>3rd Round</label> <span>Detailed working sessions with your institute\'s faculty</span></li>\r\n<li><label>Meeting the Batch</label> <span>Initial students interaction and survey</span></li>\r\n<li class=\"top_li\"><label>Insights Workshop</label> <span>Present initial insights on student interaction</span></li>\r\n<li><label>Program Start</label></li>\r\n</ul>\r\n</div>\r\n<div class=\"arrow-icon\"><a class=\"scroll_to\" href=\"#profile_section\"><img src=\"../../images/blue-arrow-down.jpg\" alt=\"\" /></a></div>\r\n<div id=\"profile_section\" class=\"leader_shipt_div\">\r\n<h3>Connect with our leadership team</h3>\r\n<div class=\"row\">\r\n<div class=\"col-md-6\">\r\n<div class=\"team_container\">\r\n<div class=\"team_photo\"><img src=\"../../images/alok.jpg\" alt=\"\" /></div>\r\n<div class=\"team_description\">\r\n<h3><span style=\"color: #229897; font-size: xx-large;\"><a href=\"https://www.linkedin.com/in/aloksrivastava-mbatrek/\" target=\"_blank\"><span style=\"color: #229897;\">Alok Srivastava</span></a></span></h3>\r\n<span> Co-Founder</span>&nbsp;<span>PGDBM (1975-77), XLRI</span> <span>Global Management Program, University of Michigan&nbsp;</span></div>\r\n<div class=\"contact_Details_team\"><label>Mobile: +91-9810007333</label> <span style=\"text-decoration: underline;\"><a href=\"mailto:alok.srivastava@mbatrek.com\" target=\"_blank\">alok.srivastava@mbatrek.com</a></span></div>\r\n<div class=\"company_work\">\r\n<h3>Companies worked for</h3>\r\n<ul>\r\n<li><img src=\"../../images/honey.png\" alt=\"\" /></li>\r\n<li><img src=\"../../images/ranbaxy.png\" alt=\"\" /></li>\r\n<li><img src=\"../../images/apac.jpg\" alt=\"\" /></li>\r\n</ul>\r\n</div>\r\n</div>\r\n</div>\r\n<div class=\"col-md-6\">\r\n<div class=\"team_container\">\r\n<div class=\"team_photo\"><img src=\"../../images/abhishek.png\" alt=\"\" /></div>\r\n<div class=\"team_description\">\r\n<h3><span style=\"color: #229897; font-size: xx-large;\"><a href=\"https://www.linkedin.com/in/abhishek-mbatrek/\" target=\"_blank\"><span style=\"color: #229897;\">Abhishek Srivastava</span></a></span></h3>\r\n<span> Co-Founder and CEO</span>&nbsp;<span>MBA (ISB), MS (Georgia Institute of Technology),</span> <span>BE (Delhi College of Engineering)&nbsp;</span></div>\r\n<div class=\"contact_Details_team\"><label>Mobile: +91-8800466800</label> <span style=\"text-decoration: underline;\"><a href=\"mailto:abhishek.srivastava@mbatrek.com\" target=\"_blank\">abhishek.srivastava@mbatrek.com</a></span></div>\r\n<div class=\"company_work\">\r\n<h3>Companies worked for</h3>\r\n<ul>\r\n<li><img src=\"../../images/apple.jpg\" alt=\"\" /></li>\r\n<li><img src=\"../../images/accenture.png\" alt=\"\" /></li>\r\n<li><img src=\"../../images/schendir.png\" alt=\"\" /></li>\r\n<li><img src=\"../../images/trinity.png\" alt=\"\" /></li>\r\n</ul>\r\n</div>\r\n</div>\r\n</div>\r\n</div>\r\n</div>\r\n</div>\r\n</div>\r\n</div>\r\n</div>\r\n</div>\r\n</div>'),(19,'student_page','<div class=\"student-top\">\r\n<div class=\"container\">\r\n<div class=\"student-internship col-xs-12 col-md-6 col-lg-6\">\r\n<div class=\"icon-holder\"><a class=\"scroll_to\" href=\"#Firstfollow\"> <span class=\"icon\"> <img src=\"../../images/working-thinking-green.png\" alt=\"\" /> <span class=\"icon-title\">Internship</span> </span> <span class=\"icon-text\"> Need help in preparing for internship! <br /><span style=\"text-decoration: underline;\">Click Here</span></span> </a></div>\r\n</div>\r\n<div class=\"student-placement col-xs-12 col-md-6 col-lg-6\">\r\n<div class=\"icon-holder\"><a id=\"tab2\" href=\"#\"> <span class=\"icon\"> <img src=\"../../images/final placement-blue.png\" alt=\"\" /> <span class=\"icon-title\">Final Placements</span> </span> <span class=\"icon-text\"> Need help in preparing for final placements! <span style=\"text-decoration: underline;\">Click Here</span> </span> </a></div>\r\n</div>\r\n</div>\r\n</div>\r\n<div class=\"student-title\">\r\n<div class=\"container\">\r\n<div class=\"student-title-inner\">Your Journey to Corporate life has already started...</div>\r\n</div>\r\n</div>\r\n<div class=\"student-journey\">\r\n<div class=\"container\">\r\n<div class=\"student-journey-inner\">\r\n<div class=\"student-ready col-xs-12 col-md-6 col-lg-6\">\r\n<div class=\"journey-1\">\r\n<ul>\r\n<li class=\"main-box\"><span class=\"journey-text\" style=\"font-size: large;\">Student</span></li>\r\n<li class=\"box1\"><span class=\"journey-text\" style=\"font-size: large;\">Inner Realization</span></li>\r\n<li class=\"box2\"><span class=\"journey-text\" style=\"font-size: large;\">Motivation</span></li>\r\n</ul>\r\n<div class=\"journey-title-bottom\"><span style=\"font-size: x-large;\">Ready</span></div>\r\n<div class=\"journey1-list\">\r\n<ul>\r\n<li><span class=\"list-icon\"><img src=\"../../images/right_mix_color.png\" alt=\"\" /></span> <span class=\"list-text\" style=\"font-size: large;\"> <span class=\"list-text-title\">Right Mix:</span> Build analytical, logical and structured thinking skills </span></li>\r\n<li><span class=\"list-icon\"><img src=\"../../images/corporate_icon.png\" alt=\"\" /></span> <span class=\"list-text\" style=\"font-size: large;\"> <span class=\"list-text-title\">Corporatiz-ed:</span> Understand today\'s corporate world and its demands </span></li>\r\n<li><span class=\"list-icon\"><img src=\"../../images/awareness_icon.png\" alt=\"\" /></span><span class=\"list-text\" style=\"font-size: large;\"> <span class=\"list-text-title\">Industry Awareness:</span> Ability to develop point of view on industry trends </span></li>\r\n</ul>\r\n</div>\r\n</div>\r\n</div>\r\n<div class=\"student-relevant col-xs-12 col-md-6 col-lg-6\">\r\n<div class=\"journey-2\">\r\n<ul>\r\n<li class=\"box1\"><span class=\"journey-text\" style=\"font-size: large;\">Skill Development</span></li>\r\n<li class=\"box2\"><span class=\"journey-text\" style=\"font-size: large;\">Preparation &amp; Practice</span></li>\r\n<li class=\"main-box\"><span class=\"journey-text\" style=\"font-size: large;\">Executive</span></li>\r\n</ul>\r\n<div class=\"journey-title-bottom\"><span style=\"font-size: x-large;\">Relevant</span></div>\r\n<div class=\"journey2-list\">\r\n<ul>\r\n<li><span class=\"list-icon\"><img src=\"../../images/contribute_icon.png\" alt=\"\" /></span> <span class=\"list-text\" style=\"font-size: large;\"> <span class=\"list-text-title\">Immediate Contribution:</span> Start delivering from Day 1 in their corporate role </span></li>\r\n<li><span class=\"list-icon\"><img src=\"../../images/long_term.png\" alt=\"\" /></span> <span class=\"list-text\" style=\"font-size: large;\"> <span class=\"list-text-title\">Long Term Career:</span> Develop a mindset of not jumping between short term jobs </span></li>\r\n<li><span class=\"list-icon\"><img src=\"../../images/collborate.png\" alt=\"\" /></span> <span class=\"list-text\" style=\"font-size: large;\"> <span class=\"list-text-title\">Collaborate and Lead:</span> Demonstrate capability to work and lead teams </span></li>\r\n</ul>\r\n</div>\r\n</div>\r\n</div>\r\n<div class=\"arrow-icon\"><a class=\"scroll_to\" href=\"#followed_by\"><img src=\"../../images/blue-arrow-down.jpg\" alt=\"\" /></a></div>\r\n</div>\r\n</div>\r\n</div>'),(20,'mbatrek_story','<div class=\"mbatek_strory\">\r\n<div class=\"container\">\r\n<div class=\"row trying_To\">\r\n<h3>Our Story and Approach</h3>\r\n<h4>What are we trying to solve?</h4>\r\n<p>MBAtrek was created when our founders <span style=\"color: #229897;\"><a href=\"https://www.linkedin.com/in/aloksrivastava-mbatrek/\" target=\"_blank\"><span style=\"color: #229897;\">Alok Srivastava</span></a></span> and <span style=\"color: #229897;\"><a href=\"https://www.linkedin.com/in/abhishek-mbatrek/\" target=\"_blank\"><span style=\"color: #229897;\">Abhishek Srivastava</span></a></span> asked a truly unanswered question:</p>\r\n<p><span> Does the eco-system of educational institutions and corporates really transform students into &lsquo;Ready&rsquo; and &lsquo;Relevant&rsquo; industry executives? </span></p>\r\n<p><span>The overwhelming answer is &lsquo;NO&rsquo;.</span> In today&rsquo;s world, companies in any industry are facing a <span>number of challenges:</span></p>\r\n<ul>\r\n<li><img src=\"images/stand_icon.png\" alt=\"\" /> <span>New and Emerging Business Models </span></li>\r\n<li><img src=\"images/dot_icon.png\" alt=\"\" /> <span>Constant Disruption due to Technology </span></li>\r\n<li><img src=\"images/band_icon.png\" alt=\"\" /> <span>New and Emerging Business Models </span></li>\r\n</ul>\r\n<p class=\"relevent_upper_text\">The expectations from <span>young professionals</span> and graduates have never been higher and the&nbsp;<span>millennial workforce </span> will only <span>succeed in companies</span> if they demonstrate the <span>following attributes&hellip;</span></p>\r\n</div>\r\n</div>\r\n<div class=\"ready_section\">\r\n<div class=\"container\">\r\n<div class=\"stry_text\">\r\n<div class=\"journy_block\">\r\n<div class=\"row\">\r\n<div class=\"col-md-6\">\r\n<div class=\"journey1-list\">\r\n<h3><span style=\"font-size: x-large;\">Ready</span></h3>\r\n<ul>\r\n<li><span style=\"font-size: large;\"><span class=\"list-icon\"><img src=\"../../images/right_mix_color.png\" alt=\"\" /></span><span class=\"list-text\"> <span class=\"list-text-title\">Right Mix:</span> Build analytical, logical and structured thinking skills </span></span></li>\r\n<li><span style=\"font-size: large;\"><span class=\"list-icon\"><img src=\"images/corporate_icon.png\" alt=\"\" /></span> <span class=\"list-text\"> <span class=\"list-text-title\">Corporatiz-ed:</span> Understand today&rsquo;s corporate world and it&rsquo;s demands </span></span></li>\r\n<li><span style=\"font-size: large;\"><span class=\"list-icon\"><img src=\"../../images/awareness_icon.png\" alt=\"\" /></span> <span class=\"list-text\"> <span class=\"list-text-title\">Industry Awareness:</span> Ability to develop point of view on industry </span></span></li>\r\n</ul>\r\n</div>\r\n</div>\r\n<div class=\"col-md-6\">\r\n<div class=\"journey2-list\">\r\n<h3><span style=\"font-size: x-large;\">Relevant</span></h3>\r\n<ul>\r\n<li><span style=\"font-size: medium;\"><span class=\"list-icon\"><img src=\"images/contribute_icon.png\" alt=\"\" /> </span><span class=\"list-text\"> <span class=\"list-text-title\">Immediate Contribution: </span> Start delivering from Day 1 in their corporate </span></span></li>\r\n<li><span style=\"font-size: large;\"><span class=\"list-icon\"><img src=\"images/long_term.png\" alt=\"\" /></span> <span class=\"list-text\"> <span class=\"list-text-title\">Long Term Career: </span> Achieve longer and more meaningful tenures in companies </span></span></li>\r\n<li><span style=\"font-size: large;\"><span class=\"list-icon\"><img src=\"images/collborate.png\" alt=\"\" /></span> <span class=\"list-text\"> <span class=\"list-text-title\">Collaborate and Lead:</span> Demonstrate capability to work and lead teams </span></span></li>\r\n</ul>\r\n</div>\r\n</div>\r\n</div>\r\n</div>\r\n</div>\r\n</div>\r\n</div>\r\n<div class=\"addition_wrapper\">\r\n<div class=\"container\">\r\n<div class=\"addtional_container\">\r\n<p><span style=\"font-size: large;\"><span style=\"color: #000000;\">In addition, there is increasing pressure to</span> work and collaborate in teams, operate in decentralized environments and with a heightened sense of ownership and responsibility. <span style=\"color: #000000;\">This requires a completely</span> different mindset and set of personality traits <span style=\"color: #000000;\">which includes:</span></span></p>\r\n<ul>\r\n<li><img src=\"images/character_icon.png\" alt=\"\" /> <span>Character</span></li>\r\n<li><img src=\"images/hope_icon.png\" alt=\"\" /> <span>Hope </span></li>\r\n<li><img src=\"images/atittude_icon.png\" alt=\"\" /> <span>Attitude </span></li>\r\n<li><img src=\"images/self_icon.png\" alt=\"\" /> <span>Self-Awareness </span></li>\r\n<li><img src=\"images/entism_icon.png\" alt=\"\" /> <span>Enthusiasm </span></li>\r\n</ul>\r\n</div>\r\n</div>\r\n</div>\r\n<div class=\"transfor_process\">\r\n<div class=\"container\">\r\n<h3>MBAtrek Transformation Process</h3>\r\n<p>After detailed research and meetings with <span>industry associations (including CII), numerous HR experts, seasoned corporate professionals</span> and <span>leaders of educational institutions</span>,<span style=\"color: #229897;\"><a href=\"https://www.linkedin.com/in/aloksrivastava-mbatrek/\" target=\"_blank\"><span style=\"color: #229897;\"> Alok</span></a></span> and <span style=\"color: #229897;\"><a href=\"https://www.linkedin.com/in/abhishek-mbatrek/\" target=\"_blank\"><span style=\"color: #229897;\">Abhishek</span></a> </span>came up with the idea of a unique platform which addresses the concerns and needs for all stakeholders. This was the rise of<span> MBAtrek.</span></p>\r\n<div class=\"mbatrek_arrow\"><img src=\"images/arrow_mbatrek.png\" alt=\"\" />\r\n<ul>\r\n<li><img src=\"images/yound_student.png\" alt=\"\" /> <span>Young Student / Graduate </span> <img class=\"arrow_track\" src=\"images/arrow_track.png\" alt=\"\" /></li>\r\n<li class=\"relevent_li\"><img src=\"images/relevent_process.png\" alt=\"\" /> <span>Ready and Relevant Professional</span> <img class=\"arrow_track\" src=\"images/arrow_track.png\" alt=\"\" /></li>\r\n<li class=\"performing_li\"><img src=\"images/high_performing.png\" alt=\"\" /> <span>High Performing Executive</span></li>\r\n</ul>\r\n</div>\r\n<div class=\"adjusting_div more_explain\">\r\n<div class=\"home-cta-wrapper\">\r\n<h4 class=\"home_cta_title\">How are we addressing our stakeholders\' need?</h4>\r\n<div class=\"row\">\r\n<div class=\"col-xs-12 col-md-6 col-lg-3 cta-home\">\r\n<div class=\"cta-home-wrap\"><a class=\"cta-link1\" href=\"../../cart/student\"> <span class=\"cta-img\"><img src=\"images/student.png\" alt=\"\" /> </span> <span class=\"cta-title\">Students</span> </a>\r\n<div class=\"cta-body\">\r\n<div class=\"cta-body-row\"><span class=\"body-icon\"><img src=\"images/cta1.1.png\" alt=\"\" /></span> <span class=\"body-text\">Become Industry Ready and Relevant</span></div>\r\n<div class=\"cta-body-row\"><span class=\"body-icon\"><img src=\"images/cta1.2.png\" alt=\"\" /></span> <span class=\"body-text\">Accelerate transition to corporates</span></div>\r\n<div class=\"cta-body-row\"><span class=\"body-icon\"><img src=\"images/cta1.3.png\" alt=\"\" /></span> <span class=\"body-text\">Develop right skills for corporate success</span></div>\r\n</div>\r\n<div class=\"cta-link2\"><a href=\"../../cart/student\">Know More</a> <span style=\"color: #229897;\">&gt;&gt;</span></div>\r\n</div>\r\n</div>\r\n<div class=\"col-xs-12 col-md-6 col-lg-3 cta-home\">\r\n<div class=\"cta-home-wrap\"><a class=\"cta-link1\" href=\"../../cart/profesionals\"> <span class=\"cta-img\"><img src=\"images/young.png\" alt=\"\" /></span> <span class=\"cta-title\">Young Professionals</span> </a>\r\n<div class=\"cta-body\">\r\n<div class=\"cta-body-row\"><span class=\"body-icon\"><img src=\"images/cta2.1.png\" alt=\"\" /></span> <span class=\"body-text\">Hit the ground RUNNING \"Day 1\"</span></div>\r\n<div class=\"cta-body-row\"><span class=\"body-icon\"><img src=\"images/cta2.2.png\" alt=\"\" /></span><span class=\"body-text\">Manage your growth in the first few years</span></div>\r\n<div class=\"cta-body-row\"><span class=\"body-icon\"><img src=\"images/cta2.3.png\" alt=\"\" /></span>&nbsp;<span class=\"body-text\">Engage with right industry people</span></div>\r\n</div>\r\n<div class=\"cta-link2\"><a href=\"../../cart/profesionals\">Know More</a><span style=\"color: #229897;\"> &gt;&gt;</span></div>\r\n</div>\r\n</div>\r\n<div class=\"col-xs-12 col-md-6 col-lg-3 cta-home\">\r\n<div class=\"cta-home-wrap\"><a class=\"cta-link1\" href=\"../../site/page?view=educational_institute\"> <span class=\"cta-img\"><img src=\"images/educational.png\" alt=\"\" /></span> <span class=\"cta-title\">Educational Institutes</span> </a>\r\n<div class=\"cta-body\">\r\n<div class=\"cta-body-row\"><span class=\"body-icon\"><img src=\"images/cta3.1.png\" alt=\"\" /></span> <span class=\"body-text\">Provide the right industry connect</span></div>\r\n<div class=\"cta-body-row\"><span class=\"body-icon\"><img src=\"images/cta3.2.png\" alt=\"\" /></span> <span class=\"body-text\">Build reputation for career building</span></div>\r\n<div class=\"cta-body-row\"><span class=\"body-icon\"><img src=\"images/cta3.3.png\" alt=\"\" /></span> <span class=\"body-text\">Help improve the ROI of your programs</span></div>\r\n</div>\r\n<div class=\"cta-link2\"><a href=\"../../site/page?view=educational_institute\">Know More</a><span style=\"color: #229897;\"> &gt;&gt;</span></div>\r\n</div>\r\n</div>\r\n<div class=\"col-xs-12 col-md-6 col-lg-3 cta-home\">\r\n<div class=\"cta-home-wrap\"><a class=\"cta-link1\" href=\"../../company\"> <span class=\"cta-img\"><img src=\"images/company.png\" alt=\"\" /></span> <span class=\"cta-title\">Companies</span> </a>\r\n<div class=\"cta-body\">\r\n<div class=\"cta-body-row\"><span class=\"body-icon\"><img src=\"images/cta4.1.png\" alt=\"\" /></span> <span class=\"body-text\">On-board young talent seamlessly</span></div>\r\n<div class=\"cta-body-row\"><span class=\"body-icon\"><img src=\"images/cta4.2.png\" alt=\"\" /></span> <span class=\"body-text\">Develop next set of problem solvers</span></div>\r\n<div class=\"cta-body-row\"><span class=\"body-icon\"><img src=\"images/cta4.3.png\" alt=\"\" /></span> <span class=\"body-text\">Build stability and focus in workforce</span></div>\r\n</div>\r\n<div class=\"cta-link2\"><a href=\"../../company\">Know More</a><span style=\"color: #229897;\"> &gt;&gt;</span></div>\r\n</div>\r\n</div>\r\n</div>\r\n</div>\r\n</div>\r\n</div>\r\n</div>\r\n</div>'),(21,'how_we_are_different','<div class=\"diffrent_container\">\r\n<div class=\"container\">\r\n<div class=\"row\">\r\n<h3>How are we different?</h3>\r\n<div class=\"col-md-4\">\r\n<div class=\"diffrent_block bulid_capblity\"><img src=\"themes/cart/images/bulid_capability_icon.png\" alt=\"\" />\r\n<h4>Build capability for future</h4>\r\n<p>We will not only make you ready, but also help you build capabilities for future which can help in long term success</p>\r\n</div>\r\n</div>\r\n<div class=\"col-md-4\">\r\n<div class=\"diffrent_block\"><img src=\"themes/cart/images/solve_capability.png\" alt=\"\" />\r\n<h4>Solve for your context</h4>\r\n<p>We first understand you, your background, your skill level, your needs and then provide solutions according to the context</p>\r\n</div>\r\n</div>\r\n<div class=\"col-md-4\">\r\n<div class=\"diffrent_block bielve_in\"><img src=\"themes/cart/images/in_player_icon.png\" alt=\"\" />\r\n<h4>Believe in player-coach relationship</h4>\r\n<p>Get coached by mid-career executives with 10-20 years of experience who can give you relevant and actionable advice</p>\r\n</div>\r\n</div>\r\n</div>\r\n<div class=\"we_diffrent_container\">\r\n<div class=\"classroom_div\">\r\n<h3>Our Unique Coaching and Pedagogy</h3>\r\n<h4>Classroom Based:</h4>\r\n<ul>\r\n<li><img src=\"../../images/class_room.png\" alt=\"\" /><span>Discussion Sessions</span></li>\r\n<li><img src=\"../../images/onetoone.png\" alt=\"\" /><span>One to One Sessions</span></li>\r\n<li><img src=\"../../images/explainer.png\" alt=\"\" /><span>Explainer Videos</span></li>\r\n<li><img src=\"../../images/good_expericance.png\" alt=\"\" /><span>Group Exercises</span></li>\r\n<li><img src=\"../../images/mid.png\" alt=\"\" /><span>Mid-Career Execs Mentorship</span></li>\r\n</ul>\r\n</div>\r\n<div class=\"classroom_div out_side\">\r\n<h4>Outside Classroom (Un-limited Access):</h4>\r\n<ul>\r\n<li><img src=\"images/learning_portal.png\" alt=\"\" /> <span>Learning Portal</span></li>\r\n<li><img src=\"images/social_media.png\" alt=\"\" /> <span>Social Media</span></li>\r\n<li><img src=\"images/email.png\" alt=\"\" /> <span>E-mail</span></li>\r\n<li><img src=\"images/voice.png\" alt=\"\" /> <span>Voice / Video Calls</span></li>\r\n<li><img src=\"images/cheat.png\" alt=\"\" /> <span>Cheat-sheets</span></li>\r\n</ul>\r\n</div>\r\n</div>\r\n</div>\r\n</div>'),(22,'alok','<div class=\"intro_Container\">\r\n<div class=\"container\">\r\n<div class=\"into_heading\"><img src=\"themes/cart/images/alok_sir_new.png\" alt=\"\" />\r\n<div class=\"name_Wrap\">\r\n<h2>Alok Srivastava</h2>\r\n<ul>\r\n<li><a href=\"mailto:alok.srivastava@mbatrek.com\"><em class=\"fa fa-envelope\"></em>alok.srivastava@mbatrek.com</a></li>\r\n<li><em class=\"fa fa-phone\"></em>+91-98 1000 7333</li>\r\n<li><a href=\"https://www.linkedin.com/in/aloksrivastava-mbatrek\"><em class=\"fa fa-linkedin-square\"></em>LinkedIn Profile</a></li>\r\n</ul>\r\n</div>\r\n</div>\r\n<div class=\"intro_wrapper\">\r\n<p>Alok Srivastava, the <span>co-founder of MBAtrek Pvt. Ltd.,</span> has <span>41 years of vast and varied senior management global experience.</span> Alok is a <span>management graduate from XLRI (1977 batch)</span> and participated in the Global Management Program at <span>Stephen M. Ross School of Business, Michigan University (1998).</span></p>\r\n<p>He has directly mentored and coached <span>1,000+ young executives and middle to senior level managers in</span> his career. He is extremely passionate about making young students and professionals <span>\'Ready\'</span> and <span>\'Relevant\'</span> executives to <span>#hitthegroundRUNNING</span> and co-founded MBAtrek with Abhishek Srivastava.</p>\r\n<p>He had earlier founded a <span>B2B Strategic Sourcing</span> company <span>APAC Sourcing Solutions</span> which is now working with suppliers and customers across <span>15+ countries</span> in the Americas, Middle East and South East Asia.</p>\r\n<p>Previously, he has worked as the <span>Director (Asia Pacific region), Specialty Materials business for Honeywell Inc.</span> During the same period, he also represented <span>Honeywell on the Board of M/s Usha Amorphous</span> (Joint Venture Company). Alok has had a long and extensive tenure with Ranbaxy Laboratories spanning <span>23 years</span> in various senior global leadership roles including <span>Managing Director of Ranbaxy Fine Chemicals Ltd.</span> &amp; Ranbaxy&rsquo;s subsidiaries abroad for 11 years, <span>Head of Strategic Planning, IT and MIS and General Manager</span> for a large green field <span>US$ 30 million project. </span></p>\r\n<p>He has <span>rich cross- functional experience</span> in managing companies globally, <span>human resource management, strategic and operational management, training of marketing and functional managers.</span> He has extensively participated in major business decisions with multinational companies and has a proven track record of improving business processes and to lead an effective and efficient management of profit centers.</p>\r\n</div>\r\n</div>\r\n</div>'),(23,'abhishek','<div class=\"intro_Container\">\r\n<div class=\"container\">\r\n<div class=\"into_heading\"><img src=\"themes/cart/images/alok_profile_img.png\" alt=\"\" />\r\n<div class=\"name_Wrap\">\r\n<h2>Abhishek Srivastava</h2>\r\n<ul>\r\n<li><a href=\"mailto:abhishek.srivastava@mbatrek.com\"><em class=\"fa fa-envelope\"></em>abhishek.srivastava@mbatrek.com</a></li>\r\n<li><em class=\"fa fa-phone\"></em>+91-88 0046 6800</li>\r\n<li><a href=\"https://www.linkedin.com/in/abhishek-mbatrek\"><em class=\"fa fa-linkedin-square\"></em>LinkedIn Profile</a></li>\r\n</ul>\r\n</div>\r\n<div class=\"intro_wrapper\">\r\n<p>Abhishek Srivastava, the<span> co-founder of MBAtrek Pvt. Ltd.,</span> has<span> 10 years of global experience.</span> Abhishek is an <span>MBA</span> from <span>Indian School of Business</span> and has a <span>Masters</span> in Environmental Engineering from<span> Georgia Tech, USA</span> (Recipient of <span>Outstanding Masters Student</span>) and a <span>Bachelors</span> in Environmental Engineering from <span>Delhi College of Engineering.</span></p>\r\n<p>He has <span>directly mentored and coached 100+ young executives in</span> through <span>various formal and informal mentoring</span> and <span>coaching</span> programs. He is extremely passionate about making young students and professionals <span>\'Ready\'</span> and <span>\'Relevant\'</span> executives to <span>#hitthegroundRUNNING.&nbsp;</span>Prior to MBAtrek, he worked as the <span> Head of Business Planning and Strategy</span> for the <span>Enterprise and Education business</span> for <span>Apple India.</span> He had closely worked with India sales leadership on <span>building and executing annual and 3-year strategic roadmap</span>for the enterprise and education segments in addition to his business planning responsibilities.</p>\r\n<p>Previously, he was a <span>seasoned strategy and sustainability professional</span> with extensive experience across <span>diverse industry sectors</span> (oil and gas, telecom, metals and mining, consumer goods, chemicals, power generation) in developing and implementing sustainability strategies, enterprise wide sustainability and EHS performance management solutions, environmental and safety compliance systems in supply chains across <span>USA, Southern Africa, South-east Asia and the Middle East.</span> He was one of the founding members of the Sustainability practice based out of India. He has also worked at <span>Schneider Electric</span> as a <span>Business Development and Strategy Manger</span> leading the <span>Remote Energy Management (REM)</span> and with <span>Trinity Consultants (USA)</span> as a <span>Senior Environmental Consultant.</span></p>\r\n</div>\r\n</div>\r\n</div>\r\n</div>'),(24,'abbhishek','<span>Edit Me</span>'),(25,'blog','<div class=\"blog_new_container\">\r\n<div class=\"blog_header\">\r\n<div class=\"container\">\r\n<div class=\"col-md-4\">\r\n<div class=\"header_btn\"><a class=\"active_high\" href=\"javascript:void(0);\">Recent Updates</a></div>\r\n</div>\r\n<div class=\"col-md-4\">\r\n<div class=\"header_btn\"><a href=\"javascript:void(0);\">Job Ready</a></div>\r\n</div>\r\n<div class=\"col-md-4\">\r\n<div class=\"header_btn\"><a href=\"javascript:void(0);\">CXO\'s Thoughts</a></div>\r\n</div>\r\n</div>\r\n</div>\r\n<div class=\"container\">\r\n<div class=\"blog_container\">\r\n<h3>Helping you make the most of your career</h3>\r\n<div class=\"our_blog\">\r\n<div class=\"row\">\r\n<div class=\"col-md-4 col-sm-4 col-xs-6\">\r\n<div class=\"blog_block\">\r\n<ul class=\"list-unstyled\">\r\n<li><span class=\"date_blog\">03</span> <span class=\"month_blog\">Aug</span></li>\r\n<li><img src=\"images/comment_icon.png\" alt=\"\" /> <span class=\"comment_blog\">17</span></li>\r\n</ul>\r\n<div class=\"blog_img\"><img class=\"img-responsive\" src=\"images/blog_img.jpg\" alt=\"\" /></div>\r\n<div class=\"blog_content\">\r\n<div class=\"blog_info\"><a href=\"../site/blogdetails/12\">Tips on GD</a>\r\n<p>Why is it done? GD is used to assess group skills that cannot be judged in an...</p>\r\n<div class=\"blog_btn\">\r\n<div class=\"site_btn\"><a class=\"raised ripple has-ripple\" href=\"../site/blogdetails/12\">Read more</a></div>\r\n</div>\r\n</div>\r\n</div>\r\n</div>\r\n</div>\r\n<div class=\"col-md-4 col-sm-4 col-xs-6\">\r\n<div class=\"blog_block\">\r\n<ul class=\"list-unstyled\">\r\n<li><span class=\"date_blog\">28</span> <span class=\"month_blog\">Jan</span></li>\r\n<li><img src=\"images/comment_icon.png\" alt=\"\" /> <span class=\"comment_blog\">17</span></li>\r\n</ul>\r\n<div class=\"blog_img\"><img class=\"img-responsive\" src=\"images/blog_img.jpg\" alt=\"\" /></div>\r\n<div class=\"blog_content\">\r\n<div class=\"blog_info\"><a href=\"../site/blogdetails/1\">Problems with management education in India</a>\r\n<p>The problem which students of India are facing is that after completing 2...</p>\r\n<div class=\"blog_btn\">\r\n<div class=\"site_btn\"><a class=\"raised ripple has-ripple\" href=\"../site/blogdetails/1\">Read more</a></div>\r\n</div>\r\n</div>\r\n</div>\r\n</div>\r\n</div>\r\n<div class=\"col-md-4 col-sm-4 col-xs-6\">\r\n<div class=\"blog_block\">\r\n<ul class=\"list-unstyled\">\r\n<li><span class=\"date_blog\">16</span> <span class=\"month_blog\">Mar</span></li>\r\n<li><img src=\"images/comment_icon.png\" alt=\"\" /> <span class=\"comment_blog\">17</span></li>\r\n</ul>\r\n<div class=\"blog_img\"><img class=\"img-responsive\" src=\"images/blog_img.jpg\" alt=\"\" /></div>\r\n<div class=\"blog_content\">\r\n<div class=\"blog_info\"><a href=\"../site/blogdetails/11\">CHASE</a>\r\n<p>Why do employers prefer one candidate over others? Why do some people...</p>\r\n<div class=\"blog_btn\">\r\n<div class=\"site_btn\"><a class=\"raised ripple has-ripple\" href=\"../site/blogdetails/11\">Read more</a></div>\r\n</div>\r\n</div>\r\n</div>\r\n</div>\r\n</div>\r\n<div class=\"col-md-12 col-sm-12 col-xs-12\">&nbsp;</div>\r\n</div>\r\n</div>\r\n</div>\r\n</div>\r\n</div>'),(26,'blog_detail','<div class=\"blog_new_container_details\">\r\n<div class=\"blog_header\">\r\n<div class=\"container\">\r\n<div class=\"col-md-4\">\r\n<div class=\"header_btn\"><a class=\"active_high\" href=\"javascript:void(0);\">Recent Updates</a></div>\r\n</div>\r\n<div class=\"col-md-4\">\r\n<div class=\"header_btn\"><a href=\"javascript:void(0);\">Recent Updates</a></div>\r\n</div>\r\n<div class=\"col-md-4\">\r\n<div class=\"header_btn\"><a href=\"javascript:void(0);\">Recent Updates</a></div>\r\n</div>\r\n</div>\r\n</div>\r\n<div class=\"container\">\r\n<div class=\"blog_container\">\r\n<h3>Helping you make the most of your career</h3>\r\n<div class=\"blog_details\">\r\n<div class=\"blog_heading\">\r\n<h2>Tips on GD</h2>\r\n<ul class=\"list-inline list-unstyled\">\r\n<li><span class=\"posted_by\">By: Ayushi Gupta</span></li>\r\n<li><span class=\"posted_on\">On: 03 Aug, 2017</span></li>\r\n</ul>\r\n</div>\r\n<div class=\"blog_header\"><img class=\"img-responsive\" src=\"images/blog_Details_img.png\" alt=\"\" /></div>\r\n<div class=\"row\">\r\n<div class=\"col-md-9 col-sm-9 col-xs-12\">\r\n<div class=\"share_post\">\r\n<ul class=\"list-inline list-unstyled\">\r\n<li><a class=\"comment_post\" href=\"javascript:void(0);\">0Comments</a></li>\r\n<li><!-- <a href=\"javascript:void(0);\" class=\"share_post_b jssocials\" id=\"share\"> -->\r\n<div class=\"jssocials-shares\">&nbsp;</div>\r\n<!-- </a> --></li>\r\n</ul>\r\n</div>\r\n<div class=\"leave_comment\">\r\n<h2>Leave A Comment</h2>\r\n<div class=\"leave_comment_form\"><form id=\"blog-comment\" class=\"form-horizontal form-vertical\" action=\"/site/blogdetails/12\" method=\"post\">\r\n<div class=\"phAnimate\">\r\n<div class=\"phAnimate\"><label for=\"firstname\">Your Message <em>*</em></label> <textarea id=\"comment\" name=\"comment\"></textarea></div>\r\n</div>\r\n<div class=\"phAnimate\"><label for=\"lastname\">Your Name <em>*</em></label> <input id=\"name\" class=\"input_field\" type=\"text\" name=\"name\" /></div>\r\n<div class=\"phAnimate\"><label for=\"lastname\">Your Email <em>*</em></label> <input id=\"email\" class=\"input_field\" type=\"text\" name=\"email\" /></div>\r\n<div class=\"blog_btn\">\r\n<div class=\"site_btn\"><a class=\"raised ripple has-ripple\" onclick=\"$(\'#blog-comment\').submit()\" href=\"javascript:void(0);\">Submit Comment</a></div>\r\n</div>\r\n</form></div>\r\n</div>\r\n<div class=\"comment_reply\">\r\n<h3 class=\"main_comment\">Comments (0)</h3>\r\n<!--    <div class=\"login_to_comment\">\r\n							<div class=\"site_btn\"><a data-toggle=\"modal\" data-target=\"#myModal1\" class=\"raised ripple has-ripple\" href=\"#myModal1\">Login to Comment</a></div>\r\n							<span class=\"login_comment\">Don\'t have an account? <a href=\"/site/index\">Sign up</a> now</span>\r\n						</div> -->\r\n<div class=\"comment_blocker\">&nbsp;</div>\r\n</div>\r\n</div>\r\n<div class=\"col-md-3 col-sm-3 col-xs-12\">\r\n<div class=\"categories_container\">\r\n<div class=\"block_catry\">\r\n<h2>Category</h2>\r\n<ul class=\"list-unstyled\">\r\n<li><a href=\"../blogs?cat_id=1\">- Digital</a></li>\r\n<li><a href=\"../blogs?cat_id=2\">- Skill development</a></li>\r\n<li><a href=\"../blogs?cat_id=3\">- Management</a></li>\r\n<li><a href=\"../blogs?cat_id=4\">- Live Projects</a></li>\r\n<li><a href=\"../blogs?cat_id=5\">- Readiness for placement</a></li>\r\n</ul>\r\n</div>\r\n<div class=\"block_catry\">\r\n<h2>Latest POSTS</h2>\r\n<ul class=\"list-unstyled\">\r\n<li><img src=\"images/blog_img.jpg\" alt=\"\" /> <a href=\"../site/blogdetails/12\">Tips on GD</a></li>\r\n<li><img src=\"images/blog_img.jpg\" alt=\"\" /> <a href=\"../site/blogdetails/1\">Problems with management education in India</a></li>\r\n<li><img src=\"images/blog_img.jpg\" alt=\"\" /> <a href=\"../site/blogdetails/11\">CHASE</a></li>\r\n</ul>\r\n</div>\r\n</div>\r\n</div>\r\n</div>\r\n</div>\r\n</div>\r\n</div>\r\n</div>'),(27,'contact','<div class=\"contact_container_page\">\r\n<div class=\"container\">\r\n<div class=\"maine_contact_heading\">\r\n<h2>Let&rsquo;s Connect sdfs sadf</h2>\r\n<h3>Looking forward to transforming you</h3>\r\n<div class=\"row\">\r\n<div class=\"col-md-6\">\r\n<div class=\"row\">\r\n<div class=\"col-md-6\">\r\n<div class=\"contact_info_div margin-0\">\r\n<div class=\"phAnimate\"><label for=\"lastname\">First Name <em>*</em></label> <input id=\"name\" class=\"input_field\" type=\"text\" name=\"name\" /></div>\r\n</div>\r\n</div>\r\n<div class=\"col-md-6\">\r\n<div class=\"contact_info_div margin-0\">\r\n<div class=\"phAnimate\"><label for=\"lastname\">Last Name <em>*</em></label> <input id=\"name\" class=\"input_field\" type=\"text\" name=\"name\" /></div>\r\n</div>\r\n</div>\r\n<div class=\"col-md-6\">\r\n<div class=\"contact_info_div\">\r\n<div class=\"phAnimate\"><label for=\"lastname\">Email <em>*</em></label> <input id=\"name\" class=\"input_field\" type=\"text\" name=\"name\" /></div>\r\n</div>\r\n</div>\r\n<div class=\"col-md-6\">\r\n<div class=\"contact_info_div\">\r\n<div class=\"phAnimate\"><label for=\"lastname\">Mobile No. <em>*</em></label> <input id=\"name\" class=\"input_field\" type=\"text\" name=\"name\" /></div>\r\n</div>\r\n</div>\r\n<div class=\"col-md-12\">\r\n<div class=\"are_yu\"><label>Are You?</label>\r\n<ul>\r\n<li>\r\n<div class=\"check_box\"><input id=\"checkboxG1\" class=\"css-checkbox\" type=\"checkbox\" name=\"checkboxG1\" /> <label class=\"css-label\" for=\"checkboxG1\">Company Official</label></div>\r\n</li>\r\n<li>\r\n<div class=\"check_box\"><input id=\"checkboxG2\" class=\"css-checkbox\" type=\"checkbox\" name=\"checkboxG2\" /> <label class=\"css-label\" for=\"checkboxG2\">Institute Rep</label></div>\r\n</li>\r\n<li>\r\n<div class=\"check_box\"><input id=\"checkboxG3\" class=\"css-checkbox\" type=\"checkbox\" name=\"checkboxG3\" /> <label class=\"css-label\" for=\"checkboxG3\">College Student</label></div>\r\n</li>\r\n<li>\r\n<div class=\"check_box\"><input id=\"checkboxG4\" class=\"css-checkbox\" type=\"checkbox\" name=\"checkboxG4\" /> <label class=\"css-label\" for=\"checkboxG4\">Young Professional</label></div>\r\n</li>\r\n</ul>\r\n</div>\r\n</div>\r\n<div class=\"col-md-12\">\r\n<div class=\"contact_info_div\">\r\n<div class=\"phAnimate\"><label for=\"lastname\">Name of Company / Institute <em>*</em></label> <input id=\"name\" class=\"input_field\" type=\"text\" name=\"name\" /></div>\r\n</div>\r\n</div>\r\n<div class=\"col-md-12\">\r\n<div class=\"contact_info_div\">\r\n<div class=\"phAnimate\"><label for=\"lastname\">Subject <em>*</em></label> <input id=\"name\" class=\"input_field\" type=\"text\" name=\"name\" /></div>\r\n</div>\r\n</div>\r\n<div class=\"col-md-12\">\r\n<div class=\"contact_info_div\">\r\n<div class=\"phAnimate\"><label for=\"firstname\">Your Message <em>*</em></label> <textarea id=\"comment\" name=\"comment\"></textarea></div>\r\n</div>\r\n</div>\r\n</div>\r\n</div>\r\n<div class=\"col-md-6\">\r\n<div class=\"google_information\">\r\n<div class=\"gogle_map\"><img src=\"images/map_icon.png\" alt=\"\" /></div>\r\n<div class=\"google_map_info\">\r\n<h3>MBAtrek Private Limited</h3>\r\n<label>414 (4th Floor), Suncity Business Tower, </label> <label>Golf Course Road, Sector -54, </label> <label>Gurugram &ndash; 122003, INDIA</label><label>CIN: U74999HR2016PTC057728</label> <label>Email: contact@mbatrek.com</label> <label>Phone: +91 9821948334, +91 9821948335</label></div>\r\n</div>\r\n</div>\r\n</div>\r\n<div class=\"capcha_div\"><img src=\"images/capcha.png\" alt=\"\" />\r\n<div class=\"submit_form_btn\"><a href=\"javascrip:void(0);\">Submit</a></div>\r\n</div>\r\n</div>\r\n</div>\r\n</div>'),(28,'mbatrek_on_the_ground','<div class=\"ground_mbatrek\">\r\n<div class=\"container\">\r\n<h3>MBAtrek On the Ground</h3>\r\n<div class=\"event_container\">\r\n<h4>Event Name</h4>\r\n<div class=\"eventbanner\">\r\n<div class=\"ground_1_pic\"><img src=\"images/banner_images2.png\" alt=\"\" /></div>\r\n<div class=\"ground_1_pic\"><img src=\"images/banner_images2.png\" alt=\"\" /></div>\r\n<div class=\"ground_1_pic\"><img src=\"images/banner_images2.png\" alt=\"\" /></div>\r\n<p>DescriptionDescription Description Description Description Description</p>\r\n<div class=\"more_about_plan\"><label>To know more about our programs, <a href=\"javascript:void(0);\">Click Here</a> </label></div>\r\n</div>\r\n</div>\r\n</div>\r\n</div>'),(29,'faq','<div class=\"faq_new_container\">\r\n<div class=\"container\">\r\n<h3>We at MBAtrek are here to help you with all your career development needs <br />Feel Free to Explore.</h3>\r\n<h4>Expand the following drop-downs for answers to frequently asked questions.</h4>\r\n<div class=\"faq_Container\">\r\n<div class=\"tabbable-panel\">\r\n<div class=\"tabbable-line\">\r\n<ul class=\"nav nav-tabs \">\r\n<li class=\"active\"><a href=\"#tab_default_1\" data-toggle=\"tab\"> Student </a></li>\r\n<li><a href=\"#tab_default_2\" data-toggle=\"tab\"> Institute </a></li>\r\n<li><a href=\"#tab_default_3\" data-toggle=\"tab\"> Industry </a></li>\r\n</ul>\r\n<div class=\"tab-content\">\r\n<div id=\"tab_default_1\" class=\"tab-pane active\">\r\n<ul id=\"\" class=\"accordion\">\r\n<li>\r\n<div class=\"link\">Who is a career adviser?</div>\r\n<div class=\"submenu\">\r\n<p>The career adviser will act as a life-coach for the students and will help them in solving their issues in the best possible manner.</p>\r\n</div>\r\n</li>\r\n<li>\r\n<div class=\"link\">Does MBAtrek provide Placement Guarantee?</div>\r\n<div class=\"submenu\">\r\n<p>MBAtrek is not a placement agency so it cannot guarantee placements and it believes that no one can guarantee it but can prepare the students in such a way that they have an edge over others in the placement process</p>\r\n</div>\r\n</li>\r\n<li>\r\n<div class=\"link\">How MBAtrek will help the students?</div>\r\n<div class=\"submenu\">\r\n<p>MBAtrek will provide the students with a global curriculum, practical knowledge, problem-solving skills and thus making the student Industry Ready and Relevant. Our expert team will enable the students to become an effective and efficient Executive in no time.</p>\r\n</div>\r\n</li>\r\n<li>\r\n<div class=\"link\">Can students visit the office for any queries faced during the program?</div>\r\n<div class=\"submenu\">\r\n<p>Yes, MBAtrek is like a second home for the students and the students can anytime approach the company\'s office for any query.</p>\r\n</div>\r\n</li>\r\n<li>\r\n<div class=\"link\">What is there for a student when the course is over?</div>\r\n<div class=\"submenu\">\r\n<p>This course will create a lifelong impact in students life making them Industry Ready and Relevant. Students can anytime after the course ask their queries and can be connected to our Industry Links.</p>\r\n</div>\r\n</li>\r\n<li>\r\n<div class=\"link\">Does MBAtrek provide any certification for the program to the students?</div>\r\n<div class=\"submenu\">\r\n<p>No, we believe that certification cannot prove your skills. It is the knowledge which student carries and the way he conducts. That know-how is what MBAtrek will teach students by practical application and not by certification.</p>\r\n</div>\r\n</li>\r\n<li>\r\n<div class=\"link\">How MBAtrek will deliver its objective?</div>\r\n<div class=\"submenu\">\r\n<p>There are series of simulation games, skill test, classes, practical examples, live projects, internships and much more that helps MBAtrek in delivering the objective.</p>\r\n</div>\r\n</li>\r\n<li>\r\n<div class=\"link\">How is the performance of students measured and evaluated?</div>\r\n<div class=\"submenu\">\r\n<p>Each student is allotted a career advisor which acts as a mentor for his query handling and evaluation apart from this there are tests, case studies, webinar etc that helps in evaluation of students performance.</p>\r\n</div>\r\n</li>\r\n<li>\r\n<div class=\"link\">How can I get my Institute registered?</div>\r\n<div class=\"submenu\">\r\n<p>You just need to register your institute in our website after which MBAtrek representative will give you a call for further process and detailing.</p>\r\n</div>\r\n</li>\r\n<li>\r\n<div class=\"link\">Will MBAtrek help the Institutes in increasing placement record?</div>\r\n<div class=\"submenu\">\r\n<p>MBAtrek is not a placement agency but yes we assure that there will be a positive impact on students thought and an increase in their skillset which will ultimately lead to an increase in placement record.</p>\r\n</div>\r\n</li>\r\n</ul>\r\n</div>\r\n<div id=\"tab_default_2\" class=\"tab-pane\">\r\n<ul id=\"\" class=\"accordion\">\r\n<li>\r\n<div class=\"link\">What is \'One Point Contact\'?</div>\r\n<div class=\"submenu\">\r\n<p>One point contact is a medium through which we can maintain our never ending relationship via email. All the discussions related to Institute, Students and Industry will be done through this contact.</p>\r\n</div>\r\n</li>\r\n<li>\r\n<div class=\"link\">How to partner with MBAtrek?</div>\r\n<div class=\"submenu\">\r\n<p>Register your Institute from our website after which one of our career advisors will get back to you for the further discussions.</p>\r\n</div>\r\n</li>\r\n<li>\r\n<div class=\"link\">What is the course fees which Institute need to pay to partner with MBAtrek?</div>\r\n<div class=\"submenu\">\r\n<p>All the discussion regarding the fees will be decided through one to one discussion since we customize our modules according to the need and requirement of the Institute.</p>\r\n</div>\r\n</li>\r\n<li>\r\n<div class=\"link\">Will MBAtrek guarantee Placement of our students?</div>\r\n<div class=\"submenu\">\r\n<p>MBAtrek does not guarantee placement but we assure you that our program is an end to end solution which will definitely make students Industry Ready &amp; Relevant leading to an increase in placement trend. We will definitely assist you on-campus in any placement support you require from us.</p>\r\n</div>\r\n</li>\r\n</ul>\r\n</div>\r\n<div id=\"tab_default_3\" class=\"tab-pane\">\r\n<ul id=\"\" class=\"accordion\">\r\n<li>\r\n<div class=\"link\">What is \'One Point Contact\' ?</div>\r\n<div class=\"submenu\">\r\n<p>One point contact is a medium through which we can maintain our never ending relationship via mail. All the discussions, query handling, Institute discussions and fixing of meetings will be done through this contact</p>\r\n</div>\r\n</li>\r\n<li>\r\n<div class=\"link\">Is there any cost involved in the process to be bore by me ?</div>\r\n<div class=\"submenu\">\r\n<p>No, we believe in improving employability and skills. Thus, MBAtrek will take all necessary steps to connect Industry with the Institutes and students</p>\r\n</div>\r\n</li>\r\n<li>\r\n<div class=\"link\">How do I modify a vacancy already posted by me ?</div>\r\n<div class=\"submenu\">\r\n<p>You can anytime write to us and our team will modify all our posted vacancies-Internships, Live Projects, Placements etc.</p>\r\n</div>\r\n</li>\r\n<li>\r\n<div class=\"link\">How can I keep a track on posting activity for my account ?</div>\r\n<div class=\"submenu\">\r\n<p>Our team will timely notify you on your posted applications through your \'One Point Contact\'</p>\r\n</div>\r\n</li>\r\n<li>\r\n<div class=\"link\">How do I view the applications/responses received for the vacancy that I have posted ?</div>\r\n<div class=\"submenu\">\r\n<p>Our team will timely notify you on your posted applications through your \'One Point Contact\'</p>\r\n</div>\r\n</li>\r\n<li>\r\n<div class=\"link\">Can I enter multiple jobs ?</div>\r\n<div class=\"submenu\">\r\n<p>Yes, one can enter as many jobs as they want</p>\r\n</div>\r\n</li>\r\n<li>\r\n<div class=\"link\">Is there any time frame for posting any vacancy ?</div>\r\n<div class=\"submenu\">\r\n<p>No, there is no assigned time for your postings. However, availability of students depends on their respective Institute</p>\r\n</div>\r\n</li>\r\n<li>\r\n<div class=\"link\">Is my profile visible to all ?</div>\r\n<div class=\"submenu\">\r\n<p>MBAtrek believes in high security standards and therefore your credentials will be visible to you and our team</p>\r\n</div>\r\n</li>\r\n<li>\r\n<div class=\"link\">What if I have a problem with one of the candidate sent by your company(MBAtrek) ?</div>\r\n<div class=\"submenu\">\r\n<p>We will regularly monitor the hire to ensure better efficiency.But,if in case it happens,you can directly write to us</p>\r\n</div>\r\n</li>\r\n</ul>\r\n</div>\r\n</div>\r\n</div>\r\n</div>\r\n<div class=\"fq_footer\"><label>Still stuck with your problem? <span>Contact us at</span> <span class=\"color_span\"> contact@mbatrek.com</span> or Talk to Our <span>Career Advisor at</span> <span class=\"color_span\">+91 98219 48334</span> </label></div>\r\n</div>\r\n</div>\r\n</div>'),(30,'talk_advisory','<span>Edit Me</span>'),(31,'team','<div class=\"our_Team_mbatrek\">\r\n<div class=\"container\">\r\n<div class=\"our_team_block\">\r\n<h3>Founding Team</h3>\r\n<ul>\r\n<li class=\"pull-left show_content_alok\"><a href=\"javascript:void(0);\"> <img class=\"witho_hover\" src=\"images/company/company_logo/alok_picture.png\" alt=\"\"> <img class=\"hover_img\" src=\"images/company/company_logo/alok_picture_hover.png\" alt=\"\"> </a>\r\n<h3>Alok Srivastava <span>Co-founder </span></h3>\r\n</li>\r\n<li class=\"pull-right show_content_abhishek\"><a href=\"javascript:void(0);\"> <img class=\"witho_hover\" src=\"images/company/company_logo/abhishek_picture.png\" alt=\"\"> <img class=\"hover_img\" src=\"images/company/company_logo/abhishek_picture_hover.png\" alt=\"\"> </a>\r\n<h3>Abhishek Srivastava <span>Co-founder and CEO </span></h3>\r\n</li>\r\n</ul>\r\n<div class=\"expand_information alok_info\">\r\n<p>Alok Srivastava, the&nbsp;co-founder of MBAtrek Pvt. Ltd.,&nbsp;has&nbsp;41 years of vast and varied senior management global experience.&nbsp;Alok is a&nbsp;management graduate from XLRI (1977 batch)&nbsp;and participated in the Global Management Program at&nbsp;Stephen M. Ross School of Business, Michigan University (1998). He has directly mentored and coached&nbsp;1,000+ young executives and middle to senior level managers in&nbsp;his career. He is extremely passionate about making young students and professionals&nbsp;\'Ready\'&nbsp;and&nbsp;\'Relevant\'&nbsp;executives to&nbsp;#hitthegroundRUNNING&nbsp;and co-founded MBAtrek with Abhishek Srivastava. He had earlier founded a&nbsp;B2B Strategic Sourcing&nbsp;company&nbsp;APAC Sourcing Solutions&nbsp;which is now working with suppliers and customers across&nbsp;15+ countries&nbsp;in the Americas, Middle East and South East Asia. Previously, he has worked as the&nbsp;Director (Asia Pacific region), Specialty Materials business for Honeywell Inc.&nbsp;During the same period, he also represented&nbsp;Honeywell on the Board of M/s Usha Amorphous&nbsp;(Joint Venture Company). Alok has had a long and extensive tenure with Ranbaxy Laboratories spanning&nbsp;23 years&nbsp;in various senior global leadership roles including&nbsp;Managing Director of Ranbaxy Fine Chemicals Ltd.&nbsp;&amp; Ranbaxy’s subsidiaries abroad for 11 years,&nbsp;Head of Strategic Planning, IT and MIS and General Manager&nbsp;for a large green field&nbsp;US$ 30 million project. He has&nbsp;rich cross- functional experience&nbsp;in managing companies globally,&nbsp;human resource management, strategic and operational management, training of marketing and functional managers.&nbsp;He has extensively participated in major business decisions with multinational companies and has a proven track record of improving business processes and to lead an effective and efficient management of profit centers.</p>\r\n<div class=\"social_info_admin\">\r\n<ul>\r\n<li><a href=\"mailto:alok.srivastava@mbatrek.com\" target=\"_blank\"><img src=\"images/company/company_logo/mail_iocn_team.png\" alt=\"\"> </a><span>alok.srivastava@mbatrek.com</span></li>\r\n<li>&nbsp;<a href=\"mailto:alok.srivastava@mbatrek.com\" target=\"_blank\"><img src=\"images/company/company_logo/phone_icon_Team.png\" alt=\"\"></a><span>+91-98100 07333 </span></li>\r\n<li><a title=\"LinkedIn Profile\" href=\"https://www.linkedin.com/in/aloksrivastava-mbatrek\" target=\"_blank\"><img src=\"images/company/company_logo/linkedin_icon_Team.png\" alt=\"\"><span>LinkedIn Profile</span></a></li>\r\n</ul>\r\n</div>\r\n</div>\r\n<div class=\"expand_information abhishek_info\">\r\n<p>Abhishek Srivastava, the&nbsp;co-founder of MBAtrek Pvt. Ltd.,&nbsp;has&nbsp;10 years of global experience.&nbsp;Abhishek is an&nbsp;MBA&nbsp;from&nbsp;Indian School of Business&nbsp;and has a&nbsp;Masters&nbsp;in Environmental Engineering from&nbsp;Georgia Tech, USA&nbsp;(Recipient of&nbsp;Outstanding Masters Student) and a&nbsp;Bachelors&nbsp;in Environmental Engineering from&nbsp;Delhi College of Engineering.</p>\r\n<p>He has&nbsp;directly mentored and coached 100+ young executives in&nbsp;through&nbsp;various formal and informal mentoring&nbsp;and&nbsp;coaching&nbsp;programs. He is extremely passionate about making young students and professionals&nbsp;\'Ready\'&nbsp;and&nbsp;\'Relevant\'&nbsp;executives to&nbsp;#hitthegroundRUNNING. Prior to MBAtrek, he worked as the&nbsp;Head of Business Planning and Strategy&nbsp;for the&nbsp;Enterprise and Education business&nbsp;for&nbsp;Apple India.&nbsp;He had closely worked with India sales leadership on&nbsp;building and executing annual and 3-year strategic roadmapfor the enterprise and education segments in addition to his business planning responsibilities.</p>\r\n<p>In his past life, he was a&nbsp;seasoned strategy and sustainability professional&nbsp;with extensive experience across&nbsp;diverse industry sectors&nbsp;(oil and gas, telecom, metals and mining, consumer goods, chemicals, power generation) in developing and implementing sustainability strategies, enterprise wide sustainability and EHS performance management solutions, environmental and safety compliance systems in supply chains across&nbsp;USA, Southern Africa, South-east Asia and the Middle East.&nbsp;He was one of the founding members of the Sustainability practice based out of India. He has also worked at&nbsp;Schneider Electric&nbsp;as a&nbsp;Business Development and Strategy Manger&nbsp;leading the&nbsp;Remote Energy Management (REM)&nbsp;and with&nbsp;Trinity Consultants (USA)&nbsp;as a&nbsp;Senior Environmental Consultant.</p>\r\n<div class=\"social_info_admin\">\r\n<ul>\r\n<li><a href=\"mailto:abhishek.srivastava@mbatrek.com\" target=\"_blank\"><img src=\"images/company/company_logo/mail_iocn_team.png\" alt=\"\"> </a><span> abhishek.srivastava@mbatrek.com </span></li>\r\n<li>&nbsp;<img src=\"images/company/company_logo/phone_icon_Team.png\" alt=\"\"><span>+91-88004 66800</span></li>\r\n<li><a title=\"LinkedIn Profile\" href=\"https://www.linkedin.com/in/abhishek-mbatrek\" target=\"_blank\"><img src=\"images/company/company_logo/linkedin_icon_Team.png\" alt=\"\"><span>LinkedIn Profile</span></a></li>\r\n</ul>\r\n</div>\r\n</div>\r\n</div>\r\n<div class=\"our_team_block\">\r\n<h3>Core Team</h3>\r\n<ul>\r\n<li class=\"pull-left ayushi_info\"><a href=\"javascript:void(0);\"> <img class=\"witho_hover\" src=\"images/company/company_logo/ayushi_picture.png\" alt=\"\"> <img class=\"hover_img\" src=\"images/company/company_logo/ayushi_picture_hover.png\" alt=\"\"> </a>\r\n<h3>Ayushi Gupta <span> Lead – Institutions and Students Vertical </span></h3>\r\n</li>\r\n<li class=\"pull-right rahul_info\"><a href=\"javascript:void(0);\"> <img class=\"witho_hover\" src=\"images/company/company_logo/rahul_jain_picture.png\" alt=\"\"> <img class=\"hover_img\" src=\"images/company/company_logo/rahul_jain_picture_hover.png\" alt=\"\"> </a>\r\n<h3>Rahul Jain <span> Lead – Corporates and Young Professionals Vertical </span></h3>\r\n</li>\r\n</ul>\r\n<div class=\"expand_information show_ayushi_info\">\r\n<p>Ayushi has been a part of Team MBAtrek since its inception. She is the brain behind most of the awesome initiatives at MBAtrek. The #InterviewReady and #IndustryReady Competitions are her creations. She plays a pivotal role in handling our institutional and consumer offerings for students. Ayushi is an expert in Strategy, Data Analysis and Planning. She is an AMCAT certified Business Analyst and Data Processing Specialist.</p>\r\n<p>She is a Computer Science Engineer and Holds an MBA degree in IT and Marketing from Amity Business School, Noida. She secured first division in both her degrees.</p>\r\n<p>Ayushi loves travelling, is an amazing dancer, superb swimmer and loves to explore new business ideas.</p>\r\n<p>The team loves her for the amazing ideas and the unique perspective she brings in. She is truly the Engine Room of Team MBAtrek.</p>\r\n<div class=\"social_info_admin\">\r\n<ul>\r\n<li><img src=\"images/company/company_logo/mail_iocn_team.png\" alt=\"\">&nbsp;<a href=\"mailto:ca2@mbatrek.com\" target=\"_blank\"><span>ca2@mbatrek.com </span></a></li>\r\n<li>&nbsp;<img src=\"images/company/company_logo/phone_icon_Team.png\" alt=\"\"><span>+91-70420 85845</span></li>\r\n<li><a href=\"https://www.linkedin.com/in/ayushi-gupta-mbatrek\"><img src=\"images/company/company_logo/linkedin_icon_Team.png\" alt=\"\"><span>LinkedIn Profile</span></a></li>\r\n</ul>\r\n</div>\r\n</div>\r\n<div class=\"expand_information show_rahul_info\">\r\n<p>Rahul is an expert in the development and creation of unique content. The skills and adaptability showcased by him in any situation are mesmerizing. Having high creativity, he is passionate about creating something new and differentiated for all our customers.</p>\r\n<p>Currently, he is leading the Campus Ambassador and #CAREERtrek programs at MBAtrek. He has also worked on creating our key training modules. Also, he plays a key role in handling our corporate offerings and consumer offerings for Young Professionals.</p>\r\n<p>Rahul is an MBA from Delhi School of Economics, and a Bachelor with honors in Commerce from University of Delhi. He has an internship experience with the Anand Group, where he worked on the deployment of Learning Management System throughout the Organisation.</p>\r\n<p>Rahul is not only a scholar but also an awesome basketball player. He loves to solve logical puzzles and is fond of reading about technology.</p>\r\n<p>The team loves Rahul for his ability to take challenges and bring innovative ideas to the table. He is the ‘Samurai artist’ of Team MBAtrek.</p>\r\n<div class=\"social_info_admin\">\r\n<ul>\r\n<li><img src=\"images/company/company_logo/mail_iocn_team.png\" alt=\"\">&nbsp;<a href=\"mailto:ca3@mbatrek.com\" target=\"_blank\"><span>ca3@mbatrek.com </span></a></li>\r\n<li><img src=\"images/company/company_logo/phone_icon_Team.png\" alt=\"\">&nbsp;<span>+91-93111 84588</span></li>\r\n<li><a title=\"LinkedIn Profile\" href=\"https://www.linkedin.com/in/rahuljain0807\" target=\"_blank\"><img src=\"images/company/company_logo/linkedin_icon_Team.png\" alt=\"\"><span>LinkedIn Profile</span></a></li>\r\n</ul>\r\n</div>\r\n</div>\r\n</div>\r\n    <!-- <div class=\"our_team_block\">\r\n    <h3>Extended Team</h3>\r\n    <ul>\r\n    <li class=\"pull-left\"><a href=\"javascript:void(0);\"> <img class=\"witho_hover\" src=\"images/company/company_logo/sonali_picture.png\" alt=\"\"> <img class=\"hover_img\" src=\"images/company/company_logo/sonali_picture_hover.png\" alt=\"\"> </a>\r\n    <h3>Sonali Rai <span> Associate – Content Development and Creation</span></h3>\r\n    </li>\r\n    <li class=\"pull-right\"><a href=\"javascript:void(0);\"> <img class=\"witho_hover\" src=\"images/company/company_logo/sherya_picture.png\" alt=\"\"> <img class=\"hover_img\" src=\"images/company/company_logo/sherya_picture_hover.png\" alt=\"\"> </a>\r\n    <h3>Shreya Mishra <span> Lead - Industry Connect </span></h3>\r\n    </li>\r\n    </ul>\r\n    </div> -->\r\n<div class=\"our_team_block intern_Team\">\r\n<h3>Our Interns</h3>\r\n<ul>\r\n</li>\r\n<li class=\"pull-right\"><a href=\"javascript:void(0);\"> <img class=\"witho_hover\" src=\"images/company/company_logo/sonali_picture.png\" alt=\"\"> <img class=\"hover_img\" src=\"images/company/company_logo/sonali_picture_hover.png\" alt=\"\"> </a>\r\n<h3>Sonali Rai<span> DSE Delhi</span></h3>\r\n</li>\r\n<li class=\"pull-left\"><a href=\"javascript:void(0);\"> <img class=\"witho_hover\" src=\"images/company/company_logo/ajit_picture.png\" alt=\"\"> <img class=\"hover_img\" src=\"images/company/company_logo/ajit_picture_hover.png\" alt=\"\"> </a>\r\n<h3>Ajit Walke<span>IIM Ranchi </span></h3>\r\n</li>\r\n<li class=\"pull-right\"><a href=\"javascript:void(0);\"> <img class=\"witho_hover\" src=\"images/company/company_logo/laxmikant_picture.png\" alt=\"\"> <img class=\"hover_img\" src=\"images/company/company_logo/laxmikant_picture_hover.png\" alt=\"\"> </a>\r\n<h3>Laxmikant <span> IIM Ranchi</span></h3>\r\n</li>\r\n<li class=\"pull-right\"><a href=\"javascript:void(0);\"> <img class=\"witho_hover\" src=\"images/company/company_logo/pragya_picture.png\" alt=\"\"> <img class=\"hover_img\" src=\"images/company/company_logo/pragya_picture_hover.png\" alt=\"\"> </a>\r\n<h3>Pragya Choudhary <span>LBSIM Delhi</span></h3>\r\n</li>\r\n<li class=\"pull-right\"><a href=\"javascript:void(0);\"> <img class=\"witho_hover\" src=\"images/company/company_logo/shaviya_picture.png\" alt=\"\"> <img class=\"hover_img\" src=\"images/company/company_logo/shaviya_picture_hover.png\" alt=\"\"> </a>\r\n<h3>Shaivya Kaushal, <span>LBSIM Delhi</span></h3>\r\n</li>\r\n<li class=\"pull-right\"><a href=\"javascript:void(0);\"> <img class=\"witho_hover\" src=\"images/company/company_logo/mohit_picture.png\" alt=\"\"> <img class=\"hover_img\" src=\"images/company/company_logo/mohit_picture_hover.png\" alt=\"\"> </a>\r\n<h3>Mohit Awasthi <span> IIT Roorkee</span></h3>\r\n</li>\r\n<li class=\"pull-right\"><a href=\"javascript:void(0);\"> <img class=\"witho_hover\" src=\"images/company/company_logo/sargam_picture.png\" alt=\"\"> <img class=\"hover_img\" src=\"images/company/company_logo/sargam_picture_hover.png\" alt=\"\"> </a>\r\n<h3>Sargam Shukla <span> NIT Jalandhar</span></h3>\r\n</li>\r\n<li class=\"pull-right\"><a href=\"javascript:void(0);\"> <img class=\"witho_hover\" src=\"images/company/company_logo/nikita_picture.png\" alt=\"\"> <img class=\"hover_img\" src=\"images/company/company_logo/nikita_picture_hover.png\" alt=\"\"> </a>\r\n<h3>Nikita Srivastava <span> Jaipuria Lucknow</span></h3>\r\n</li>\r\n<li class=\"pull-right\"><a href=\"javascript:void(0);\"> <img class=\"witho_hover\" src=\"images/company/company_logo/sherya_picture.png\" alt=\"\"> <img class=\"hover_img\" src=\"images/company/company_logo/sherya_picture_hover.png\" alt=\"\"> </a>\r\n<h3>Shreya Mishra<span> Jaipuria Lucknow</span></h3>\r\n\r\n</ul>\r\n</div>\r\n</div>\r\n</div>'),(32,'company_helping\r\n','<div class=\"page-wrapper\">\r\n<div class=\"our_company_page\">\r\n<div class=\"container\">\r\n<h3>Helping You Unlock the Potential of New Hires and Young Managers</h3>\r\n<p>As a recruiter or a HR lead or a hiring manager, do you feel that your new hires and younger professionals are struggling to cope with the corporate life and your company\'s culture?</p>\r\n<p>In fact, you will even notice that their idea generation and execution capabilities are also limited. Why do you believe this happens?</p>\r\n<p>This arises from a lack of preparedness of the young graduate / early stage professionals with respect to being a \'Ready\' and \'Relevant\' professional.</p>\r\n<div class=\"ready_process\">\r\n<div class=\"student-journey\">\r\n<div class=\"container\">\r\n<div class=\"student-journey-inner\">\r\n<div class=\"student-ready col-xs-12 col-md-6 col-lg-6\">\r\n<div class=\"journey-1\">\r\n<ul>\r\n<li class=\"main-box\"><span class=\"journey-text\" style=\"font-size: large;\">Student</span></li>\r\n<li class=\"box1\"><span class=\"journey-text\" style=\"font-size: large;\">Inner Realization</span></li>\r\n<li class=\"box2\"><span class=\"journey-text\" style=\"font-size: large;\">Motivation</span></li>\r\n</ul>\r\n<div class=\"journey-title-bottom\"><span style=\"font-size: x-large;\">Ready</span></div>\r\n</div>\r\n</div>\r\n<div class=\"student-relevant col-xs-12 col-md-6 col-lg-6\">\r\n<div class=\"journey-2\">\r\n<ul>\r\n<li class=\"box1\"><span class=\"journey-text\" style=\"font-size: large;\">Skill Development</span></li>\r\n<li class=\"box2\"><span class=\"journey-text\" style=\"font-size: large;\">Preparation &amp; Practise</span></li>\r\n<li class=\"main-box\"><span class=\"journey-text\" style=\"font-size: large;\">Executive</span></li>\r\n</ul>\r\n<div class=\"journey-title-bottom\"><span style=\"font-size: x-large;\">Relevant</span></div>\r\n</div>\r\n</div>\r\n</div>\r\n</div>\r\n</div>\r\n</div>\r\n</div>\r\n<div class=\"container\">\r\n<div class=\"student-ready col-xs-12 col-md-6 col-lg-6\">\r\n<div class=\"journey-1\">\r\n<h2>Ready</h2>\r\n<div class=\"journey1-list\">\r\n<ul>\r\n<li><span class=\"list-icon\"><img src=\"images/contribute_icon2.png\" alt=\"\" /></span> <span class=\"list-text\"> <span class=\"list-text-title\">Immediate Contribution:</span> Start delivering from Day 1 in their corporate role </span></li>\r\n<li><span class=\"list-icon\"><img src=\"images/corporate_icon.png\" alt=\"\" /></span> <span class=\"list-text\"> <span class=\"list-text-title\">Corporatiz-ed:</span> Understand today\'s corporate world and its demands </span></li>\r\n<li><span class=\"list-icon\"><img src=\"images/industry_icon.png\" alt=\"\" /></span> <span class=\"list-text\"> <span class=\"list-text-title\">Industry Awareness:</span> Ability to develop a point of view on industry trends </span></li>\r\n</ul>\r\n</div>\r\n</div>\r\n</div>\r\n<div class=\"student-relevant col-xs-12 col-md-6 col-lg-6\">\r\n<div class=\"journey-2\">\r\n<h2>Relevant</h2>\r\n<div class=\"journey2-list\">\r\n<ul>\r\n<li><span class=\"list-icon\"><img src=\"images/mix2.png\" alt=\"\" /></span> <span class=\"list-text\"> <span class=\"list-text-title\">Right Mix:</span> Build analytical, logical and structured thinking skills </span></li>\r\n<li><span class=\"list-icon\"><img src=\"images/long_term.png\" alt=\"\" /></span> <span class=\"list-text\"> <span class=\"list-text-title\">Long Term Career:</span> Develop a mindset not jumping between short term jobs </span></li>\r\n<li><span class=\"list-icon\"><img src=\"images/collborate.png\" alt=\"\" /></span> <span class=\"list-text\"> <span class=\"list-text-title\">Collaborate and Lead:</span> Demonstrate capability to work and lead teams </span></li>\r\n</ul>\r\n</div>\r\n</div>\r\n</div>\r\n</div>\r\n<div class=\"container\">\r\n<div class=\"arrow-icon\"><a class=\"scroll_to\" href=\"#bulid_next\"><img src=\"images/blue-arrow-down.jpg\" alt=\"\" /></a></div>\r\n<div class=\"student-top\">\r\n<div class=\"container\">\r\n<div class=\"student-internship col-xs-12 col-md-6 col-lg-6\">\r\n<div class=\"icon-holder\"><a id=\"tab1\" href=\"javascript:void(0);\"> <span class=\"icon\"> <img src=\"images/company/dedicated_solution.png\" alt=\"\" />#CAREERtrek Dedicated Solution to Create Empowered Managers</span><span class=\"icon-text\"><br /><span style=\"text-decoration: underline;\">Click Here</span></span> </a></div>\r\n</div>\r\n<div class=\"student-placement col-xs-12 col-md-6 col-lg-6\">\r\n<div class=\"icon-holder\"><a id=\"tab2\" href=\"javascript:void(0);\"> <span class=\"icon\"> <img src=\"images/company/customize_solution.png\" alt=\"\" /> <span class=\"icon-title\">Final Placements</span> </span> <span class=\"icon-text\"> Need help preparing for final placements? <span style=\"text-decoration: underline; display: block;\">Click Here</span> </span> </a></div>\r\n</div>\r\n</div>\r\n<div class=\"arrow-icon\"><a class=\"scroll_to\" href=\"#key_Area\"><img src=\"images/blue-arrow-down.jpg\" alt=\"\" /></a></div>\r\n</div>\r\n</div>\r\n<div class=\"container\">\r\n<div class=\"manger_heading\">\r\n<h2>#CAREERtrek</h2>\r\n<h3>Build Your Next Set of Empowered Managers</h3>\r\n</div>\r\n<div class=\"manger_categories\">\r\n<ul>\r\n<li><img src=\"images/company/your_best_icon.png\" alt=\"\" /> <span>Identify Your Best Managerial Talent</span></li>\r\n<li><img src=\"images/company/assess_ther.png\" alt=\"\" /> <span>Assess their Managerial Potential </span></li>\r\n<li><img src=\"images/company/upp_skill.png\" alt=\"\" /> <span>Up-Skill and Transition them to Decision Makers </span></li>\r\n</ul>\r\n</div>\r\n</div>\r\n<div class=\"container\">\r\n<div class=\"manger_heading\">\r\n<h2>CAREERtrek enables empowered managers to focus on</h2>\r\n</div>\r\n<div class=\"manger_categories\">\r\n<ul>\r\n<li><img src=\"images/company/developing_people.png\" alt=\"\" /> <span>Developing <br />People</span></li>\r\n<li><img src=\"images/company/optamize_resources.png\" alt=\"\" /> <span> Optimizing <br />Resources</span></li>\r\n<li><img src=\"images/company/business_process.png\" alt=\"\" /> <span> Strengthening Business Processes </span></li>\r\n</ul>\r\n</div>\r\n</div>\r\n<div id=\"bulid_next\" class=\"manager_div\">\r\n<div class=\"container\">\r\n<div class=\"manger_heading\">\r\n<h2>Key Areas Covered</h2>\r\n</div>\r\n<div class=\"manger_categories\">\r\n<ul>\r\n<li><img src=\"images/company/role_icon.png\" alt=\"\" /> <span>Roles, Ownership, Accountability, Resilience </span></li>\r\n<li><img src=\"images/company/imotional_icon.png\" alt=\"\" /> <span>Emotional Intelligence </span></li>\r\n<li><img src=\"images/company/role_icon.png\" alt=\"\" /> <span> Roles, Responsibility, Objectives </span></li>\r\n<li><img src=\"images/company/effective_Team.png\" alt=\"\" /> <span> Effective Team Member </span></li>\r\n<li><img src=\"images/company/effective_feedback.png\" alt=\"\" /> <span> Delivering and Receiving Effective Feedback </span></li>\r\n</ul>\r\n</div>\r\n</div>\r\n</div>\r\n<div class=\"arrow-icon\"><a class=\"scroll_to\" href=\"#followed_by\"><img src=\"images/company/company_plus.png\" alt=\"\" /></a></div>\r\n<div class=\"support_managment\">\r\n<div class=\"container\">\r\n<div class=\"row\">\r\n<div class=\"support_aligment\">\r\n<div class=\"support_block\">\r\n<h2>Managerial Potential On-line Assessment</h2>\r\n<ul>\r\n<li>Organisational Acumen</li>\r\n<li>Collaboration</li>\r\n<li>Leadership Skills</li>\r\n<li>Interpersonal Skills</li>\r\n<li>Managing Self</li>\r\n</ul>\r\n</div>\r\n</div>\r\n<div class=\"support_aligment pull-right\">\r\n<div class=\"support_block\">\r\n<h2>Support to Top Management</h2>\r\n<ul>\r\n<li>Summary Action Report</li>\r\n<li>De-brief with the</li>\r\n<li>Top Management</li>\r\n<li>Follow &ndash; up Exercises to</li>\r\n<li>reinforce development</li>\r\n</ul>\r\n</div>\r\n</div>\r\n</div>\r\n</div>\r\n</div>\r\n<div class=\"container\">\r\n<div class=\"manger_heading\">\r\n<h2>How Do We Deliver</h2>\r\n</div>\r\n<div class=\"manger_categories\">\r\n<ul>\r\n<li><img src=\"images/company/at_your_office.png\" alt=\"\" /> <span>At Your Office </span></li>\r\n<li><img src=\"images/company/1.png\" alt=\"\" /> <span>Days</span></li>\r\n<li><img src=\"images/company/14.png\" alt=\"\" /> <span>Discussion Hours</span></li>\r\n<li><img src=\"images/company/ulimited_mail.png\" alt=\"\" /> <span>Unlimited email support </span></li>\r\n<li><img src=\"images/company/additional_Reading.png\" alt=\"\" /> <span>Additional Reading Materials </span></li>\r\n</ul>\r\n</div>\r\n</div>\r\n<div class=\"container\">\r\n<div class=\"manger_heading\">\r\n<h2>Looking for Customized Employee Career Development Solutions</h2>\r\n<h4>Connect with Our Leadership Team</h4>\r\n</div>\r\n<div id=\"profile_section\" class=\"leader_shipt_div\">\r\n<div class=\"row\">\r\n<div class=\"col-md-6\">\r\n<div class=\"team_container\">\r\n<div class=\"team_photo\"><img src=\"images/alok.jpg\" alt=\"\" /></div>\r\n<div class=\"team_description\">\r\n<h3><a title=\"Alok Srivastava\" href=\"https://www.linkedin.com/in/aloksrivastava-mbatrek/\" target=\"_blank\">Alok Srivastava</a></h3>\r\n<span> Co-Founder&nbsp;</span>&nbsp;<span>PGDBM (1975-77), XLRI</span> <span>Global Management Program, University of Michigan&nbsp;</span></div>\r\n<div class=\"contact_Details_team\"><label>Mobile: +91-9810007333</label> <label>alok.srivastava@mbatrek.com</label></div>\r\n<div class=\"company_work\">\r\n<h3>Companies worked for:</h3>\r\n<ul>\r\n<li><img src=\"images/honey.png\" alt=\"\" /></li>\r\n<li><img src=\"images/ranbaxy.png\" alt=\"\" /></li>\r\n<li><img src=\"images/apac.jpg\" alt=\"\" /></li>\r\n</ul>\r\n</div>\r\n</div>\r\n</div>\r\n<div class=\"col-md-6\">\r\n<div class=\"team_container\">\r\n<div class=\"team_photo\"><img src=\"images/abhishek.png\" alt=\"\" /></div>\r\n<div class=\"team_description\">\r\n<h3><a href=\"https://www.linkedin.com/in/abhishek-mbatrek/\" target=\"_blank\">Abhishek Srivastava</a></h3>\r\n<span> Co-Founder and CEO&nbsp;</span>&nbsp;<span>MBA (ISB), MS (Georgia Institute of Technology),</span> <span>BE (Delhi College of Engineering)&nbsp;</span></div>\r\n<div class=\"contact_Details_team\"><label>Mobile: +91-8800466800</label> <label>abhishek.srivastava@mbatrek.com</label></div>\r\n<div class=\"company_work\">\r\n<h3>Companies worked for:</h3>\r\n<ul>\r\n<li><img src=\"images/apple.jpg\" alt=\"\" /></li>\r\n<li><img src=\"images/accenture.png\" alt=\"\" /></li>\r\n<li><img src=\"images/schendir.png\" alt=\"\" /></li>\r\n<li><img src=\"images/trinity.png\" alt=\"\" /></li>\r\n</ul>\r\n</div>\r\n</div>\r\n</div>\r\n</div>\r\n</div>\r\n</div>\r\n</div>\r\n</div>'),(33,'profile','<div class=\"profile_container\">\r\n<h3>My Profile</h3>\r\n<div class=\"container\">\r\n<div class=\"profile_user\">\r\n<div class=\"col-md-12\">\r\n<div class=\"col-md-4\"><label class=\"profile_user\">Name:</label></div>\r\n<div class=\"col-md-8\"><input type=\"text\" /></div>\r\n</div>\r\n<div class=\"col-md-12\">\r\n<div class=\"col-md-4\"><label class=\"profile_user\">E-mail:</label></div>\r\n<div class=\"col-md-8\"><input type=\"text\" /></div>\r\n</div>\r\n<div class=\"col-md-12\">\r\n<div class=\"col-md-4\"><label class=\"profile_user\">Mobile Number:</label></div>\r\n<div class=\"col-md-8\"><input type=\"text\" /></div>\r\n</div>\r\n<div class=\"col-md-12\">\r\n<div class=\"col-md-4\"><label class=\"profile_user\">Password:</label></div>\r\n<div class=\"col-md-8\"><input type=\"text\" /></div>\r\n</div>\r\n<div class=\"col-md-12\"><a class=\"profile_btn\" href=\"javascript:void(0);\">Save</a> <a class=\"profile_btn\" href=\"javascript:void(0);\">Cancel</a></div>\r\n</div>\r\n</div>\r\n</div>'),(34,'past-order','<span>edit me</span>');
/*!40000 ALTER TABLE `content_json` ENABLE KEYS */;
UNLOCK TABLES;

--
-- Table structure for table `coupon_code`
--

DROP TABLE IF EXISTS `coupon_code`;
/*!40101 SET @saved_cs_client     = @@character_set_client */;
/*!40101 SET character_set_client = utf8 */;
CREATE TABLE `coupon_code` (
  `id` int(11) NOT NULL AUTO_INCREMENT,
  `discount_type` int(11) NOT NULL,
  `domain` varchar(255) NOT NULL,
  `discount` int(11) NOT NULL,
  `min_value` int(11) NOT NULL,
  `is_active` int(11) NOT NULL,
  PRIMARY KEY (`id`)
) ENGINE=InnoDB AUTO_INCREMENT=6 DEFAULT CHARSET=latin1;
/*!40101 SET character_set_client = @saved_cs_client */;

--
-- Dumping data for table `coupon_code`
--

LOCK TABLES `coupon_code` WRITE;
/*!40000 ALTER TABLE `coupon_code` DISABLE KEYS */;
INSERT INTO `coupon_code` VALUES (2,2,'fisglobal.com',1000,0,1),(3,1,'mhrod.in',15,1000,1),(4,1,'gmail.com',35,500,1),(5,2,'mbatrek.com',100,500,1);
/*!40000 ALTER TABLE `coupon_code` ENABLE KEYS */;
UNLOCK TABLES;

--
-- Table structure for table `coupon_usage`
--

DROP TABLE IF EXISTS `coupon_usage`;
/*!40101 SET @saved_cs_client     = @@character_set_client */;
/*!40101 SET character_set_client = utf8 */;
CREATE TABLE `coupon_usage` (
  `id` int(11) NOT NULL AUTO_INCREMENT,
  `coupon_id` int(11) NOT NULL,
  `email_used` varchar(255) NOT NULL,
  `users_new_id` int(11) NOT NULL,
  `date_created` datetime NOT NULL,
  `cart_id` int(11) NOT NULL,
  PRIMARY KEY (`id`),
  KEY `users_new_id` (`users_new_id`),
  KEY `coupon_id` (`coupon_id`),
  KEY `cart_id` (`cart_id`),
  CONSTRAINT `coupon_usage_ibfk_1` FOREIGN KEY (`coupon_id`) REFERENCES `coupon_code` (`id`) ON DELETE CASCADE ON UPDATE CASCADE,
  CONSTRAINT `coupon_usage_ibfk_2` FOREIGN KEY (`users_new_id`) REFERENCES `users_new` (`id`) ON DELETE CASCADE ON UPDATE CASCADE,
  CONSTRAINT `coupon_usage_ibfk_3` FOREIGN KEY (`cart_id`) REFERENCES `cart` (`id`) ON DELETE CASCADE ON UPDATE CASCADE
) ENGINE=InnoDB AUTO_INCREMENT=10 DEFAULT CHARSET=latin1;
/*!40101 SET character_set_client = @saved_cs_client */;

--
-- Dumping data for table `coupon_usage`
--

LOCK TABLES `coupon_usage` WRITE;
/*!40000 ALTER TABLE `coupon_usage` DISABLE KEYS */;
INSERT INTO `coupon_usage` VALUES (6,5,'ca2@mbatrek.com',54,'2019-01-25 06:07:11',237);
/*!40000 ALTER TABLE `coupon_usage` ENABLE KEYS */;
UNLOCK TABLES;

--
-- Table structure for table `courses`
--

DROP TABLE IF EXISTS `courses`;
/*!40101 SET @saved_cs_client     = @@character_set_client */;
/*!40101 SET character_set_client = utf8 */;
CREATE TABLE `courses` (
  `id` int(11) NOT NULL AUTO_INCREMENT,
  `title` varchar(255) NOT NULL,
  `sortOrder` int(11) NOT NULL DEFAULT '0',
  PRIMARY KEY (`id`)
) ENGINE=InnoDB AUTO_INCREMENT=3 DEFAULT CHARSET=latin1;
/*!40101 SET character_set_client = @saved_cs_client */;

--
-- Dumping data for table `courses`
--

LOCK TABLES `courses` WRITE;
/*!40000 ALTER TABLE `courses` DISABLE KEYS */;
INSERT INTO `courses` VALUES (1,'BTech(CSE)',0),(2,'Others',0);
/*!40000 ALTER TABLE `courses` ENABLE KEYS */;
UNLOCK TABLES;

--
-- Table structure for table `customer_order`
--

DROP TABLE IF EXISTS `customer_order`;
/*!40101 SET @saved_cs_client     = @@character_set_client */;
/*!40101 SET character_set_client = utf8 */;
CREATE TABLE `customer_order` (
  `id` int(11) NOT NULL AUTO_INCREMENT,
  `ordfer_hash` varchar(255) NOT NULL,
  `user_id` int(11) NOT NULL,
  `order_amount` double(10,2) NOT NULL,
  `payment_gateway` int(11) NOT NULL,
  `status` int(11) NOT NULL,
  `date_created` datetime NOT NULL,
  PRIMARY KEY (`id`),
  UNIQUE KEY `ordfer_hash` (`ordfer_hash`),
  KEY `user_id` (`user_id`),
  CONSTRAINT `customer_order_ibfk_1` FOREIGN KEY (`user_id`) REFERENCES `users_new` (`id`) ON DELETE CASCADE ON UPDATE CASCADE
) ENGINE=InnoDB AUTO_INCREMENT=21 DEFAULT CHARSET=latin1;
/*!40101 SET character_set_client = @saved_cs_client */;

--
-- Dumping data for table `customer_order`
--

LOCK TABLES `customer_order` WRITE;
/*!40000 ALTER TABLE `customer_order` DISABLE KEYS */;
INSERT INTO `customer_order` VALUES (1,'f9c902f4b5647c56b7d3c8ff07cda011',54,550.00,2,2,'2019-01-14 10:29:56'),(2,'7c84dee23f7a20fb3098a1dca5512f86',54,650.00,2,2,'2019-01-14 11:21:19'),(3,'98af5a4ce8af3e4c62b9c067c29d0cd5',23,550.00,1,1,'2019-01-14 12:08:55'),(4,'e1cc54230043811147629279edcac60a',23,550.00,2,1,'2019-01-14 12:09:04'),(5,'2e8f25658298669ee2467a723eeda5f5',2,650.00,2,1,'2019-01-14 04:54:44'),(6,'579c6db7acca8acabb5499d86c51339b',2,650.00,1,1,'2019-01-14 04:54:51'),(7,'7f80185e90d4811af542575376d04bed',23,4000.00,1,1,'2019-01-14 05:49:45'),(8,'eb5f16ba0a8a0e239715a6544589b736',23,4000.00,2,2,'2019-01-14 05:49:49'),(9,'acbfcffcdf38e802a612130b5342b5f7',2,1650.00,2,1,'2019-01-14 05:51:18'),(10,'fedd7ef7294217b54d1c6c1eef635f99',2,2200.00,1,1,'2019-01-15 01:29:59'),(11,'c7ea019818bd07f2ec573e2949e03402',2,2200.00,2,2,'2019-01-15 01:30:04'),(12,'eb7c76591f88c0f6bc790ea529cdaf42',54,1200.00,1,1,'2019-01-15 10:48:23'),(13,'f37be6395d228e71de79d87a25bf8c1e',54,1200.00,2,1,'2019-01-15 10:48:29'),(15,'55ccebe70668d1afebc34c6e808f8bec',54,1550.00,2,1,'2019-01-23 10:25:43'),(18,'54025d25ab0d8f680ef14999410a80fc',54,2200.00,1,1,'2019-01-24 02:47:10'),(20,'1b6670c55c7b7ef59497fb459187f5d8',57,550.00,2,1,'2019-01-26 12:53:03');
/*!40000 ALTER TABLE `customer_order` ENABLE KEYS */;
UNLOCK TABLES;

--
-- Table structure for table `event_category`
--

DROP TABLE IF EXISTS `event_category`;
/*!40101 SET @saved_cs_client     = @@character_set_client */;
/*!40101 SET character_set_client = utf8 */;
CREATE TABLE `event_category` (
  `id` int(11) NOT NULL AUTO_INCREMENT,
  `name` varchar(255) NOT NULL,
  PRIMARY KEY (`id`)
) ENGINE=InnoDB AUTO_INCREMENT=10 DEFAULT CHARSET=latin1;
/*!40101 SET character_set_client = @saved_cs_client */;

--
-- Dumping data for table `event_category`
--

LOCK TABLES `event_category` WRITE;
/*!40000 ALTER TABLE `event_category` DISABLE KEYS */;
INSERT INTO `event_category` VALUES (8,'Campus Visited'),(9,'#YouBeTheExecutive');
/*!40000 ALTER TABLE `event_category` ENABLE KEYS */;
UNLOCK TABLES;

--
-- Table structure for table `event_gallery`
--

DROP TABLE IF EXISTS `event_gallery`;
/*!40101 SET @saved_cs_client     = @@character_set_client */;
/*!40101 SET character_set_client = utf8 */;
CREATE TABLE `event_gallery` (
  `id` int(11) NOT NULL AUTO_INCREMENT,
  `event_category_id` int(11) NOT NULL,
  `image_1` varchar(1555) NOT NULL,
  `image_2` varchar(255) NOT NULL,
  `image_3` varchar(255) NOT NULL,
  `name` varchar(255) NOT NULL,
  `description` text NOT NULL,
  `sortOrder` int(11) NOT NULL DEFAULT '0',
  PRIMARY KEY (`id`),
  KEY `event_category_id` (`event_category_id`)
) ENGINE=InnoDB AUTO_INCREMENT=26 DEFAULT CHARSET=latin1;
/*!40101 SET character_set_client = @saved_cs_client */;

--
-- Dumping data for table `event_gallery`
--

LOCK TABLES `event_gallery` WRITE;
/*!40000 ALTER TABLE `event_gallery` DISABLE KEYS */;
INSERT INTO `event_gallery` VALUES (7,1,'1597696454apeejay.jpeg','141155278apeejay2.jpeg','865216768apeejay3.jpeg','Apeejay School of Management','<div class=\"event_text\">\r\n<p>Engaging session at&nbsp;<strong><span style=\"color: #229897;\">Apeejay School Of Management </span></strong>where we presented our&nbsp;<strong><span style=\"color: #229897;\">#Campus2Corporate </span></strong>program to the&nbsp;<span><strong><span style=\"color: #229897;\">MBA batch 2017-19</span></strong>.&nbsp;</span>Interesting discussion with the students supplemented by questions on <span style=\"color: #229897;\"><strong>career choices, job applications, and career preparation</strong></span>.</p>\r\n</div>',5),(8,1,'1515579898DSE2.jpeg','994055989DSE.jpeg','264333736DSE3.jpeg','MBA(HRD) Delhi School of Economics','<div class=\"event_text\">\r\n<p>Loved discussing the concept of <strong><span style=\"color: #229897;\">\"Career Planning\"</span></strong> and the&nbsp;<span style=\"color: #229897;\"><strong>#Campus2Corporate</strong></span> transition for <strong><span style=\"color: #229897;\">MBA HR batch of 2017-2019&nbsp;</span></strong>at the&nbsp;<span><span style=\"color: #229897;\"><strong>Delhi School of Economics</strong></span>.</span></p>\r\n</div>',4),(9,1,'8324966DSE11.jpeg','1866171192DSE12.jpeg','1719925412DSE13.jpeg','MBA (HRD) Delhi School of Economics','<div class=\"event_text\">\r\n<p>A wonderful interaction with the <strong><span style=\"color: #229897;\">MBA HR batch of 2018-2020</span></strong>&nbsp;of the&nbsp;<strong><span style=\"color: #229897;\">Delhi School of Economics </span></strong>discussing <span style=\"color: #229897;\"><strong>\"How to Leverage the Two Year MBA\"</strong></span>. We had&nbsp;a vibrant discussion with many questions from both the freshers and experienced MBA candidates.</p>\r\n</div>',2),(10,1,'1799882351DSE21.jpeg','276798923DSE22.jpeg','520360559DSE23.jpeg','MBA (IB) Delhi School of Economics','<div class=\"event_text\">\r\n<p>Fantastic session with the <strong><span style=\"color: #229897;\">MBA&nbsp;IB batch of 2018-2020</span></strong> of the&nbsp;<strong><span style=\"color: #229897;\">Delhi School of Economics</span></strong> talking about <strong><span style=\"color: #229897;\">\"How to Leverage the 2 Year MBA program\".&nbsp;</span></strong>Very interesting set of questions and thoughts around expectations, ambitions, and goals during and post MBA - the sign of a mature student body and amazing set of future alumni.</p>\r\n</div>',3),(11,1,'770625201imi3.jpg','117546311imi2.jpg','1197877966imi.jpg','International Management Institute, New Delhi','<div class=\"event_text\">\r\n<p>We were at <strong><span style=\"color: #229897;\">International Management Institute, New Delhi</span> </strong>addressing the talented batch of over<strong><span style=\"color: #229897;\"> 360 MBA students</span></strong> from the <span style=\"color: #229897;\"><strong>incoming class of 2018-2020</strong></span>. We had an amazing set of well thought through and probing questions around \"How to Leverage the Two Year MBA program\"</p>\r\n</div>',1),(12,1,'1856979746mdi1.jpg','1337808300mdi.jpg','590030307mdi3.jpg','Management Development Institute (MDI), Gurgaon','<div class=\"event_text\">\r\n<p>Fantastic to have been part of the <span style=\"color: #229897;\"><strong>MDI Induction Week</strong></span>. We had an interesting and engaging session with the<strong><span style=\"color: #229897;\"> incoming batch of 2018-2020</span></strong>. We loved the point of views from current students and well thought through questions on MBA life, job and career choices.</p>\r\n</div>',0),(13,1,'118744474IIMJ3.jpeg','56276914IIMJammu.jpeg','1321345056IIMJ2.jpeg','IIM Jammu','<div class=\"event_text\">\r\n<p><span>We presented both our <strong><span style=\"color: #229897;\">#</span></strong></span><strong><span style=\"color: #229897;\">Campus2Corporate</span></strong> and <strong><span style=\"color: #229897;\">#InternGO </span></strong>series to <strong><span style=\"color: #229897;\">MBA batches of 2017-19 and 2018-20</span></strong> of the <span style=\"color: #229897;\"><strong>Indian Institute of Management Jammu</strong></span>. We are very impressed with how a young B-school is making rapid strides and focusing on building long-term capability especially in the students.</p>\r\n<p>We throughly enjoyed&nbsp;<strong><span style=\"color: #229897;\">interviewing students for summer internships</span> </strong>and great to see the buzz on campus for MBAtrek!</p>\r\n</div>',6),(14,1,'1903142119IMG_20181027_173207.jpg','558401468IMG_20181027_173633.jpg','683761347IMG_20181027_173739.jpg','IIM Amritsar','<div class=\"event_text\">\r\n<p>We had an engaging session with <span><strong><span style=\"color: #229897;\">Indian Institute of Management Amritsar </span><span style=\"color: #229897;\">2018-2020</span></strong></span><strong><span style=\"color: #229897;\"> batch </span></strong>on <span style=\"color: #229897;\"><strong>\"</strong></span><span><span style=\"color: #229897;\"><strong>How to Leverage the 2 Year MBA program\"</strong></span>.</span></p>\r\n<p>We had the opportunity to introduce them to our <strong><span style=\"color: #229897;\">unique </span></strong><span><strong><span style=\"color: #229897;\">#InternGO program</span></strong>.&nbsp;</span>Fantastic time also interviewing and shortlisting candidates for summer internships - great ideas, thoughts and it was nice to be challenged with an unconventional line of thinking!</p>\r\n</div>',7),(15,1,'615419409IMG_20181030_163855.jpg','858866128IMG_20181030_171811.jpg','754929160IMG_20181030_163923.jpg','Fore School of Management','<div class=\"event_text\">\r\n<p>We had engaging and high energy session with the <span style=\"color: #229897;\"><strong>FORE School of Management, New Delhi</strong> </span>students of the <span style=\"color: #229897;\"><strong>MBA batch 2018-20 </strong></span>who had multiple questions on career search, internships and MBA life.</p>\r\n<p>We also had <span style=\"color: #229897;\"><strong>3 winners </strong></span>from our <span style=\"color: #229897;\"><strong>pop quiz</strong> </span>at the end of the session.</p>\r\n</div>',9),(18,1,'1177454270IMG_20181102_151814(1).jpg','1007251818IMG_20181102_152031.jpg','1926495116IMG_20181102_155242.jpg','Lal Bahadur Shastri Institute of Management','<div class=\"event_text\">\r\n<p>We had a resounding reception from the <span><strong><span style=\"color: #229897;\">Lal Bahadur Shastri Institute of Management MBA batch of 2018-20</span></strong>.&nbsp;</span>We loved the energy, passion, commitment, and dream of the batch to transform to top class managers - a tribute to a value-centric and driven institution.</p>\r\n<p>We also had <span style=\"color: #229897;\"><strong>3 winners</strong> </span>from <span style=\"color: #229897;\"><strong>our pop quiz</strong></span> at the end of the session</p>\r\n</div>',8),(20,1,'75246802IMG_20190108_103326.jpg','802497504IMG_20190108_120902.jpg','725899966IMG_20190108_125329.jpg','Amity International Business School','<div class=\"event_text\">\r\n<p>High Energy session on <strong><span style=\"color: #229897;\">\"How to leverage the 2 Year MBA and 3 Year BBA programs\" </span></strong>&nbsp;with the <strong><span style=\"color: #229897;\">BBA 2017-20 and MBA 2018-2020 </span></strong>students at <span style=\"color: #229897;\"><strong>Amity International Business School</strong></span>. Fantastic to see so many insightful questions and discussions around career planning and development.</p>\r\n</div>',11),(21,1,'16656429641.jpg','14119689432.jpg','628652516WhatsAppImage2019-01-09at17.48.30.jpeg','University of Petroleum and Energy Studies','<div class=\"event_text\">\r\n<p>Engaging session on <strong><span style=\"color: #229897;\">\"How to leverage the 2 Year MBA program\"</span></strong>with the young and enthusiastic minds at<strong><span style=\"color: #229897;\"> UPES Dehradun. </span></strong>Fantastic to see that <span style=\"color: #229897;\"><strong>MBAtrek</strong></span>could add value by augmenting the unique industry and sectoral approach that UPES has built.</p>\r\n</div>',10),(22,1,'1407766503IMG_20190114_110744.jpg','2122488436IMG_20190114_112617.jpg','1288637056IMG_20190114_113155.jpg','Deendayal Upadhyaya College, Delhi University','<p><span style=\"color: #000000;\">A</span> <strong><span style=\"color: #229897;\">very animated session</span></strong> <span style=\"color: #000000;\">on \"How to leverage the 3 Year BBA program\" with the BBA 2017-20 students at</span> <strong><span style=\"color: #229897;\">Deendayal Upadhyaya College, Delhi University</span></strong><span style=\"color: #000000;\">. Fantastic to see</span> <span style=\"color: #229897;\"><strong>strong opinions and thoughts</strong></span> <span style=\"color: #000000;\">around one\'s career and career choices.</span></p>',12),(23,1,'1543909569IMG_20190116_190644.jpg','1852135543IMG_20190116_144219.jpg','935608722IMG_20190116_145726.jpg','IIM Kashipur','<p><span style=\"color: #000000;\"><span style=\"color: #229897;\"><strong>Brilliant discussions</strong></span> with the <span style=\"color: #229897;\"><strong>MBA 2018-20</strong> </span>on leveraging the 2 year program and experience and <span style=\"color: #229897;\"><strong>preparing for one\'s career</strong></span>. Very sharp and amazing questions on different choices to be made for <span style=\"color: #229897;\"><strong>industry, company and roles of choice</strong></span>.</span></p>',13),(24,1,'737900487IMG_20190123_151524.jpg','609616466IMG_20190123_150523.jpg','1694730439IMG_20190123_151524.jpg','Galgotias University','<p><span style=\"color: #000000;\">Very excited to host our winners from the</span> <span style=\"color: #229897;\"><strong>#InterviewREADY competition</strong></span> at <span style=\"color: #229897;\"><strong>Galgotias University</strong></span> <span style=\"color: #000000;\">and conduct our #InterviewREADY sessions for <span style=\"color: #229897;\"><strong>MBA 2018-20</strong></span> and <span style=\"color: #229897;\"><strong>BBA 2017-20</strong></span>.</span></p>\r\n<p><span style=\"color: #000000;\">1st Prize - <span style=\"text-decoration: underline;\"><a title=\"Shilpee Pandey\" href=\"https://www.linkedin.com/in/shilpee-pandey-a7a227103/\" target=\"_blank\"><strong><span style=\"color: #229897; text-decoration: underline;\">Shilpee Pandey</span></strong></a></span>, 2nd Prize - <span style=\"text-decoration: underline;\"><a title=\"Suraj Gupta\" href=\"https://www.linkedin.com/in/suraj-gupta-236649125/\" target=\"_blank\"><strong><span style=\"color: #229897; text-decoration: underline;\">Suraj Gupta</span></strong></a></span>, 3rd Prize - <span style=\"text-decoration: underline;\"><a title=\"Nidal Khan\" href=\"https://www.linkedin.com/in/nidal-khan-315943128/\" target=\"_blank\"><span style=\"color: #229897;\"><strong>Nidal Khan</strong></span></a></span></span></p>',14),(25,1,'1817686936file.jpeg','692874444IMG_20190124_113111.jpg','1644401302IMG_20190124_113119.jpg','Amity Business School','<p><span style=\"color: #000000;\">Enthralling session on</span> <strong><span style=\"color: #229897;\">leveraging the 2 Year MBA program</span> </strong><span style=\"color: #000000;\">with the participative and</span> <span style=\"color: #229897;\"><span style=\"color: #000000;\">animated&nbsp;</span></span><strong><span style=\"color: #229897;\">MBA batch 2018-20</span> </strong><span style=\"color: #000000;\">of <span style=\"color: #229897;\"><strong>Amity Business School</strong></span>. Great opportunity for us to look at</span> <span style=\"color: #229897;\"><strong>emerging talent </strong><span style=\"color: #000000;\">for MBAtrek</span></span><span style=\"color: #000000;\"> as well.</span></p>',15);
/*!40000 ALTER TABLE `event_gallery` ENABLE KEYS */;
UNLOCK TABLES;

--
-- Table structure for table `faq`
--

DROP TABLE IF EXISTS `faq`;
/*!40101 SET @saved_cs_client     = @@character_set_client */;
/*!40101 SET character_set_client = utf8 */;
CREATE TABLE `faq` (
  `id` int(11) NOT NULL AUTO_INCREMENT,
  `type` int(11) DEFAULT '1',
  `question` text NOT NULL,
  `answer` text NOT NULL,
  `sortOrder` int(11) NOT NULL DEFAULT '0',
  PRIMARY KEY (`id`)
) ENGINE=InnoDB AUTO_INCREMENT=46 DEFAULT CHARSET=latin1;
/*!40101 SET character_set_client = @saved_cs_client */;

--
-- Dumping data for table `faq`
--

LOCK TABLES `faq` WRITE;
/*!40000 ALTER TABLE `faq` DISABLE KEYS */;
INSERT INTO `faq` VALUES (1,1,'Who is a Career Adviser?','The career adviser will act as a first line to help students and young professionals make the optimum career choices. The Career Adviser will work closely and guide the students and young professionals through our unique process and services purchased on the website.',10),(2,1,'Does MBAtrek provide Placement Interviews and/or Job Guarantees?','<p>MBAtrek is not setup as a placement agency and does not guarantee job interviews and/or final offers for its customers.</p>\r\n<p>MBAtrek is focused on building long-term capability and corporate skills for students and young professionals.</p>\r\n<p>From time to time, the company will have the mandate from corporate entities to pre-screen and shortlist candidates for specific job roles.</p>',0),(3,1,'How does MBAtrek help students and young professionals?','Our mission is to reach out to over 1,00,000+ MBA graduates and 3,00,000+ undergraduates every year and help them transform into globally employable and relevant executives. The fundamentals of all our transformative programs are to build Character, Hope, Attitude, Skill and Enthusiasm (CHASE) in students and young professionals. \r\n\r\nMBAtrek provides the following career and skill development services:\r\n\r\n1. Corporate Skill Development: Through face to face discussion based classroom sessions, the MBAtrek team brings an unique and practical approach to learning and developing key corporate skills.\r\n\r\n2. Career Selection and Preparation: Through our standardized packages (#InternGO and #Campus2Corporate) and offerings we enable students and young professionals to select and prepare to apply for the most appropriate job roles basis their behavioral tendencies and cognitive abilities.\r\n\r\n3. Career Planning and Development: Through our 1-year #CareerPlanning program we work jointly with young professionals and recent graduates to help them navigate and succeed in their corporate life.',9),(4,1,'How will the MBAtrek team and the Students / Young Professionals interact?','MBAtrek team will communicate through multiple channels as convenient for student/young professional signed up for our programs. We communicate through a variety of tools including but not limited to face to face interactions both in a group discussions and personal setup, telephonic conversations, video interactions (Skype, Google Duo, etc.), email and social media (WhatsApp, Facebook, etc.).',11),(5,1,'How does the student / Young Professional continue to benefit from the MBAtrek experience even after the program completion?','The MBAtrek programs will create a lifelong impact for both students and young professionals by making them Industry Ready and Relevant. Our customers can continue to benefit from career advice and guidance routinely posted on our social media.',12),(6,1,'Does MBAtrek provide any certification for the programs conducted for students / young professionals?','No, we believe that certification cannot prove your skills. It is a common myth that short and online certifications help professionals accelerate their career paths. However MBAtrek has researched and spent long hours with various industry professionals who believe that long term corporate skill development is more crucial than short term and ad hoc certification programs. It is the knowledge which the individual carries and demonstrates in their everyday work environment which is the true certification of skills obtained.',13),(9,1,'How is the performance of students / young professionals measured and evaluated in MBAtrek programs?','We focus on testing the competency of key skills that our programs are attempting to impart to our customers. We measure the improvement in competency levels through multiple self assessments and exercises. In some cases for specific diagnostic services like Resume Diagnostic, LinkedIn Diagnostic, Mock Interview, we will provide you an evaluation score to help you identify areas of improvement.',14),(27,2,'Does MBAtrek provide Placement Interviews and/or Job Guarantees?','MBAtrek is not setup as a placement agency and does not guarantee job interviews and/or final offers for its customers. MBAtrek is focused on building long-term capability and corporate skills for students and young professionals. From time to time, the company will have the mandate from corporate entities to pre-screen and shortlist candidates for specific job roles.\r\n',15),(29,1,'Who is an Industry Expert?','An Industry Expert is typically a high performing mid career corporate executive. MBAtrek continuously on-boards these experts to help provide structured and actionable career guidance to both students and young professionals.These experts have been carefully selected by our team keeping in mind their unique educational, professional, and functional backgrounds.',16),(30,5,'How is MBAtrek different from the typical management training service providers?','<p>MBAtrek only believes in career development and coaching. We are not a training institute and do not provide any kind of certification to our program participants. We focus on long-term corporate skill building and enhancing the ability for professionals to build long-term careers.</p>',17),(31,5,'Can MBAtrek help us with pre-screening and on-boarding high quality and high potential talent from various business schools and undergraduate colleges?','<p>MBAtrek has a dedicated program called #HIREright which follows a detailed 4-step process (Orientation to corporate world, Candidate profiling, Pre-screening, and On-boarding) to ensure the right talent is pre-screened by MBAtrek, selected by you and subsequently on-boarded by us. We provide a list of close to ideal high potential candidates with strong cognitive abilities, right behavioral profile and a direct fitment to your company\'s expectations. We are connected to over 50+ colleges and universities across different tier levels all across India. In case you need to connect please visit our company page: https://www.mbatrek.com/company</p>',1),(32,5,'What programs does MBAtrek offer for the middle management employees?','<p>MBAtrek has created a unique 2-day #CAREERtrek program with 3 months of extended support built-in for a batch of 35 participants. The 2-day program focuses on transforming your current set of middle managers to empowered people and business leaders. The program focuses on bringing out real life and everyday management issues that your employees face and how to overcome them. Details of the #CAREERtrek program are available at: https://www.mbatrek.com/company</p>',3),(33,5,'What is so different about an MBAtrek Career Development Coach?','<p>Our Career Development Coaches are typically high performing mid career corporate executives who has a burning desire to skill-up and mentor the career of young professionals. MBAtrek continuously on-boards these coaches to help provide structured and actionable career guidance to corporate professionals.These coaches have been carefully selected by our team keeping in mind their unique educational, professional, and functional backgrounds.</p>',2),(34,5,'What are the typical costs of the MBAtrek #CAREERtrek and #HIREright programs?','<p>Both these programs are available in scalable formats based on the requirements and scale of career development needs of any organisation. For generic queries, please post a query at our contact us page: https://www.mbatrek.com/contact-us For specific career development needs, mail us at: alok.srivastava@mbatrek.com and abhishek.srivastava@mbatrek.com</p>',4),(35,2,'What are the typical costs of the MBAtrek\'s institutional programs?','Our programs are available in scalable formats based on the requirements and scale of career development needs of any university / college. We have separate programs for pre-final year students and final year students.\r\n\r\nFor generic queries, please post a query at our contact us page: https://www.mbatrek.com/contact-us \r\n\r\nFor specific career development needs, mail us at: alok.srivastava@mbatrek.com and abhishek.srivastava@mbatrek.com',5),(36,2,'What is the focus of MBAtrek programs for universities and colleges?','Our mission is to reach out to over 1,00,000+ MBA graduates and 3,00,000+ undergraduates every year and help them transform into globally employable and relevant executives. \r\n\r\nThe fundamentals of all our transformative programs are to build Character, Hope, Attitude, Skill and Enthusiasm (CHASE) in students and young professionals. MBAtrek provides the following career and skill development services: \r\n\r\n1. Corporate Skill Development: Through face to face discussion based classroom sessions, the MBAtrek team brings an unique and practical approach to learning and developing key corporate skills. \r\n\r\n2. Career Selection and Preparation: Through our standardized packages (#InternGO and #Campus2Corporate) and offerings we enable students and young professionals to select and prepare to apply for the most appropriate job roles basis their behavioral tendencies and cognitive abilities. \r\n\r\n3. Career Planning and Development: Through our 1-year #CareerPlanning program we work jointly with young professionals and recent graduates to help them navigate and succeed in their corporate life.',6),(37,2,'Does MBAtrek provide any certification for the programs conducted for students?','No, we believe that certification cannot prove your skills. It is a common myth that short and online certifications help professionals accelerate their career paths. However MBAtrek has researched and spent long hours with various industry professionals who believe that long term corporate skill development is more crucial than short term and ad hoc certification programs. It is the knowledge which the individual carries and demonstrates in their everyday work environment which is the true certification of skills obtained.',7),(38,1,'How is the performance of students measured and evaluated in MBAtrek programs?','We focus on testing the competency of key skills that our programs are attempting to impart to our customers. We measure the improvement in competency levels through multiple self assessments and exercises. In some cases for specific diagnostic services like Resume Diagnostic, LinkedIn Diagnostic, Mock Interview, we will provide you an evaluation score to help you identify areas of improvement.',8),(42,3,'Will I get a GST invoice for any services purchased from MBAtrek Private Limited?','<p>Yes, a GST invoice will be issued to you post the successful completion of the transaction through our payment gateways and our website. In case, you would like to include your GSTIN please do so in the allocated field in the checkout page.</p>\r\n<p>For our institutional programs both at universities and corporates, we will be issuing a GST invoice basis the GSTIN provided by you as per mutually agreed payment terms.</p>',0),(43,3,'Why has my online payment failed?','<p>Payments could fail due to the following reasons:</p>\r\n<p>1. You accidentally entered incorrect credit/debit card details like name on the card, card number, CVV, 3D secure PIN and expiry date. In case of an American Express card, your transaction could fail if your billing address pincode is incorrect.</p>\r\n<p>2. The card details you provided are no longer valid or need to be updated.</p>\r\n<p>3. Your bank is going through an outage.</p>\r\n<p>4. You accidentally closed/refreshed the page or pressed backspace while the transaction was being processed by your bank.</p>\r\n<p>5. The connection between the 3rd party payment gateway and your Bank failed due to some technical issues and the transaction couldn\'t be completed.</p>\r\n<p>6. Your card may be blocked for online transactions.</p>',0),(44,3,'What should I do in case the payment has been debited from my credit card / debit card / bank account but the transaction has failed with the 3rd party payment gateway?','<p>In such cases, do not attempt paying a second time unless you\'re sure that your payment failed. If you accidentally pay twice, we\'ll refund your extra payment within a few days. Please write to us at contact@mbatrek.com with details of these transactions.&nbsp;</p>',0),(45,3,'What are the modes of refund available after cancellation?','<p>The refund will go back to original source and mode of payment done through the 3rd party payment gateway. The entire amount will be refunded within a few days.</p>',0);
/*!40000 ALTER TABLE `faq` ENABLE KEYS */;
UNLOCK TABLES;

--
-- Table structure for table `faq_analysis`
--

DROP TABLE IF EXISTS `faq_analysis`;
/*!40101 SET @saved_cs_client     = @@character_set_client */;
/*!40101 SET character_set_client = utf8 */;
CREATE TABLE `faq_analysis` (
  `id` int(11) NOT NULL AUTO_INCREMENT,
  `helpful` int(11) NOT NULL,
  `not_helpful` int(11) NOT NULL,
  PRIMARY KEY (`id`)
) ENGINE=InnoDB AUTO_INCREMENT=2 DEFAULT CHARSET=latin1;
/*!40101 SET character_set_client = @saved_cs_client */;

--
-- Dumping data for table `faq_analysis`
--

LOCK TABLES `faq_analysis` WRITE;
/*!40000 ALTER TABLE `faq_analysis` DISABLE KEYS */;
INSERT INTO `faq_analysis` VALUES (1,247,235);
/*!40000 ALTER TABLE `faq_analysis` ENABLE KEYS */;
UNLOCK TABLES;

--
-- Table structure for table `faq_type`
--

DROP TABLE IF EXISTS `faq_type`;
/*!40101 SET @saved_cs_client     = @@character_set_client */;
/*!40101 SET character_set_client = utf8 */;
CREATE TABLE `faq_type` (
  `id` int(11) NOT NULL AUTO_INCREMENT,
  `name` varchar(255) NOT NULL,
  PRIMARY KEY (`id`)
) ENGINE=InnoDB AUTO_INCREMENT=6 DEFAULT CHARSET=latin1;
/*!40101 SET character_set_client = @saved_cs_client */;

--
-- Dumping data for table `faq_type`
--

LOCK TABLES `faq_type` WRITE;
/*!40000 ALTER TABLE `faq_type` DISABLE KEYS */;
INSERT INTO `faq_type` VALUES (1,'Students & Young Professionals'),(2,'Institutes'),(3,'Payments and Refunds'),(5,'Companies');
/*!40000 ALTER TABLE `faq_type` ENABLE KEYS */;
UNLOCK TABLES;

--
-- Table structure for table `industry_ready_competition`
--

DROP TABLE IF EXISTS `industry_ready_competition`;
/*!40101 SET @saved_cs_client     = @@character_set_client */;
/*!40101 SET character_set_client = utf8 */;
CREATE TABLE `industry_ready_competition` (
  `id` int(11) NOT NULL AUTO_INCREMENT,
  `first_name` varchar(255) NOT NULL,
  `last_name` varchar(255) NOT NULL,
  `mobile_number` varchar(255) NOT NULL,
  `email_id` varchar(255) NOT NULL,
  `team_name` varchar(255) NOT NULL,
  `first_name_1` varchar(255) NOT NULL,
  `last_name_1` varchar(255) NOT NULL,
  `mobile_number_1` varchar(255) NOT NULL,
  `email_Id_1` varchar(255) NOT NULL,
  `first_name_2` varchar(255) NOT NULL,
  `last_name_2` varchar(255) NOT NULL,
  `mobile_number_2` varchar(255) NOT NULL,
  `email_Id_2` varchar(255) NOT NULL,
  `mba_batch` int(11) NOT NULL,
  `college` int(11) NOT NULL,
  `name_of_college` varchar(255) DEFAULT NULL,
  `question_1` text,
  `question_2` text,
  `question_3` text,
  `registeration_date` datetime NOT NULL,
  PRIMARY KEY (`id`),
  KEY `mba_batch` (`mba_batch`),
  KEY `college` (`college`)
) ENGINE=InnoDB AUTO_INCREMENT=11 DEFAULT CHARSET=latin1;
/*!40101 SET character_set_client = @saved_cs_client */;

--
-- Dumping data for table `industry_ready_competition`
--

LOCK TABLES `industry_ready_competition` WRITE;
/*!40000 ALTER TABLE `industry_ready_competition` DISABLE KEYS */;
INSERT INTO `industry_ready_competition` VALUES (1,'priyank','saini','09540186565','priyanksaini2010@gmail.com','','','','','','','','','',1,1,'priyank saini','asdasd','asdasd','','2018-11-04 02:02:37'),(2,'priyank','saini','09540186565','priyanksaini2010@gmail.com','','','','','','','','','',2,3,'','sdf','sdf','sdf','2018-11-05 07:55:29'),(3,'priyank','saini','9540186565','priyanksaini2010@gmail.com','','','','','','','','','',2,2,'','','','','2018-11-16 12:20:32'),(4,'ayushi','gupta','7042085845','ayushi@gmail.com','','','','','','','','','',1,1,'','','','','2018-11-21 05:19:39'),(5,'aa','a','7042085845','ayushi@gmail.com','','','','','','','','','',2,1,'','','','','2018-11-27 12:22:13'),(6,'ayushi','gupta','7042085845','ayushi@gmail.com','','','','','','','','','',1,1,'','','','','2018-11-29 10:27:10'),(7,'s','gupta','7042085845','ayushi@gmail.com','','','','','','','','','',2,1,'','','','','2018-12-07 10:07:59'),(8,'ayushi','gupta','7042085845','ayushi@gmail.com','','','','','','','','','',2,1,'','','','','2018-12-07 10:31:09'),(9,'ayushi','gupta','7042085845','ayushi@gmail.com','','','','','','','','','',2,1,'','','','','2018-12-07 10:31:44'),(10,'ayushi','s','7042085845','ayushi@gmail.com','','','','','','','','','',2,1,'','','','','2018-12-07 12:25:34');
/*!40000 ALTER TABLE `industry_ready_competition` ENABLE KEYS */;
UNLOCK TABLES;

--
-- Table structure for table `interview_ready_competition`
--

DROP TABLE IF EXISTS `interview_ready_competition`;
/*!40101 SET @saved_cs_client     = @@character_set_client */;
/*!40101 SET character_set_client = utf8 */;
CREATE TABLE `interview_ready_competition` (
  `id` int(11) NOT NULL AUTO_INCREMENT,
  `first_name` varchar(255) NOT NULL,
  `last_name` varchar(255) NOT NULL,
  `mobile_number` varchar(255) NOT NULL,
  `email_id` varchar(255) NOT NULL,
  `mba_batch` int(11) NOT NULL,
  `college` int(11) NOT NULL,
  `name_of_college` varchar(255) DEFAULT NULL,
  `question_1` text,
  `question_2` text,
  `question_3` text,
  `registeration_date` datetime NOT NULL,
  PRIMARY KEY (`id`),
  KEY `mba_batch` (`mba_batch`),
  KEY `college` (`college`),
  CONSTRAINT `interview_ready_competition_ibfk_1` FOREIGN KEY (`mba_batch`) REFERENCES `year_of_graduation` (`id`) ON DELETE CASCADE ON UPDATE CASCADE,
  CONSTRAINT `interview_ready_competition_ibfk_2` FOREIGN KEY (`college`) REFERENCES `colleges` (`id`) ON DELETE CASCADE ON UPDATE CASCADE
) ENGINE=InnoDB AUTO_INCREMENT=8 DEFAULT CHARSET=latin1;
/*!40101 SET character_set_client = @saved_cs_client */;

--
-- Dumping data for table `interview_ready_competition`
--

LOCK TABLES `interview_ready_competition` WRITE;
/*!40000 ALTER TABLE `interview_ready_competition` DISABLE KEYS */;
INSERT INTO `interview_ready_competition` VALUES (1,'a','a','2','a@gmail.com',2,1,'a','a','a','a','2018-11-05 08:34:04'),(2,'a','a','2','a@gmail.com',2,1,'a','a','a','a','2018-11-05 08:35:02'),(4,'Priyank','saini','09540106565','priyanksaini2010@gmail.com',1,1,'','asd','asd','','2018-11-05 08:03:45'),(5,'a','a','7042085845','a@gmail.com',1,1,'','','','','2018-11-21 04:43:51'),(6,'a','a','7042085845','a@gmail.com',1,3,'','','','','2018-11-29 10:32:16'),(7,'ayushi','GUPTA','7042085845','a@gmail.com',2,1,'','','','','2018-12-07 10:06:38');
/*!40000 ALTER TABLE `interview_ready_competition` ENABLE KEYS */;
UNLOCK TABLES;

--
-- Table structure for table `payu_response`
--

DROP TABLE IF EXISTS `payu_response`;
/*!40101 SET @saved_cs_client     = @@character_set_client */;
/*!40101 SET character_set_client = utf8 */;
CREATE TABLE `payu_response` (
  `id` int(11) NOT NULL AUTO_INCREMENT,
  `order_id` int(11) NOT NULL,
  `payu_response` text NOT NULL,
  `date_created` datetime NOT NULL,
  PRIMARY KEY (`id`),
  KEY `order_id` (`order_id`),
  CONSTRAINT `payu_response_ibfk_1` FOREIGN KEY (`order_id`) REFERENCES `customer_order` (`id`) ON DELETE CASCADE ON UPDATE CASCADE
) ENGINE=InnoDB AUTO_INCREMENT=6 DEFAULT CHARSET=latin1;
/*!40101 SET character_set_client = @saved_cs_client */;

--
-- Dumping data for table `payu_response`
--

LOCK TABLES `payu_response` WRITE;
/*!40000 ALTER TABLE `payu_response` DISABLE KEYS */;
INSERT INTO `payu_response` VALUES (1,1,'{\"q\":\"cart\\/payusurl\",\"mihpayid\":\"403993715518853300\",\"mode\":\"CC\",\"status\":\"success\",\"unmappedstatus\":\"captured\",\"key\":\"gtKFFx\",\"txnid\":\"f9c902f4b5647c56b7d3c8ff07cda011\",\"amount\":\"550.00\",\"cardCategory\":\"domestic\",\"discount\":\"0.00\",\"net_amount_debit\":\"550\",\"addedon\":\"2019-01-14 10:29:56\",\"productinfo\":\"MBATrek Subscription\",\"firstname\":\"Ayushi\",\"lastname\":\"\",\"address1\":\"\",\"address2\":\"\",\"city\":\"\",\"state\":\"\",\"country\":\"\",\"zipcode\":\"\",\"email\":\"ca2@mbatrek.com\",\"phone\":\"\",\"udf1\":\"\",\"udf2\":\"\",\"udf3\":\"\",\"udf4\":\"\",\"udf5\":\"BOLT_KIT_PHP7\",\"udf6\":\"\",\"udf7\":\"\",\"udf8\":\"\",\"udf9\":\"\",\"udf10\":\"\",\"hash\":\"59088728c8824a22e57f5f1a25ac4e7a6450adfbc90609da58627e78545a54b3822fdc8997308679156e5c51156f54b1eb1685cae2cff88df7d23f9d6faa5e47\",\"field1\":\"236148\",\"field2\":\"889674\",\"field3\":\"20190114\",\"field4\":\"MC\",\"field5\":\"199845455159\",\"field6\":\"00\",\"field7\":\"0\",\"field8\":\"3DS\",\"field9\":\" Verification of Secure Hash Failed: E700 -- Approved -- Transaction Successful -- Unable to be determined--E000\",\"payment_source\":\"payu\",\"PG_TYPE\":\"AXISPG\",\"bank_ref_num\":\"236148\",\"bankcode\":\"CC\",\"error\":\"E000\",\"error_Message\":\"No Error\",\"name_on_card\":\"Priyank Saini\",\"cardnum\":\"512345XXXXXX2346\",\"cardhash\":\"This field is no longer supported in postback params.\",\"issuing_bank\":\"HDFC\",\"card_type\":\"MAST\",\"PHPSESSID\":\"fvipmn83eh8ukhgah7jfkbl444\"}','2019-01-14 10:31:05'),(2,2,'{\"q\":\"cart\\/payusurl\",\"mihpayid\":\"403993715518853526\",\"mode\":\"CC\",\"status\":\"success\",\"unmappedstatus\":\"captured\",\"key\":\"gtKFFx\",\"txnid\":\"7c84dee23f7a20fb3098a1dca5512f86\",\"amount\":\"650.00\",\"cardCategory\":\"domestic\",\"discount\":\"0.00\",\"net_amount_debit\":\"650\",\"addedon\":\"2019-01-14 11:21:21\",\"productinfo\":\"MBATrek Subscription\",\"firstname\":\"Ayushi\",\"lastname\":\"\",\"address1\":\"\",\"address2\":\"\",\"city\":\"\",\"state\":\"\",\"country\":\"\",\"zipcode\":\"\",\"email\":\"ca2@mbatrek.com\",\"phone\":\"\",\"udf1\":\"\",\"udf2\":\"\",\"udf3\":\"\",\"udf4\":\"\",\"udf5\":\"BOLT_KIT_PHP7\",\"udf6\":\"\",\"udf7\":\"\",\"udf8\":\"\",\"udf9\":\"\",\"udf10\":\"\",\"hash\":\"4843c3f97ee99510b97456f6ed4448d1af438f671a69c976f7e856f89a2b6f9017120aa7e5e6d0e785ac1153615f0f467111ffa79a5a119534b5137307541a06\",\"field1\":\"746668\",\"field2\":\"264645\",\"field3\":\"20190114\",\"field4\":\"MC\",\"field5\":\"65357705541\",\"field6\":\"00\",\"field7\":\"0\",\"field8\":\"3DS\",\"field9\":\" Verification of Secure Hash Failed: E700 -- Approved -- Transaction Successful -- Unable to be determined--E000\",\"payment_source\":\"payu\",\"PG_TYPE\":\"AXISPG\",\"bank_ref_num\":\"746668\",\"bankcode\":\"CC\",\"error\":\"E000\",\"error_Message\":\"No Error\",\"name_on_card\":\"Priyank Saini\",\"cardnum\":\"512345XXXXXX2346\",\"cardhash\":\"This field is no longer supported in postback params.\",\"issuing_bank\":\"HDFC\",\"card_type\":\"MAST\",\"PHPSESSID\":\"35q6g7hnbmbm2ujqq0s7pkist5\"}','2019-01-14 11:21:43'),(3,8,'{\"q\":\"cart\\/payusurl\",\"mihpayid\":\"403993715518856294\",\"mode\":\"CC\",\"status\":\"success\",\"unmappedstatus\":\"captured\",\"key\":\"gtKFFx\",\"txnid\":\"eb5f16ba0a8a0e239715a6544589b736\",\"amount\":\"4000.00\",\"cardCategory\":\"domestic\",\"discount\":\"0.00\",\"net_amount_debit\":\"4000\",\"addedon\":\"2019-01-14 17:49:50\",\"productinfo\":\"MBATrek Subscription\",\"firstname\":\"Rahul Jain\",\"lastname\":\"\",\"address1\":\"\",\"address2\":\"\",\"city\":\"\",\"state\":\"\",\"country\":\"\",\"zipcode\":\"\",\"email\":\"rahul.j18@mhrod.in\",\"phone\":\"9311184588\",\"udf1\":\"\",\"udf2\":\"\",\"udf3\":\"\",\"udf4\":\"\",\"udf5\":\"BOLT_KIT_PHP7\",\"udf6\":\"\",\"udf7\":\"\",\"udf8\":\"\",\"udf9\":\"\",\"udf10\":\"\",\"hash\":\"d36e7e2297400686e227a7933fedc930ef5e3f04134eaf4556582dbffa2a0ce08110dff74838afb2356636f6e24bc04a5e07a33f51cb7f640ab20ccd0c65a4a6\",\"field1\":\"735899\",\"field2\":\"694853\",\"field3\":\"20190114\",\"field4\":\"MC\",\"field5\":\"173592754669\",\"field6\":\"00\",\"field7\":\"0\",\"field8\":\"3DS\",\"field9\":\" Verification of Secure Hash Failed: E700 -- Approved -- Transaction Successful -- Unable to be determined--E000\",\"payment_source\":\"payu\",\"PG_TYPE\":\"AXISPG\",\"bank_ref_num\":\"735899\",\"bankcode\":\"CC\",\"error\":\"E000\",\"error_Message\":\"No Error\",\"name_on_card\":\"test\",\"cardnum\":\"512345XXXXXX2346\",\"cardhash\":\"This field is no longer supported in postback params.\",\"issuing_bank\":\"HDFC\",\"card_type\":\"MAST\"}','2019-01-14 05:51:29'),(4,11,'{\"q\":\"cart\\/payusurl\",\"mihpayid\":\"403993715518857315\",\"mode\":\"CC\",\"status\":\"success\",\"unmappedstatus\":\"captured\",\"key\":\"gtKFFx\",\"txnid\":\"c7ea019818bd07f2ec573e2949e03402\",\"amount\":\"2200.00\",\"cardCategory\":\"domestic\",\"discount\":\"0.00\",\"net_amount_debit\":\"2200\",\"addedon\":\"2019-01-15 01:30:04\",\"productinfo\":\"MBATrek Subscription\",\"firstname\":\"Administrator\",\"lastname\":\"\",\"address1\":\"\",\"address2\":\"\",\"city\":\"\",\"state\":\"\",\"country\":\"\",\"zipcode\":\"\",\"email\":\"admin@mbatrek.com\",\"phone\":\"9810007333\",\"udf1\":\"\",\"udf2\":\"\",\"udf3\":\"\",\"udf4\":\"\",\"udf5\":\"BOLT_KIT_PHP7\",\"udf6\":\"\",\"udf7\":\"\",\"udf8\":\"\",\"udf9\":\"\",\"udf10\":\"\",\"hash\":\"836bf2d17c9015cd637ff7842eec2c5c93c69956f31fd2f02d5189868823e37b727605ef581eadc466121e450a9b98237564e76ad4522f7e97463d601015e873\",\"field1\":\"584143\",\"field2\":\"727808\",\"field3\":\"20190115\",\"field4\":\"MC\",\"field5\":\"677571182237\",\"field6\":\"00\",\"field7\":\"0\",\"field8\":\"3DS\",\"field9\":\" Verification of Secure Hash Failed: E700 -- Approved -- Transaction Successful -- Unable to be determined--E000\",\"payment_source\":\"payu\",\"PG_TYPE\":\"AXISPG\",\"bank_ref_num\":\"584143\",\"bankcode\":\"CC\",\"error\":\"E000\",\"error_Message\":\"No Error\",\"name_on_card\":\"Abhishek Srivastava\",\"cardnum\":\"512345XXXXXX2346\",\"cardhash\":\"This field is no longer supported in postback params.\",\"issuing_bank\":\"HDFC\",\"card_type\":\"MAST\",\"_ga\":\"GA1.2.1353114368.1523795784\"}','2019-01-15 01:31:18');
/*!40000 ALTER TABLE `payu_response` ENABLE KEYS */;
UNLOCK TABLES;

--
-- Table structure for table `product_category`
--

DROP TABLE IF EXISTS `product_category`;
/*!40101 SET @saved_cs_client     = @@character_set_client */;
/*!40101 SET character_set_client = utf8 */;
CREATE TABLE `product_category` (
  `id` int(11) NOT NULL AUTO_INCREMENT,
  `category` varchar(255) NOT NULL,
  PRIMARY KEY (`id`)
) ENGINE=InnoDB AUTO_INCREMENT=3 DEFAULT CHARSET=latin1;
/*!40101 SET character_set_client = @saved_cs_client */;

--
-- Dumping data for table `product_category`
--

LOCK TABLES `product_category` WRITE;
/*!40000 ALTER TABLE `product_category` DISABLE KEYS */;
INSERT INTO `product_category` VALUES (1,'Get your first industry interaction right...'),(2,'...followed by a rigorous and intense final placement process');
/*!40000 ALTER TABLE `product_category` ENABLE KEYS */;
UNLOCK TABLES;

--
-- Table structure for table `product_engage`
--

DROP TABLE IF EXISTS `product_engage`;
/*!40101 SET @saved_cs_client     = @@character_set_client */;
/*!40101 SET character_set_client = utf8 */;
CREATE TABLE `product_engage` (
  `id` int(11) NOT NULL AUTO_INCREMENT,
  `product_id` int(11) NOT NULL,
  `description` varchar(255) NOT NULL,
  `description2` varchar(255) NOT NULL,
  `icon` varchar(255) NOT NULL,
  `sortOrder` int(11) NOT NULL DEFAULT '0',
  PRIMARY KEY (`id`),
  KEY `product_id` (`product_id`),
  CONSTRAINT `product_engage_ibfk_1` FOREIGN KEY (`product_id`) REFERENCES `products` (`id`) ON DELETE CASCADE ON UPDATE CASCADE
) ENGINE=InnoDB AUTO_INCREMENT=100 DEFAULT CHARSET=latin1;
/*!40101 SET character_set_client = @saved_cs_client */;

--
-- Dumping data for table `product_engage`
--

LOCK TABLES `product_engage` WRITE;
/*!40000 ALTER TABLE `product_engage` DISABLE KEYS */;
INSERT INTO `product_engage` VALUES (20,18,'Fill in the background information form','background information','My1oXUIV0uAnalysis-Blue-Process.svg',0),(21,18,'Make your selection of 3 industries','Industry Selection','utjisbfDDwnoun_variety_1568685_229897.svg',0),(22,18,'Cheat sheet on how to do an industry analysis','Cheat Sheet','pwuZf5DnERnoun_VideoReport_349464_229897.svg',0),(23,18,'Completed industry analyses for 3 industries','3 Completed industry Analyses','HppJOz348Znoun_sheets_349328_229897.svg',0),(24,18,'Understand how to use the industry analysis','Industry Analysis Explanation','BM7NswfrXMnoun_AnalysisPresentation_998049_229897.svg',0),(25,18,'Templates to help you do industry analyses yourself','Industry Analysis Template','nJu8elNLXJnoun_template_1057714_229897.svg',0),(27,21,'Fill-in the background Information form','background information','e7aXeYpJybnoun_analysis_1507248_229897.svg',0),(28,21,'Make your selection of 5 companies','Company Selection','cVdCgsXCfqnoun_variety_1568685_229897.svg',0),(30,21,'Completed company analyses for 5 companies','5 Company Analyses','xHdwNwY7sdnoun_sheets_349328_229897.svg',0),(31,21,'Understand how to use the company analysis','Company Analysis Explanation','2V92VXgLxZnoun_AnalysisPresentation_998049_229897.svg',0),(32,21,'Template to help you do a company analysis','Company Analysis Template','BbAHwSsC0Fnoun_template_1057714_229897.svg',0),(34,22,'Fill-in the background information form','Background Information','60l8pa9DH6Analysis-Blue-Outcomes.svg',0),(35,22,'An assessment to check your persuasion skills','Skills Assessment Exercise','yjfEcVR51IReview-Blue-Process.svg',0),(36,22,'Review of assessment to understand you better','Assessment Review','LNIqgzK08HAssessment-Blue-Process.svg',0),(37,22,'Understand the roles people play in a GD','Roles People play in a GD','NVtnwtONmaRoles-Blue-Process.svg',0),(38,22,'Mapping your skills with role that you could play','Developing your GD Strategy','04j5ncGhGbStrategy-Blue-Process.svg',0),(39,22,'Debrief from your previous GDs','De-brief post actual GD','XVzwRKyFN3De-brief-Blue-Process.svg',0),(40,23,'Fill in the background information form','Background Information','G9To05Fd4lAnalysis-Blue-Process.svg',0),(41,23,'Select different question buckets','Personal Bucket Selection','vFjRAXJW2vBucket-Process-Blue.svg',0),(42,23,'Get the relevant Q&A from selected buckets','Prepared Question Set','KxndzQvFhkQuestionSet-Blue-Process.svg',0),(43,23,'Understanding how to best use the final set','Final De-brief and Next Steps','cXguCOGbAEDe-brief-Blue-Process.svg',0),(44,24,'Fill in the background information form','Background','cHBAU9rWHYAnalysis-Blue-Process.svg',0),(45,24,'First 1-to-1 session with the experts','Self Introduction','L7X5ZB4dCWSelfReflection-Blue-Process.svg',0),(46,24,'Get the Quality score for your LinkedIn profile','Quality Scrore','Br5vmpZD5yScore-Blue-Process.svg',0),(47,24,'Guidelines and templates to build LinkedIn Profile','cheat sheet','jL4alN6sUjChecklist-Blue-Process.svg',0),(48,24,'Review of the first draft and recommendations ','First Draft Review','rzn9TY6W9tDraftReview-Blue-Process.svg',0),(49,24,'Last round of 1-to-1 discussion','Final Takeaways','OjGFmYArxQAssessment-Blue-Process.svg',0),(51,25,'Fill-in the background Information form','background','JV2nay0nLTAnalysis-Blue-Process.svg',0),(52,25,'First 1-to-1 session with the experts','Self Introduction','2kRAvsyDNfSelfReflection-Blue-Process.svg',1),(53,25,'Get the quality score for your Resume / CV','Quality Score','F0kukkYkW4Score-Blue-Process.svg',2),(54,25,'Guidelines and templates to build your Resume / CV','cheat sheet','FuL9AoUnoeChecklist-Blue-Process.svg',3),(55,25,'Review of the first draft and recommendations ','First Draft Review','fWeWSoq7Y1DraftReview-Blue-Process.svg',4),(56,25,'Get customization tips for job application(s)','Final Debrief','1Yet8Ls0R6Customization-Blue-Process.svg',5),(57,27,'Fill-in the background Information form','background information','eLN6QDcRROnoun_analysis_1507248_229897.svg',0),(60,30,'Fill-in the background information form','background information','FlL6ZFhqIlAnalysis-Blue-Process.svg',0),(61,21,'To help you use the templates in future','Debrief','sokTPsiL0Qnoun_Meeting_1422943_229897.svg',0),(62,31,'Fill-in the background Information form','Dbrief','EpvDvjai6wserach_icon_an.png',0),(63,32,'Fill-in the background Information form','Self Introduction','HuVbLJ4FeWbuild_icon.png',0),(64,30,'An assessment to check your persuasion skills','Skills Assessment Exercise','mFZeMNZxuXReview-Blue-Process.svg',1),(65,30,'Review of assessment & detailing of further steps','First 1-to-1 Discussion ','zxb2C5Fr1Snoun_talk_1663312_229897.svg',2),(66,30,'Mock Interview for 40 minutes','Mock Interview Session','HSbqpNfZQIAssessment-Blue-Process.svg',3),(67,30,'Cheat-sheet and preparation videos','Cheet Sheet & Prep. Videos','z81mQS5zyFCheat-sheetandVideo-Blue-Process.svg',4),(68,30,'30 minutes for wrap-up and next steps','Final Debrief and Wrap-up','ErF09nAAULNextSteps-Blue-Process.svg',5),(69,28,'Fill in the background information form to help us know you better','Background Information','h9qpiHLoc7noun_analysis_1507248_229897.svg',0),(70,28,'Identify the skills which make you a right fit for your dream profile','Personal Skill Mapping','mrqU1d52mXnoun_ESTJESTP_545821_229897.svg',0),(71,28,'Help build skills for conducting company and industry analyses','Industry and Company Analysis','EOFmxwesXfnoun_Industry_603296_229897.svg',0),(72,28,'Targeting the right job based on your skills and fitment ','Job Profile and Fitment Analysis','38mEzlOwt3noun_CV_528082_229897.svg',0),(73,28,'Help structure and build your resume for specific profiles','Resume Diagnostic','QYxnslJm7Anoun_Resume_492220_229897.svg',0),(74,28,'Use 1-to-1 sessions to help you prepare for the real test','GD and PI Preparation','oRoStqWhRJnoun_Meeting_1422943_229897.svg',0),(75,17,'Fill-in the background information form','Background Information','Rtrg8kMTStnoun_analysis_1507248_229897.svg',0),(76,17,'First one to one session with the experts. ','Self Introduction','FBGH5qCf84noun_talk_1663312_229897.svg',0),(77,17,'Questionnaire to understand your internship','InternArise Questionnaire','w67hXVwJHvnoun_Checklist_860353_229897.svg',0),(78,17,'Discussion on ways of pitching your internship','Review & Second Discussion ','XTvm9JV9EBnoun_Meeting_1422943_229897.svg',0),(79,17,'A Recommendation sheet stating the flaws and further steps ','Recommendation Sheet','5xHDjyFl0znoun_Resume_588589_229897.svg',0),(84,27,'Share the internship project details','Project Details','TkHTDEcWZJnoun_analysis_810625_229897.svg',0),(85,27,'Way forward for internship project','First Discussion','hNqhrOXTGXnoun_talk_1663312_229897.svg',0),(86,27,'Best practices to achieve that dream PPO','Weekly Cheat-Sheets','NzdzlFGK9Vnoun_StarSheet_627556_229897.svg',0),(87,27,'Fortnightly progress review','One-to-One Project Review','0iEBBVMx3enoun_skypecall_1375878_229897.svg',0),(88,27,'Map your internship to final placement','Outcome Sheet','DSmJEK4Guvnoun_ReportPage_525105_229897.svg',0),(89,34,'Address key questions from your previous internship(s)',' De-brief from Internship','NKdsEZ63Jtnoun_internship_516824_229897.svg',0),(90,34,'Help select the right list of industries and companies','Industry and Company Fitment','Bze4KTwJ5bindustry_and_company_icon.png',0),(91,34,'Help build skills for conducting company and industry analyses','Industry and Company Analysis','buii3AcWxOindustry_analysis_icon.png',0),(92,34,'Help structure and build your resume and understand job profiles','Resume Preparation','oqXIziQf0wnoun_Resume_114562_229897.svg',0),(93,34,'Conduct 1 to 1 sessions to help you prepare for the real life test','GD and PI Preparation  ','EK8w6CwwKugdand_p1.png',0),(94,34,'Help you select the final offer based on role, location and salary','Job Offer Selection','fUfDJZ8N4Jjob_profile.png',0),(95,33,'Understand the cognitive and behavioral skills needed to out-perform','Starting your new job','7xPGhmzQUynoun_internship_516824_229897.svg',0),(96,33,'Helping you understand company’s culture and value systems','Settling In the organisation','EBH56k8dLDsdfa.png',0),(97,33,'Learn to de-stress at work and connect with peers & seniors ','Surviving and connecting','bQuHlK8V63noun_MountainClimbing_639527_229897.svg',0),(98,33,'Understand the dynamics of power & politics during performance appraisal','Preparing for 1st Annual Appraisal','llSBrO9Khgsfasfdasf.png',0),(99,33,'Decide whether to switch job or prepare for the next promotion','Planning for next year','198N90W4bdasfdasdfasdfas.png',0);
/*!40000 ALTER TABLE `product_engage` ENABLE KEYS */;
UNLOCK TABLES;

--
-- Table structure for table `product_include`
--

DROP TABLE IF EXISTS `product_include`;
/*!40101 SET @saved_cs_client     = @@character_set_client */;
/*!40101 SET character_set_client = utf8 */;
CREATE TABLE `product_include` (
  `id` int(11) NOT NULL AUTO_INCREMENT,
  `product_id` int(11) NOT NULL,
  `description` varchar(255) NOT NULL,
  `logo` varchar(255) NOT NULL,
  `sortOrder` int(11) NOT NULL DEFAULT '0',
  PRIMARY KEY (`id`),
  KEY `product_id` (`product_id`),
  CONSTRAINT `product_include_ibfk_1` FOREIGN KEY (`product_id`) REFERENCES `products` (`id`) ON DELETE CASCADE ON UPDATE CASCADE
) ENGINE=InnoDB AUTO_INCREMENT=77 DEFAULT CHARSET=latin1;
/*!40101 SET character_set_client = @saved_cs_client */;

--
-- Dumping data for table `product_include`
--

LOCK TABLES `product_include` WRITE;
/*!40000 ALTER TABLE `product_include` DISABLE KEYS */;
INSERT INTO `product_include` VALUES (7,17,' One-to-one Discussions: 2 sessions (Half an hour each)','f5ED4yWIv2Discussion-White-Includes.svg',0),(12,18,'1-to-1 discussion: 1 hour session','Vu86i3RcXcDiscussion-White-Includes.svg',0),(13,18,'1-page Cheat Sheet and Template','oZHVUIk72iCheatsheet-White-Includes.svg',0),(14,18,'Up to 3 Industries completed analyses (15 slides each)','t8h3JudfH6SlideDeck-White-Includes.svg',0),(15,21,'1-to-1 Discussions: 1 hour session','mRhqbXw0VUDiscussion-White-Includes.svg',0),(16,21,'1-page Cheat Sheet and Template','YT5TfoBDDnCheatsheet-White-Includes.svg',0),(17,21,'Up to 5 Companies completed analyses (15 slides each)','NJ4Vp0TRerSlideDeck-White-Includes.svg',0),(18,22,'1-to-1 Discussions: 1-hour prior to GD and 1-hour post GD','er0zJpaIoCDiscussion-White-Includes.svg',0),(19,22,'Key Do’s and Don’ts','itFmAC2VGvDosandDont\'s-White-Includes.svg',0),(20,22,'Roles to play in a GD','4t3QDFGuzORoletoplayinGD-White-Includes.svg',0),(21,23,' Functional: Questions to evaluate your functional knowledge','Ho8ZZC4Um9Functional-White-Includes.svg',0),(22,23,' Personality: Questions to evaluate your attitude and behavior','YIMMgDdb5rPersonality-White-Includes.svg',0),(23,23,'Industry: Questions to evaluate your industry awareness','333lcflfwEIndustryQuestions-White-Includes.svg',0),(24,23,'Company: Questions to evaluate your understanding of the company','N9GS0Kf5pmCompanyQuestions-White-Includes.svg',0),(25,24,'2 Feedback Sessions (30 mins each)','mRTdOwa3vXDiscussion-White-Includes.svg',0),(26,24,'1-Page Cheat Sheet','ACpoewNcRxCheatsheet-White-Includes.svg',0),(27,24,'Assessment Score','GwZxjI6ZkJassesment_new.png',0),(28,25,'2 Feedback Sessions (30 mins each)','ArYQdIsMSHDiscussion-White-Includes.svg',0),(29,25,'1-Page Cheat Sheet & Templates','eUXXeDCSfTCheatsheet-White-Includes.svg',0),(30,25,'Assessment Score','4uxNEACxTYassesment_new.png',0),(32,27,'4 One-to-one Hours Eight 30-minute sessions','FWxPAT7DQpDiscussion-White-Includes.svg',0),(33,28,'3 Employability Assessments (Cognitive, Behavioral and EQ)','jgIoifCvFInoun_Assessment_4188_FFFFFF.svg',0),(35,30,'1-hour interview and feedback session','wYT5PrxrQZDiscussion-White-Includes.svg',0),(37,28,'3 One to One Hours per student (Interview and resume prep)','gfiX8aIEluDiscussion-White-Includes.svg',0),(38,28,'3 Company and 3 Industry Completed Analyses','Aea4B9j4eoCompanyAnalysis-White.svg',0),(39,28,'Job Role and Profile Fitment Analyses','CZR6INe07IFunctional-White-Includes.svg',0),(43,30,'Cheat Sheet','EwRp8r08rlCheatsheet-White-Includes.svg',0),(44,30,'Preparation Videos','V5Wc7KMUnkpreparation_video.png',0),(45,19,'4 One-to-one hours: Eight 30-minute sessions','Jw6QUhhjZ9Discussion-White-Includes.svg',0),(47,19,'Weekly Newsletters','Xm7U86KlAcnoun_newsletter_1678707_FFFFFF.svg',0),(48,31,'1-to-1 Discussions: 2 sessions (one hour each)','393d7HvCH1Discussion-White-Includes.svg',0),(57,34,'5 One to One Hours (Skype / Duo)','UHdVjmahkHDiscussion-White-Includes.svg',0),(58,34,'Cognitive, Behavioral and EQ / EI Personalized Profile (worth Rs. 1,250)','iGVFNdBn89noun_Assessment_4188_FFFFFF.svg',0),(59,34,'Multiple Cheat Sheets','eqJl3VElxWCheatsheet-White-Includes.svg',0),(60,34,'2 Mock Interviews (worth Rs. 2,000)','bJvHZGOvGGInterviewReady-White.svg',0),(61,34,'2 Industry Analyses and 2 Company Analyses (worth Rs. 1,800)','NEtsOGnjL3CompanyAnalysis-White.svg',0),(62,34,'2 reviews of CV / Resume (worth Rs. 1,300)','nt6Zf7D5G5Resume-White.svg',0),(63,34,'LinkedIn Diagnostic (worth Rs. 650)','Zcc8rqkRAWLinkedIn-White.svg',0),(64,33,'1-to-1 Discussions: 24 half hour sessions','dExehvolKUDiscussion-White-Includes.svg',0),(65,33,'In-depth evaluations on self and your work environment','T65WVNbUeQnoun_Assessment_4188_FFFFFF.svg',0),(66,33,'Cheat Sheets for Resume and Interview','mR5I8JCyxBCheatsheet-White-Includes.svg',0),(67,33,'On-demand reviews of CV / Resume','mQbiU7g4acResume-White.svg',0),(68,33,'Three rounds of mock interviews (in case looking for job switch)','5Px8XOqXVaInterviewReady-White.svg',0),(69,33,'LinkedIn Diagnostic Tool','8RSdbUG9XNLinkedIn-White.svg',0),(70,19,'Internship Guide','UUZgwZROWMnoun_Checklist_27273_FFFFFF.svg',0),(71,27,'1-Page Cheat Sheet','CHNqEFwwQxCheatsheet-White-Includes.svg',0),(72,27,'Internship Guide','7XY4b3OMUSnoun_Checklist_27273_FFFFFF.svg',0),(73,31,'1 Page Cheat Sheet and Templates','wpr0809P8SCheatsheet-White-Includes.svg',0),(74,31,'Up to 3 Industries and 5 Companies completed analyses (15 slides each)','JixTsvCdgUSlideDeck-White-Includes.svg',0),(75,32,'1.5 hour interview and feedback session','EwbqQQx17WDiscussion-White-Includes.svg',0),(76,32,'25 Interview Q&As covering functional, personality, industry and company segments','BQYiol77z8InterviewQ&A-white.svg',0);
/*!40000 ALTER TABLE `product_include` ENABLE KEYS */;
UNLOCK TABLES;

--
-- Table structure for table `product_key_outcome`
--

DROP TABLE IF EXISTS `product_key_outcome`;
/*!40101 SET @saved_cs_client     = @@character_set_client */;
/*!40101 SET character_set_client = utf8 */;
CREATE TABLE `product_key_outcome` (
  `id` int(11) NOT NULL AUTO_INCREMENT,
  `product_id` int(11) NOT NULL,
  `description` varchar(255) NOT NULL,
  `icon` varchar(255) NOT NULL,
  `sortOrder` int(11) NOT NULL DEFAULT '0',
  PRIMARY KEY (`id`),
  KEY `product_id` (`product_id`),
  CONSTRAINT `product_key_outcome_ibfk_1` FOREIGN KEY (`product_id`) REFERENCES `products` (`id`) ON DELETE CASCADE ON UPDATE CASCADE
) ENGINE=InnoDB AUTO_INCREMENT=59 DEFAULT CHARSET=latin1;
/*!40101 SET character_set_client = @saved_cs_client */;

--
-- Dumping data for table `product_key_outcome`
--

LOCK TABLES `product_key_outcome` WRITE;
/*!40000 ALTER TABLE `product_key_outcome` DISABLE KEYS */;
INSERT INTO `product_key_outcome` VALUES (7,17,'Portray your internship project and achievements on Resume and LinkedIn','Br8xuoIv7Lnoun_Resume_588589_229897.svg',0),(8,17,'Connect your internship experience with your target jobs and roles','Primv1sK6Rnoun_connect_670427.svg',0),(9,17,'Increase the chances of being shortlisted in your final placements','a3xBpR2PWJnoun_growth_1948777_229897.svg',0),(10,18,'Be prepared to answer any questions around your favorite industry','vunivdjcthnoun_part_427522_229897.svg',0),(11,18,'Differentiate yourself by having an opinion on industry of your choice','OgPAN76VO0noun_corporatepower_1580350_229897.svg',0),(12,21,'Be prepared to answer any questions around your favorite company','8DG23HT3conoun_part_427522_229897.svg',0),(13,21,'Differentiate yourself by having an opinion on company of your choice','mpTAcQNXG7noun_corporatepower_1580350_229897.svg',0),(16,22,'Learn to participate rather than to debate','bNaDdBtZM3Corporate-White-Includes.svg',0),(17,22,'Empower yourself to stand out in a Group Discussion','02Vvc5Nrq1StandOut-Blue-Outcomes.svg',0),(18,22,'Better preparedness for upcoming placements','rer7Jhp3yGPreparedness-Blue-Outcomes.svg',0),(19,23,'Know important interview questions','K7VxCjXb4OQuestionsinanInterview-Blue-Outcomes.svg',0),(20,23,'How to use a structured approach to answer questions','AE8inrliykStructuredManner-Blue-Outcomes.svg',0),(21,23,'Increase the chances of being shortlisted','ICMFY7kKqzIncreaseChances-Blue-Outcomes.svg',0),(22,24,'Get a quality score on your current LinkedIn profile','9J0ruzAPVhnoun_score_1950307_229897.svg',0),(23,24,'Ability to showcase your experience and projects','eMVxPNZR68noun_productshowcase_1919231_229897.svg',0),(24,24,'Capture your unsaid thoughts from 1-page Resume','yF51MAMQnlnoun_Abundance_51822_229897.svg',0),(25,25,'Get a quality score on your current Resume / CV','5i0WYb734hnoun_score_1950307_229897.svg',0),(26,25,'Ability to showcase your experience and projects','dKimxorsAOnoun_productshowcase_1919231_229897.svg',0),(27,25,'Increase your chances of being shortlisted','uiL7aWXWBunoun_Profit_746010.svg',0),(28,27,'Ace your Internship Project','Am1OL0pbpSnoun_internship_516824_229897.svg',0),(31,30,'Increase confidence to perform in interviews','s4pI3ePOqNConfidence-Blue-Outcomes.svg',0),(34,30,'Run your interview more as a dialogue than simple Q&A','PHRbvBirIiDialogue-Blue-Outcomes.svg',0),(35,30,'Better preparedness for upcoming placements','ElB8emvfQ5Preparedness-Blue-Outcomes.svg',0),(38,27,'Understand Future Career Path','pEOvjcCtXznoun_careerpath_1320329_229897.svg',0),(39,27,'Increase the Chances for PPO','EhwjvfuPTXnoun_growth_1948777_229897.svg',0),(40,34,'Help make the right choice of industry, company and role','y2eCvJmINZnoun_Settings_2042376.svg',0),(41,34,'Get personalized solutions for you','098iFtsF7knoun_fingerpointing_1240316.svg',0),(42,34,'Better preparedness for upcoming placements','1VdiwIxWV1noun_corporatepower_1580350_229897.svg',0),(43,33,'Stop your career from early derailment','E6fEAlc7wrnoun_falling_1887967_229897.svg',0),(44,33,'Learn the inside tricks to scale your career early','HspWl21Bpinoun_growth_1948777_229897.svg',0),(45,33,'Learn from experiences of mid-career executives','L5zKbevAzZnoun_coaching_66723_229897.svg',0),(48,19,'Help you showcase your internship experience in the final interview','C1RVOf1bcknoun_magicshow_686468_229897.svg',0),(49,19,'Help aggregate proof points of your skills based on internship experience(s)','xNWd07hkGqnoun_skills_225624_229897.svg',0),(50,19,'Help you perform your best during the internship and enhance your experience(s)','DSXTDrRkwfnoun_coaching_66723_229897.svg',0),(51,28,'Help make the right choice of industry, company and role','0OwJTIfKNDnoun_Settings_2042376.svg',0),(52,28,'Get personalized solutions for you','CyBs2pJFUdnoun_fingerpointing_1240316.svg',0),(53,28,'Better preparedness for upcoming internships','amVmzM0g5Unoun_corporatepower_1580350_229897.svg',0),(54,32,'Increase confidence to perform in interviews','hsEiYiU2iaConfidence-Blue-Outcomes.svg',0),(55,32,'Run your interview more as a dialogue than simple Q&A','xhbdzBFlDRDialogue-Blue-Outcomes.svg',0),(56,32,'Know important interview questions','se0VP7N9bhQuestionsinanInterview-Blue-Outcomes.svg',0),(57,31,'Be prepared to answer any questions around your favorite industry and company','vGNXvn25hUnoun_part_427522_229897.svg',0),(58,31,'Differentiate yourself by having an opinion on industry and company of your choice','U4KeggyT4Ynoun_corporatepower_1580350_229897.svg',0);
/*!40000 ALTER TABLE `product_key_outcome` ENABLE KEYS */;
UNLOCK TABLES;

--
-- Table structure for table `product_key_points`
--

DROP TABLE IF EXISTS `product_key_points`;
/*!40101 SET @saved_cs_client     = @@character_set_client */;
/*!40101 SET character_set_client = utf8 */;
CREATE TABLE `product_key_points` (
  `id` int(11) NOT NULL AUTO_INCREMENT,
  `product_id` int(11) NOT NULL,
  `points` varchar(255) NOT NULL,
  PRIMARY KEY (`id`),
  KEY `product_id` (`product_id`),
  CONSTRAINT `product_key_points_ibfk_1` FOREIGN KEY (`product_id`) REFERENCES `products` (`id`) ON DELETE CASCADE ON UPDATE CASCADE
) ENGINE=InnoDB AUTO_INCREMENT=22 DEFAULT CHARSET=latin1;
/*!40101 SET character_set_client = @saved_cs_client */;

--
-- Dumping data for table `product_key_points`
--

LOCK TABLES `product_key_points` WRITE;
/*!40000 ALTER TABLE `product_key_points` DISABLE KEYS */;
INSERT INTO `product_key_points` VALUES (4,17,'Understand your career prospects.'),(5,17,'Rehearse your story.'),(9,21,'Understand your career prospects.'),(10,22,'Understand your career prospects.'),(11,23,'Understand your career prospects.'),(12,24,'Understand your career prospects.'),(13,25,'Understand your career prospects.'),(14,27,'Understand your career prospects.'),(15,28,'Understand your career prospects'),(17,30,'Rehearse your story.'),(18,31,'Understand your career prospects.'),(19,32,'Rehearse your story.'),(20,33,'Understand your career prospects.'),(21,34,'Understand your career prospects.');
/*!40000 ALTER TABLE `product_key_points` ENABLE KEYS */;
UNLOCK TABLES;

--
-- Table structure for table `product_recommended_value_saver_pack`
--

DROP TABLE IF EXISTS `product_recommended_value_saver_pack`;
/*!40101 SET @saved_cs_client     = @@character_set_client */;
/*!40101 SET character_set_client = utf8 */;
CREATE TABLE `product_recommended_value_saver_pack` (
  `id` int(11) NOT NULL AUTO_INCREMENT,
  `product_id` int(11) NOT NULL,
  `recommended_product_id` int(11) DEFAULT NULL,
  `title` varchar(255) NOT NULL,
  `short_description` varchar(255) NOT NULL,
  `icon` varchar(2555) NOT NULL,
  PRIMARY KEY (`id`),
  KEY `product_id` (`product_id`),
  KEY `recommended_product_id` (`recommended_product_id`),
  CONSTRAINT `product_recommended_value_saver_pack_ibfk_1` FOREIGN KEY (`product_id`) REFERENCES `products` (`id`) ON DELETE CASCADE ON UPDATE CASCADE
) ENGINE=InnoDB AUTO_INCREMENT=64 DEFAULT CHARSET=latin1;
/*!40101 SET character_set_client = @saved_cs_client */;

--
-- Dumping data for table `product_recommended_value_saver_pack`
--

LOCK TABLES `product_recommended_value_saver_pack` WRITE;
/*!40000 ALTER TABLE `product_recommended_value_saver_pack` DISABLE KEYS */;
INSERT INTO `product_recommended_value_saver_pack` VALUES (9,23,30,'test','1 round of interview','G6syAxftA7MockInterview-White.svg'),(10,24,25,'test','1 round of review','Ml3ji4Mxqmnoun_Resume_492220_ffffff.svg'),(11,24,30,'test','1 round of interview','gBJcmUhLYNnoun_interview_544347_ffffff.svg'),(12,25,24,'test','1 round of review','K3yqCHCDJsnoun_Network_206892_ffffff.svg'),(20,24,32,'test','Get your story right','WNtRsJW7henoun_interview_1163897_ffffff.svg'),(21,25,30,'test','1 round of interview','WUHt0cLguonoun_interview_544347_ffffff.svg'),(22,25,32,'test','Get your story right','AyUNj7TfCBnoun_interview_1163897_ffffff.svg'),(23,30,25,'test','1 round of review','fwRE6zaTI1Resume-White.svg'),(24,30,24,'test','1 round of review','7efSYvEPoYLinkedIn-White.svg'),(25,30,32,'test','Get your story right','EyMj4ot6KvInterviewReady-White.svg'),(26,23,32,'test','Get your story right','ICsshM6OrWInterviewReady-White.svg'),(27,23,22,'test','Pick the right role','upaFquBJFDMockGD-White.svg'),(31,18,21,'test','Up to 5 Companies','fGMLgvjFetCompanyAnalysis-White.svg'),(32,18,31,'test','Value Saver Package','fkx7fUUDrrIndustryReady-White.svg'),(33,18,32,'test','Get your story right','6skQiBYiGpInterviewReady-White.svg'),(34,21,18,'test','Up to 3 Industries','bn7cx4TNSeIndustryAnalysis-White.svg'),(35,21,31,'test','Value Saver Package','ABtSnuY3zrIndustryReady-White.svg'),(36,21,32,'test','Get your story right','dROKiV9d9mInterviewReady-White.svg'),(37,22,30,'test','1 round of interview','okTQUj3yVNMockInterview-White.svg'),(38,22,25,'test','1 round of review','srHoPBwxxgResume-White.svg'),(39,22,32,'test','Get your story right','RWMo0bmLpRInterviewReady-White.svg'),(40,19,31,'test','Value Saver Package','tEZMWaxLTfIndustryReady-White.svg'),(41,19,22,'test','Get the Role Right','wBzSWKSHsfCrackingtheGD-White.svg'),(42,19,24,'test','1 round of review','1dEJjXiR9jLinkedIn-White.svg'),(43,28,18,'test','Up to 3 Industries','CgoRI8Bx52IndustryAnalysis-White.svg'),(44,28,31,'test','Value Saver Package','T60V8wTY5HIndustryReady-White.svg'),(45,28,24,'test','1 round of review','WGUxzaqIuCLinkedIn-White.svg'),(46,27,17,'test','Post internship pitch','wAPGNfehO0noun_Riseup_1789119_ffffff.svg'),(47,27,34,'test','Placement Readiness','qNf5rgU1Yhnoun_jobfair_944975_ffffff.svg'),(48,27,25,'test','1 round of review','5N0xwIHihnResume-White.svg'),(49,17,34,'test','Placement readiness','rwzudzIPhcnoun_internship_516824.svg'),(50,17,32,'test','Get your story right','sxx1wlkI1SInterviewReady-White.svg'),(51,17,31,'test','Value Saver Package','9u9zln3Y3nIndustryReady-White.svg'),(52,34,25,'test','1 round of review','DcCqiiUIZ2Resume-White.svg'),(53,34,30,'test','1 round of interview','47cHnUBEJmMockInterview-White.svg'),(54,34,24,'test','1 round of review','AK3EO7MpwpLinkedIn-White.svg'),(55,33,31,'test','Value Saver Package','ZLLKacfl3RIndustryReady-White.svg'),(56,33,32,'test','Get your story right','XEKcrKJ20eInterviewReady-White.svg'),(57,33,24,'test','1 round of review','NGg0e6QA2MLinkedIn-White.svg'),(58,32,31,'test','Value Saver Package','jmHNHTn6UCIndustryReady-White.svg'),(59,32,25,'test','1 round of review','KIBgsFnGf6Resume-White.svg'),(60,32,24,'test','1 round of review','NfSVx2K3gZLinkedIn-White.svg'),(61,31,32,'test','Get your story right','9nBN4Xfo37InterviewReady-White.svg'),(62,31,24,'test','1 round of review','C6oKDYYuaBLinkedIn-White.svg'),(63,31,23,'test','Set of 25 questions','ExnjKpKNtLInterviewQ&A-white.svg');
/*!40000 ALTER TABLE `product_recommended_value_saver_pack` ENABLE KEYS */;
UNLOCK TABLES;

--
-- Table structure for table `product_sub_category`
--

DROP TABLE IF EXISTS `product_sub_category`;
/*!40101 SET @saved_cs_client     = @@character_set_client */;
/*!40101 SET character_set_client = utf8 */;
CREATE TABLE `product_sub_category` (
  `id` int(11) NOT NULL AUTO_INCREMENT,
  `product_category_id` int(11) NOT NULL,
  `description` varchar(255) NOT NULL,
  PRIMARY KEY (`id`),
  KEY `product_category_id` (`product_category_id`),
  CONSTRAINT `product_sub_category_ibfk_1` FOREIGN KEY (`product_category_id`) REFERENCES `product_category` (`id`) ON DELETE CASCADE ON UPDATE CASCADE
) ENGINE=InnoDB AUTO_INCREMENT=5 DEFAULT CHARSET=latin1;
/*!40101 SET character_set_client = @saved_cs_client */;

--
-- Dumping data for table `product_sub_category`
--

LOCK TABLES `product_sub_category` WRITE;
/*!40000 ALTER TABLE `product_sub_category` DISABLE KEYS */;
INSERT INTO `product_sub_category` VALUES (1,1,'The 1st Milestone of your MBA journey is getting a good Internship...'),(2,2,'Let us help you in making the right choice....'),(3,2,'Let us help you in building your own high impact story....'),(4,2,'Let us help you secure that amazing job offer....');
/*!40000 ALTER TABLE `product_sub_category` ENABLE KEYS */;
UNLOCK TABLES;

--
-- Table structure for table `products`
--

DROP TABLE IF EXISTS `products`;
/*!40101 SET @saved_cs_client     = @@character_set_client */;
/*!40101 SET character_set_client = utf8 */;
CREATE TABLE `products` (
  `id` int(11) NOT NULL AUTO_INCREMENT,
  `title` varchar(255) NOT NULL,
  `logo` varchar(255) NOT NULL,
  `actuall_price` double(10,2) NOT NULL,
  `description` text NOT NULL,
  `description1` varchar(255) NOT NULL,
  `price` double(10,2) NOT NULL,
  `type` int(11) NOT NULL,
  `is_saver` int(11) NOT NULL,
  `product_sub_category_id` int(11) NOT NULL,
  `home_page_icon` varchar(250) DEFAULT NULL,
  `home_page_bucket` int(11) DEFAULT NULL,
  `sample_1` varchar(500) DEFAULT NULL,
  `sample_2` varchar(500) DEFAULT NULL,
  `sample_3` varchar(500) DEFAULT NULL,
  `status` int(11) NOT NULL,
  `sortOrder` int(11) DEFAULT NULL,
  PRIMARY KEY (`id`),
  KEY `product_sub_category_id` (`product_sub_category_id`),
  CONSTRAINT `products_ibfk_1` FOREIGN KEY (`product_sub_category_id`) REFERENCES `product_sub_category` (`id`) ON DELETE CASCADE ON UPDATE CASCADE
) ENGINE=InnoDB AUTO_INCREMENT=35 DEFAULT CHARSET=latin1;
/*!40101 SET character_set_client = @saved_cs_client */;

--
-- Dumping data for table `products`
--

LOCK TABLES `products` WRITE;
/*!40000 ALTER TABLE `products` DISABLE KEYS */;
INSERT INTO `products` VALUES (17,'#Intern ARISE','1791515523noun_Riseup_1789119_73942f.svg',1000.00,'<ul>\r\n<li>Debrief sessions to help you <span> analyze and learn from your internship experiences</span></li>\r\n<li>Build the right resume / CV to <span> showcase your internship, projects achievements</span> for specific job profiles</li>\r\n<li>Understand how to <span> structure your thoughts and present it well </span> in an interview</li>\r\n</ul>','Mapping your internship story with the final placements',1000.00,1,0,1,'1131716026noun_Riseup_1789119_229897.svg',4,NULL,NULL,NULL,1,2),(18,'Industry Analysis','385864858industry-blue.png',1500.00,'<ul>\r\n<li>Have <span> talking points about any industry</span> in your interview for up to 3 industries of your choice</li>\r\n<li>Ability to <span> deliver trends and insights</span> in an industry as a part of a conversation</li>\r\n<li>Deliver an <span> analysis of</span> current industry health<span> and key issues / trends</span> affecting its future growth and potential</li>\r\n<li>Ability to conduct a <span> deep dive on the industry value chain</span> and combine that with <span> demand and supply-side trends</span></li>\r\n<li>This process takes <span> 10 working days</span>, in case of <span> immediate help</span> for an application or interview, we can expedite the process to<span> 5 working days</span></li>\r\n</ul>','Learn to build your own handy high quality industry analysis',1500.00,1,0,2,'809066081385864858industry-blue.png',2,NULL,NULL,NULL,1,4),(19,'#Intern GO','1584547512noun_manager_1078230_73942f.svg',7000.00,'<ul>\r\n<li>Help you <span> choose and apply for the right internship</span> based on your skills and career goals</li>\r\n<li><span> Understand your internship project better</span> and know the skills required to excel in your internship</li>\r\n<li>Know how to convert an internship into a <span> Pre-Placement Offer / Interview</span></li>\r\n<li>Get your <span> project report and presentation reviewed </span></li>\r\n<li>The program runs all<span> throughout the application stage to even</span> after your internship completion 6 months</li>\r\n</ul>','Roadmap from internship applications to post internship',4900.00,1,0,1,'1009903553InternGO-Blue.svg',NULL,NULL,NULL,NULL,1,3),(21,'Company Analysis ','1891224196CompanyAnalysis-Blue.svg',2000.00,'<ul>\r\n<li>Have <span> talking points about any company</span> in your interview for up to <span> 5 companies</span> of your choice</li>\r\n<li>Ability to <span> deliver trends and insights</span> about a company as a part of an interview conversation</li>\r\n<li>Understand the <span> company\'s value proposition and key issues / trends</span> affecting its future growth and potential</li>\r\n<li>This process takes <span> 10 working days</span>, in case of <span> immediate help</span> for an application or interview, we can expedite the process to<span> 5 working days</span></li>\r\n</ul>','Learn to build your own handy high quality company analysis',2000.00,1,0,2,'450622384CompanyAnalysis-Blue.svg',2,NULL,NULL,NULL,1,5),(22,'Cracking the GD','665962404MockGD-Blue.svg',650.00,'<ul>\r\n<li>Learn how to <span> put your point across impactfully</span></li>\r\n<li>Learn the ebb and flow of a GD and how to <span> contribute effortlessly without upsetting the discussion</span></li>\r\n<li>Understand how to <span> open and conclude a GD</span></li>\r\n<li>Get prepared to deliver<span> different roles that you can play in a GD</span></li>\r\n<li>This process takes<span> 3 working days</span>, in case of<span> immediate help</span> for an application or GD, we can expedite the process to<span> 1 working day</span></li>\r\n</ul>','Your personalized game plan for the GDs',650.00,1,0,4,'1937730649MockGD-Blue.svg',NULL,NULL,NULL,NULL,1,7),(23,'Interview Q&A','156855932qandans-blue.png',550.00,'<ul>\r\n<li>Know the interview questions asked <span> specifically by your dream company</span></li>\r\n<li>Learn how to <span> build a compelling story</span> when answering questions in an interview</li>\r\n<li>Choose and practice <span> questions for a specific industry, company and functional profile</span> along with personality based questions</li>\r\n<li>Ability to pre-empt the series of questions that are asked in an interview to be able to <span> deliver your best</span></li>\r\n<li>This process takes <span> 3 working days </span>, incase of immediate helpfor an application or interview, we can expedite the process to<span>1 working day</span></li>\r\n</ul>','Ready answer guide for interview FAQs',550.00,1,0,4,'1147784691156855932qandans-blue.png',3,NULL,NULL,NULL,1,8),(24,'LinkedIn Diagnostic','2086850500noun_Network_206892_229897.svg',650.00,'<ul>\r\n<li>Understand how to<span> create an impactful LinkedIn profile</span> highlighting your story</li>\r\n<li>Learn how to <span>showcase your internship, projects achievements</span></li>\r\n<li>Ensure that the <span>right set of transferable and domain skills</span> are highlighted</li>\r\n<li>Get an <span>industry expert\'s view</span> of your LinkedIn profile rather than an academic review by placement committee / seniors</li>\r\n<li>This process takes <span>5 working days</span>, in case of <span>immediate help </span>;for an application or interview, we can expedite the process to <span>1 working day</span></li>\r\n</ul>','Showcase your best profile to the corporate world',650.00,1,0,3,'1345924174noun_Network_206892_229897.svg',1,NULL,NULL,NULL,1,9),(25,'Resume Diagnostic','1821577026resume-blue.png',650.00,'<ul>\r\n<li>Understand how to <span>create an impactful Resume</span> highlighting your story</li>\r\n<li>Learn how to <span>showcase your internship, projects and achievements</span></li>\r\n<li>Ensure that the <span> right set of transferable and domain skills</span> are highlighted</li>\r\n<li>Get an <span>industry expert\'s view</span> of your Resume rather than an academic review by placement committee / seniors</li>\r\n<li>This process takes <span>5 working days</span>, in case of <span>immediate help</span> for an application or interview, we can expedite the process to <span>1 working day</span></li>\r\n</ul>','Know your industry quality score and improvement areas',650.00,1,0,3,'268003464resume-blue.png',1,NULL,NULL,NULL,1,10),(27,'#Intern PRO','863209728Internpro-green.png',2000.00,'<ul>\r\n<li>Step by step guidance on how to <span> address different aspects of an internship </span> new reporting manager, new organization and hierarchy</li>\r\n<li><span> Detailed guide and templates </span> to help you through different phases of your internships</li>\r\n<li><span> Weekly interaction sessions</span> with industry experts to help you assess your progress in the internship</li>\r\n<li>The program runs all<span> throughout the 8 or 12 week internship period</span></li>\r\n</ul>','Unlock your best performance in your internship',2000.00,1,0,1,'1628920979InternPRO-Blue.svg',4,NULL,NULL,NULL,1,1),(28,'#Intern ACE','527561065internACE-Green.png',4000.00,'<ul>\r\n<li>An <span> assessment of cognitive and behavioral (EQ/EI) skills</span> to build a student-specific profile in terms of career preparedness</li>\r\n<li>Get a <span> fitment analysis of industry, company and job profile</span> you are the best fit for</li>\r\n<li><span>Build the appropriate resume / CV</span> to meet job profile and tell your story right</li>\r\n<li>Learn how to <span> exhibit best body language</span> and maintain <span>confidence in interviews and GDs</span></li>\r\n<li>Understand how to<span> structure your thoughts and present it well </span> in an interview</li>\r\n<li>The program runs all throughout the application stage and only stops when you <span> secure your internship offer 3 months</span></li>\r\n</ul>','Help you target and crack the right internship',4000.00,1,0,1,'184621254InternACE-Blue.svg',4,NULL,NULL,NULL,1,0),(30,'Mock Interview','706862055noun_interview_544347_229897.png',1000.00,'<ul>\r\n<li>Learn how to<span> exhibit best body language</span> and maintain confidence</li>\r\n<li>Understand how to <span>structure the content and present it well</span></li>\r\n<li>Gain awareness about <span> typical mistakes and pitfalls made in an interview</span></li>\r\n<li>Build the capability to move your <span>interview from an interrogation to a discussion</span></li>\r\n<li>Learn how to navigate and perform in a <span>video / skype interview</span></li>\r\n<li>This process takes <span>3 working days</span>, in case of <span> immediate help</span>; for an application or interview, we can expedite the process to<span> 1 working day</span></li>\r\n</ul>','Make your interview a discussion, not an interrogation',1000.00,1,0,3,'2096844344noun_interview_544347_229897.png',3,NULL,NULL,NULL,1,11),(31,'#Industry Ready','647953242IndustryReady-Blue.svg',3500.00,'<ul>\r\n<li>Have <span>talking points</span> about your industry and company of interest</li>\r\n<li>Ability to <span> deliver trends and insights</span> for a set of companies and the overall industry</li>\r\n<li>Ability to conduct a deep dive on the<span> industry value chain</span> and combine that with <span> demand and supply-side trends</span></li>\r\n<li>Understand the <span> company\'s value proposition</span> and <span> key issues / trends</span> affecting its future growth and potential</li>\r\n<li>This process takes<span> 15 working days</span>, in case of <span> immediate help</span>;for an application or interview, we can expedite the process to<span> 10 working days</span></li>\r\n</ul>','Get talking points about your target industries & companies',2800.00,1,0,2,'936858252IndustryReady-Blue.svg',2,NULL,NULL,NULL,1,6),(32,'#Interview Ready','9682166491388988290interArise_icon.png',1550.00,'<ul>\r\n<li>Learn how to <span>exhibit best body language and maintain confidence</span> in an interview</li>\r\n<li>Understand how to <span> structure the content and present it well</span></li>\r\n<li>Gain awareness about <span> typical mistakes and pitfalls</span></li>\r\n<li>Know the interview questions asked <span> specifically in your dream company</span></li>\r\n<li>This process takes <span> 5 working days</span>, in case of <span> immediate help</span> for an application or interview, we can expedite the process to <span> 1 working day</span></li>\r\n</ul>','Last minute preparation before that dream interview',1250.00,2,0,4,'1388988290interArise_icon.png',3,NULL,NULL,NULL,1,12),(33,'#Career Planning','1871666148noun_career_995426_229897.svg',7000.00,'<ul>\r\n<li>Guide you during your 1st year for as low as<span> Rs. 400 per month</span></li>\r\n<li>Learn <span> how to settle in</span> your new job</li>\r\n<li>Help you <span> better understand</span> the expectations of your<span> reporting manager or boss</span></li>\r\n<li>Help you make an <span> informed decision</span> before<span> switching to new jobs or roles</span></li>\r\n<li>Understand how to <span> survive and connect with people</span> in your initial career</li>\r\n<li>Be prepared for the <span> 1st / 2nd annual appraisal</span></li>\r\n<li>Plan for the<span> next roles and career moves</span></li>\r\n</ul>','Dedicated support for first 12 months @ Work',4800.00,2,0,1,'783948636noun_career_995426_229897.svg',1,NULL,NULL,NULL,1,13),(34,'#Campus 2 Corporate','917842491Campus2Corporate-Blue.svg',7000.00,'<ul>\r\n<li>Combined value of program is Rs. 7,000 <span> special value offer at Rs. 4,900</span></li>\r\n<li>An <span>assessment of cognitive and behavioral (EQ/EI) skills</span> to build a student-specific profile in terms of career preparedness</li>\r\n<li>Debrief sessions to help you <span> analyze and learn from your internship experiences</span></li>\r\n<li>Build the <span> right resume / CV </span> showcase your internship, projects achievements for specific job profiles</li>\r\n<li>Learn how to exhibit best body language and <span> maintain confidence in interview and GD</span></li>\r\n<li>Ability to <span> deliver trends and insights </span> for a set of companies and the overall industry</li>\r\n<li>Ability to <span>conduct a deep dive on the industry value chain </span> and combine that with <span> demand and supply-side trends </span></li>\r\n<li>The program runs all <span> throughout the job application process </span> from career selection to securing your job offer 6 months</li>\r\n</ul>','Personalized program to crack final placements',4900.00,0,0,1,'1426758218Campus2Corporate-Blue.svg',NULL,NULL,NULL,NULL,1,14);
/*!40000 ALTER TABLE `products` ENABLE KEYS */;
UNLOCK TABLES;

--
-- Table structure for table `success_story`
--

DROP TABLE IF EXISTS `success_story`;
/*!40101 SET @saved_cs_client     = @@character_set_client */;
/*!40101 SET character_set_client = utf8 */;
CREATE TABLE `success_story` (
  `id` int(11) NOT NULL AUTO_INCREMENT,
  `type` int(11) NOT NULL,
  `sub_type` int(11) NOT NULL,
  `college_or_company` varchar(255) NOT NULL,
  `author` varchar(255) NOT NULL,
  `course` varchar(255) NOT NULL,
  `video_url` varchar(255) NOT NULL,
  PRIMARY KEY (`id`)
) ENGINE=InnoDB AUTO_INCREMENT=17 DEFAULT CHARSET=latin1;
/*!40101 SET character_set_client = @saved_cs_client */;

--
-- Dumping data for table `success_story`
--

LOCK TABLES `success_story` WRITE;
/*!40000 ALTER TABLE `success_story` DISABLE KEYS */;
INSERT INTO `success_story` VALUES (3,2,1,'LBSIM','Eight ways to cover different aspects of internship - Divya Singla','MBA 2017-19 ','https://www.youtube.com/embed/c-rPxDfvZ2I'),(4,2,1,'DSE HR','It\'s a complete package for any student who wants overall corporate development - Sonali Rai','MBA 2017-19','https://www.youtube.com/embed/768s1spmWbs'),(5,2,1,'DSE HR','Career is both a Sprint and a Marathon - Divyanshu Chandola','MBA 2017-19','https://www.youtube.com/embed/Yp4ShoVub78'),(9,2,3,'IMI','MBAtrek was motivational, informative and enriching - IMI Batch 2018-20','MBA 2018-20','https://www.youtube.com/embed/2gS6s9cGVbg'),(10,2,3,'DSE HR','My MBA journey began with an enriching session by MBAtrek in the Induction Process - Priyadarshini','MBA 2018-20','https://www.youtube.com/embed/I-vS5DMHARw'),(11,2,3,'DSE HR','The only person who can make you successful is you and yourself - Gaurav Kumar, Corporate Relations Team','MBA 2018-20','https://www.youtube.com/embed/Z1TBfPAi2QA'),(12,2,2,'FSM','Methodology of MBAtrek is really systematic and focused on an individual\'s strengths and weaknesses - Deepanjan Sinha','MBA 2016-18','https://www.youtube.com/embed/-FqI2KIfEAw'),(13,2,2,'FSM','I know they are always there for any advice that I need for my entire career - Karan Girotra','MBA 2016-18','https://www.youtube.com/embed/ZcOnKeriXKE'),(14,2,2,'FSM','Helped me in understanding what the interviewers want and what the companies look in a profile of an individual - Saad Farees','MBA 2016-18','https://www.youtube.com/embed/Q1cyXljlQ5k'),(15,2,2,'FSM','They help you find an area of expertise and interest based on your personal educational background, personality and experience - Shubham Singhai','MBA 2016-18','https://www.youtube.com/embed/mb2lf4wfQuw'),(16,2,2,'FSM','It was way beyond my expectations and this company helped me a lot in preparing for my final placements - Vipul Dixit','MBA 2016-18','https://www.youtube.com/embed/rkxl0px9AtQ');
/*!40000 ALTER TABLE `success_story` ENABLE KEYS */;
UNLOCK TABLES;

--
-- Table structure for table `talk_to_advisory`
--

DROP TABLE IF EXISTS `talk_to_advisory`;
/*!40101 SET @saved_cs_client     = @@character_set_client */;
/*!40101 SET character_set_client = utf8 */;
CREATE TABLE `talk_to_advisory` (
  `id` int(11) NOT NULL AUTO_INCREMENT,
  `name` varchar(255) NOT NULL,
  `email` varchar(255) NOT NULL,
  `message` text NOT NULL,
  `institute` varchar(255) DEFAULT NULL,
  `area` varchar(255) NOT NULL,
  `date` date DEFAULT NULL,
  PRIMARY KEY (`id`),
  KEY `institute` (`institute`)
) ENGINE=InnoDB DEFAULT CHARSET=latin1;
/*!40101 SET character_set_client = @saved_cs_client */;

--
-- Dumping data for table `talk_to_advisory`
--

LOCK TABLES `talk_to_advisory` WRITE;
/*!40000 ALTER TABLE `talk_to_advisory` DISABLE KEYS */;
/*!40000 ALTER TABLE `talk_to_advisory` ENABLE KEYS */;
UNLOCK TABLES;

--
-- Table structure for table `users_new`
--

DROP TABLE IF EXISTS `users_new`;
/*!40101 SET @saved_cs_client     = @@character_set_client */;
/*!40101 SET character_set_client = utf8 */;
CREATE TABLE `users_new` (
  `id` int(11) NOT NULL AUTO_INCREMENT,
  `full_name` varchar(255) NOT NULL,
  `email` varchar(255) NOT NULL,
  `password` varchar(255) NOT NULL,
  `mobile_number` varchar(255) DEFAULT NULL,
  `update_subscription` int(11) NOT NULL DEFAULT '0',
  `is_verified` int(11) NOT NULL,
  `date_created` datetime NOT NULL,
  `role` int(11) NOT NULL DEFAULT '0',
  `name_of_college_company` varchar(255) DEFAULT NULL,
  PRIMARY KEY (`id`),
  UNIQUE KEY `Unique` (`email`)
) ENGINE=InnoDB AUTO_INCREMENT=58 DEFAULT CHARSET=latin1;
/*!40101 SET character_set_client = @saved_cs_client */;

--
-- Dumping data for table `users_new`
--

LOCK TABLES `users_new` WRITE;
/*!40000 ALTER TABLE `users_new` DISABLE KEYS */;
INSERT INTO `users_new` VALUES (1,'Priyank Saini','priyanksaini20100@gmail.com','admin',NULL,0,1,'2018-08-11 12:19:20',1,NULL),(2,'Administrator','admin@mbatrek.com','admin','9810007333',0,1,'2018-08-11 16:39:46',0,NULL),(5,'pr pr','pr@pr.com','admin',NULL,0,1,'2018-08-13 11:16:48',1,NULL),(20,'ayushi','ayushig1908@gmail.com','ayushi',NULL,0,1,'2018-10-24 08:57:28',1,NULL),(23,'Rahul Jain','rahul.j18@mhrod.in','rahull','9311184588',0,1,'2018-11-13 10:20:36',1,NULL),(24,'priyank saini','priyanksaini201011@gmail.com','12345678a',NULL,1,0,'2018-11-16 12:23:07',2,NULL),(37,'Ayushi','ayushibbd19@gmail.com','ayushi123','9599397959',0,1,'2018-12-11 10:08:48',1,'jaypee'),(46,'priyank saini','workspace.priyank.saini@gmail.com','qw123pop',NULL,0,1,'2018-12-22 10:34:11',1,'SITE'),(51,'Surbhi Singhal','surbhi19872105@gmail.com','qw123pop',NULL,0,1,'2019-01-03 09:26:08',1,'SD Engineering Colllege, Muzzafarnagar'),(53,'Rahul Jain','rahuljain1.du@gmail.com','qwer1234',NULL,0,1,'2019-01-07 11:31:32',1,'123'),(54,'Ayushi','ca2@mbatrek.com','ayushi1234','9599307959',0,1,'2019-01-09 10:18:24',1,'jaypee'),(55,'Dhruva Gupta','dhruva.g20@mhrod.in','Krishna@789','9560705227',1,1,'2019-01-23 09:15:06',1,'Delhi School of Economics'),(56,'priyank saini','priyanksaini2010@gmail.com','#qw123pop','9540186565',1,1,'2019-01-25 06:14:40',1,'SITE'),(57,'Abhishek Srivastava','srivastav.abhishek@gmail.com','Presari@1','8800466800',1,1,'2019-01-26 12:46:59',1,'TEST');
/*!40000 ALTER TABLE `users_new` ENABLE KEYS */;
UNLOCK TABLES;

--
-- Table structure for table `videos`
--

DROP TABLE IF EXISTS `videos`;
/*!40101 SET @saved_cs_client     = @@character_set_client */;
/*!40101 SET character_set_client = utf8 */;
CREATE TABLE `videos` (
  `id` int(11) NOT NULL AUTO_INCREMENT,
  `type` int(11) NOT NULL,
  `title` varchar(255) NOT NULL,
  `content` text NOT NULL,
  `youtube_video_link` text NOT NULL,
  `date_created` datetime NOT NULL,
  `date_updated` datetime NOT NULL,
  PRIMARY KEY (`id`)
) ENGINE=InnoDB AUTO_INCREMENT=5 DEFAULT CHARSET=latin1;
/*!40101 SET character_set_client = @saved_cs_client */;

--
-- Dumping data for table `videos`
--

LOCK TABLES `videos` WRITE;
/*!40000 ALTER TABLE `videos` DISABLE KEYS */;
INSERT INTO `videos` VALUES (2,1,'#InterviewReady Series - Tip #3','Understand how to communicate your pitch to companies in your resume / interview. Separate the \'I\' from \'We\'.','<iframe width=\"560\" height=\"315\" src=\"https://www.youtube.com/embed/_6Q7aGF6V5Y\" frameborder=\"0\" allow=\"accelerometer; autoplay; encrypted-media; gyroscope; picture-in-picture\" allowfullscreen></iframe>','0000-00-00 00:00:00','2018-11-13 01:46:20'),(3,1,'#InterviewReady Series - Tip #2','Get Your Story Right for What? Run a detailed analyses of the industry, company and job role that you would want to work in.','<iframe width=\"560\" height=\"315\" src=\"https://www.youtube.com/embed/THkYLBnHDfY\" frameborder=\"0\" allow=\"accelerometer; autoplay; encrypted-media; gyroscope; picture-in-picture\" allowfullscreen></iframe>','0000-00-00 00:00:00','2018-11-13 01:45:36'),(4,1,'#InterviewReady Series - Tip #1','Get Your Story Right. Make sure that your Resume / CV and Interviews accurately depict your previous work and internship experiences.','<iframe width=\"560\" height=\"315\" src=\"https://www.youtube.com/embed/uo1WOOQJArE\" frameborder=\"0\" allow=\"accelerometer; autoplay; encrypted-media; gyroscope; picture-in-picture\" allowfullscreen></iframe>','2018-11-04 12:41:37','2018-11-13 01:44:41');
/*!40000 ALTER TABLE `videos` ENABLE KEYS */;
UNLOCK TABLES;

--
-- Table structure for table `year_of_graduation`
--

DROP TABLE IF EXISTS `year_of_graduation`;
/*!40101 SET @saved_cs_client     = @@character_set_client */;
/*!40101 SET character_set_client = utf8 */;
CREATE TABLE `year_of_graduation` (
  `id` int(11) NOT NULL AUTO_INCREMENT,
  `year` varchar(255) NOT NULL,
  `sortOrder` int(11) NOT NULL DEFAULT '0',
  PRIMARY KEY (`id`)
) ENGINE=InnoDB AUTO_INCREMENT=5 DEFAULT CHARSET=latin1;
/*!40101 SET character_set_client = @saved_cs_client */;

--
-- Dumping data for table `year_of_graduation`
--

LOCK TABLES `year_of_graduation` WRITE;
/*!40000 ALTER TABLE `year_of_graduation` DISABLE KEYS */;
INSERT INTO `year_of_graduation` VALUES (1,'2020',1),(2,'2019',0),(3,'2021',2),(4,'2022',3);
/*!40000 ALTER TABLE `year_of_graduation` ENABLE KEYS */;
UNLOCK TABLES;
/*!40103 SET TIME_ZONE=@OLD_TIME_ZONE */;

/*!40101 SET SQL_MODE=@OLD_SQL_MODE */;
/*!40014 SET FOREIGN_KEY_CHECKS=@OLD_FOREIGN_KEY_CHECKS */;
/*!40014 SET UNIQUE_CHECKS=@OLD_UNIQUE_CHECKS */;
/*!40101 SET CHARACTER_SET_CLIENT=@OLD_CHARACTER_SET_CLIENT */;
/*!40101 SET CHARACTER_SET_RESULTS=@OLD_CHARACTER_SET_RESULTS */;
/*!40101 SET COLLATION_CONNECTION=@OLD_COLLATION_CONNECTION */;
/*!40111 SET SQL_NOTES=@OLD_SQL_NOTES */;

-- Dump completed on 2019-01-27  0:48:28
