-- MySQL dump 10.13  Distrib 5.6.39, for Linux (x86_64)
--
-- Host: localhost    Database: mbatrek_v2
-- ------------------------------------------------------
-- Server version	5.6.39-cll-lve

/*!40101 SET @OLD_CHARACTER_SET_CLIENT=@@CHARACTER_SET_CLIENT */;
/*!40101 SET @OLD_CHARACTER_SET_RESULTS=@@CHARACTER_SET_RESULTS */;
/*!40101 SET @OLD_COLLATION_CONNECTION=@@COLLATION_CONNECTION */;
/*!40101 SET NAMES utf8 */;
/*!40103 SET @OLD_TIME_ZONE=@@TIME_ZONE */;
/*!40103 SET TIME_ZONE='+00:00' */;
/*!40014 SET @OLD_UNIQUE_CHECKS=@@UNIQUE_CHECKS, UNIQUE_CHECKS=0 */;
/*!40014 SET @OLD_FOREIGN_KEY_CHECKS=@@FOREIGN_KEY_CHECKS, FOREIGN_KEY_CHECKS=0 */;
/*!40101 SET @OLD_SQL_MODE=@@SQL_MODE, SQL_MODE='NO_AUTO_VALUE_ON_ZERO' */;
/*!40111 SET @OLD_SQL_NOTES=@@SQL_NOTES, SQL_NOTES=0 */;

--
-- Table structure for table `banners`
--

DROP TABLE IF EXISTS `banners`;
/*!40101 SET @saved_cs_client     = @@character_set_client */;
/*!40101 SET character_set_client = utf8 */;
CREATE TABLE `banners` (
  `id` int(11) NOT NULL AUTO_INCREMENT,
  `image` varchar(1555) NOT NULL,
  PRIMARY KEY (`id`)
) ENGINE=InnoDB AUTO_INCREMENT=4 DEFAULT CHARSET=latin1;
/*!40101 SET character_set_client = @saved_cs_client */;

--
-- Dumping data for table `banners`
--

LOCK TABLES `banners` WRITE;
/*!40000 ALTER TABLE `banners` DISABLE KEYS */;
INSERT INTO `banners` VALUES (2,'7114913363.jpg'),(3,'2924357421.jpg');
/*!40000 ALTER TABLE `banners` ENABLE KEYS */;
UNLOCK TABLES;

--
-- Table structure for table `blog_category`
--

DROP TABLE IF EXISTS `blog_category`;
/*!40101 SET @saved_cs_client     = @@character_set_client */;
/*!40101 SET character_set_client = utf8 */;
CREATE TABLE `blog_category` (
  `id` int(11) NOT NULL,
  `name` varchar(255) NOT NULL,
  PRIMARY KEY (`id`)
) ENGINE=InnoDB DEFAULT CHARSET=latin1;
/*!40101 SET character_set_client = @saved_cs_client */;

--
-- Dumping data for table `blog_category`
--

LOCK TABLES `blog_category` WRITE;
/*!40000 ALTER TABLE `blog_category` DISABLE KEYS */;
INSERT INTO `blog_category` VALUES (0,'Placement'),(1,'Soft Skills');
/*!40000 ALTER TABLE `blog_category` ENABLE KEYS */;
UNLOCK TABLES;

--
-- Table structure for table `blogs`
--

DROP TABLE IF EXISTS `blogs`;
/*!40101 SET @saved_cs_client     = @@character_set_client */;
/*!40101 SET character_set_client = utf8 */;
CREATE TABLE `blogs` (
  `id` int(11) NOT NULL AUTO_INCREMENT,
  `blog_category_id` int(11) NOT NULL,
  `type` int(11) NOT NULL,
  `title` varchar(255) NOT NULL,
  `content` text NOT NULL,
  `author` varchar(255) NOT NULL,
  `background_image` varchar(255) NOT NULL,
  `banner_image` varchar(255) NOT NULL,
  `date_created` datetime NOT NULL,
  `date_updated` datetime NOT NULL,
  PRIMARY KEY (`id`),
  KEY `blog_category_id` (`blog_category_id`)
) ENGINE=InnoDB AUTO_INCREMENT=3 DEFAULT CHARSET=latin1;
/*!40101 SET character_set_client = @saved_cs_client */;

--
-- Dumping data for table `blogs`
--

LOCK TABLES `blogs` WRITE;
/*!40000 ALTER TABLE `blogs` DISABLE KEYS */;
INSERT INTO `blogs` VALUES (2,1,1,'CHASE','<p style=\"box-sizing: border-box; font-size: 21px; font-family: \'Source Serif Pro\', serif; color: rgba(0, 0, 0, 0.7); line-height: 32px; margin: 3.2rem 0px; background: transparent; padding: 0px; border: 0px; font-variant-numeric: inherit; font-stretch: inherit; vertical-align: baseline; outline: 0px;\"><span style=\"box-sizing: border-box; font-size: large;\">Why do employers prefer one candidate over others? Why do some people &ldquo;miss the right train&rdquo; in their career? Why do some employees become indispensable to their companies? In an attempt to find answers to these questions, team MBAtrek identified some core values which make certain individuals stand out- Character, Hope, Attitude, Skills &amp; Enthusiasm.</span></p>\r\n<p style=\"box-sizing: border-box; font-size: 21px; font-family: \'Source Serif Pro\', serif; color: rgba(0, 0, 0, 0.7); line-height: 32px; margin: 3.2rem 0px; background: transparent; padding: 0px; border: 0px; font-variant-numeric: inherit; font-stretch: inherit; vertical-align: baseline; outline: 0px;\"><span style=\"box-sizing: border-box; font-size: large;\">Now, we were curious to determine which one of them is of utmost importance to an employer while recruiting. We did a short survey of a few professionals in leadership positions across multiple industries with 10- 25 years of experience. Our respondents have been hiring MBA graduates and engineers for years. The aim here was to ascertain which of these core values desired in a prospective employee is rated topmost by people at hiring positions.</span></p>\r\n<p style=\"box-sizing: border-box; font-size: 21px; font-family: \'Source Serif Pro\', serif; color: rgba(0, 0, 0, 0.7); line-height: 32px; margin: 3.2rem 0px; background: transparent; padding: 0px; border: 0px; font-variant-numeric: inherit; font-stretch: inherit; vertical-align: baseline; outline: 0px;\"><span style=\"box-sizing: border-box; font-size: large;\">Our findings suggested that,</span></p>\r\n<ul style=\"box-sizing: border-box; padding: 0px; margin: 3.2rem 0px; background: transparent; border: 0px; font-variant-numeric: inherit; font-stretch: inherit; line-height: 32px; font-family: \'Source Serif Pro\', serif; font-size: 21px; vertical-align: baseline; list-style-position: initial; list-style-image: initial; outline: 0px; color: rgba(0, 0, 0, 0.7);\">\r\n<li style=\"box-sizing: border-box; margin: 2.4rem 0px 2.4rem 3.2rem; padding: 0px; border: 0px; font-style: inherit; font-variant: inherit; font-weight: inherit; font-stretch: inherit; line-height: inherit; font-family: inherit; vertical-align: baseline; outline: 0px; background: transparent;\"><span style=\"box-sizing: border-box; font-size: large;\">unanimously, Attitude and Character were rated the highest, followed by Hope &amp; enthusiasm, Knowledge, and Skill, in the same order.</span></li>\r\n<li style=\"box-sizing: border-box; margin: 2.4rem 0px 2.4rem 3.2rem; padding: 0px; border: 0px; font-style: inherit; font-variant: inherit; font-weight: inherit; font-stretch: inherit; line-height: inherit; font-family: inherit; vertical-align: baseline; outline: 0px; background: transparent;\"><span style=\"box-sizing: border-box; font-size: large;\">Hence concluding, with the right attitude and strength in character, the skill and knowledge can be attained over time.</span></li>\r\n<li style=\"box-sizing: border-box; margin: 2.4rem 0px 2.4rem 3.2rem; padding: 0px; border: 0px; font-style: inherit; font-variant: inherit; font-weight: inherit; font-stretch: inherit; line-height: inherit; font-family: inherit; vertical-align: baseline; outline: 0px; background: transparent;\"><span style=\"box-sizing: border-box; font-size: large;\">Moreover, skill and knowledge are developed and learned by everyone through formal education, but what makes one class-apart is the right Attitude and Character.</span></li>\r\n</ul>\r\n<p style=\"box-sizing: border-box; font-size: 21px; font-family: \'Source Serif Pro\', serif; color: rgba(0, 0, 0, 0.7); line-height: 32px; margin: 3.2rem 0px; background: transparent; padding: 0px; border: 0px; font-variant-numeric: inherit; font-stretch: inherit; vertical-align: baseline; outline: 0px;\"><span style=\"box-sizing: border-box; font-size: large;\">We would like to personally thank all the people who took out time to participate and make this survey possible.</span></p>','Alok Srivastava','1387847327mba_logo.png','1916227829chase.png','2018-11-13 02:01:35','2018-11-22 04:15:48');
/*!40000 ALTER TABLE `blogs` ENABLE KEYS */;
UNLOCK TABLES;

--
-- Table structure for table `ca_faq`
--

DROP TABLE IF EXISTS `ca_faq`;
/*!40101 SET @saved_cs_client     = @@character_set_client */;
/*!40101 SET character_set_client = utf8 */;
CREATE TABLE `ca_faq` (
  `id` int(11) NOT NULL AUTO_INCREMENT,
  `type` int(11) DEFAULT '1',
  `question` text NOT NULL,
  `answer` text NOT NULL,
  PRIMARY KEY (`id`),
  KEY `type` (`type`),
  CONSTRAINT `ca_faq_ibfk_1` FOREIGN KEY (`type`) REFERENCES `ca_faq_type` (`id`)
) ENGINE=InnoDB AUTO_INCREMENT=29 DEFAULT CHARSET=latin1;
/*!40101 SET character_set_client = @saved_cs_client */;

--
-- Dumping data for table `ca_faq`
--

LOCK TABLES `ca_faq` WRITE;
/*!40000 ALTER TABLE `ca_faq` DISABLE KEYS */;
INSERT INTO `ca_faq` VALUES (1,1,'Who is a career adviser','The career adviser will act as a life-coach for the students and will help them in solving their issues in the best possible manner.'),(2,1,'Does MBAtrek provide Placement Guarantee','MBAtrek is not a placement agency so it cannot guarantee placements and it believes that no one can guarantee it but can prepare the students in such a way that they have an edge over others in the placement process'),(3,1,'How MBAtrek will help the students','MBAtrek will provide the students with a global curriculum, practical knowledge, problem-solving skills and thus making the student Industry Ready and Relevant. Our expert team will enable the students to become an effective and efficient Executive in no time.'),(4,1,'Can students visit the office for any queries faced during the program','Yes, MBAtrek is like a second home for the students and the students can anytime approach the company\'s office for any query.'),(5,1,'What is there for a student when the course is over','This course will create a lifelong impact in students life making them Industry Ready and Relevant.\r\nStudents can anytime after the course ask their queries and can be connected to our Industry Links.'),(6,1,'Does MBAtrek provide any certification for the program to the students','No, we believe that certification cannot prove your skills. It is the knowledge which student carries and the way he conducts. That know-how is what MBAtrek will teach students by practical application and not by certification.'),(8,1,'How MBAtrek will deliver its objective','There are series of simulation games, skill test, classes, practical examples, live projects, internships and much more that helps MBAtrek in delivering the objective.'),(9,1,'How is the performance of students measured and evaluated','Each student is allotted a career advisor which acts as a mentor for his query handling and evaluation apart from this there are tests, case studies, webinar etc that helps in evaluation of students performance.'),(11,1,'How can I get my Institute registered','You just need to register your institute in our website after which MBAtrek representative will give you a call for further process and detailing.'),(12,1,'Will MBAtrek help the Institutes in increasing placement record','MBAtrek is not a placement agency but yes we assure that there will be a positive impact on students thought and an increase in their skillset which will ultimately lead to an increase in placement record.'),(15,3,'What is \'One Point Contact\'\r\n','One point contact is a medium through which we can maintain our never ending relationship via mail. All the discussions, query handling, Institute discussions and fixing of meetings will be done through this contact \r\n'),(16,3,'Is there any cost involved in the process to be bore by me\r\n','No, we believe in improving employability and skills. Thus, MBAtrek will take all necessary steps to connect Industry with the Institutes and students \r\n'),(17,3,'How do I modify a vacancy already posted by me\r\n','You can anytime write to us and our team will modify all our posted vacancies-Internships, Live Projects, Placements etc.\r\n'),(18,3,'How can I keep a track on posting activity for my account\r\n','Our team will timely notify you on your posted applications through your \'One Point Contact\'\r\n'),(19,3,'How do I view the applications/responses received for the vacancy that I have posted\r\n','Our team will timely notify you on your posted applications through your \'One Point Contact\'\r\n'),(20,3,'Can I enter multiple jobs\r\n','Yes, one can enter as many jobs as they want\r\n'),(21,3,'Is there any time frame for posting any vacancy\r\n','No, there is no assigned time for your postings. However, availability of students depends on their respective Institute\r\n'),(22,3,'Is my profile visible to all\r\n','MBAtrek believes in high security standards and therefore your credentials will be visible to you and our team\r\n'),(23,3,'What if I have a problem with one of the candidate sent by your company(MBAtrek)\r\n','We will regularly monitor the hire to ensure better efficiency.But,if in case it happens,you can directly write to us \r\n'),(24,2,'What is \'One Point Contact\'','One point contact is a medium through which we can maintain our never ending relationship via email. All the discussions related to Institute, Students and Industry will be done through this contact.'),(25,2,'How to partner with MBAtrek','Register your Institute from our website after which one of our career advisors will get back to you for the further discussions.'),(26,2,'What is the course fees which Institute need to pay to partner with MBAtrek','All the discussion regarding the fees will be decided through one to one discussion since we customize our modules according to the need and requirement of the Institute.\r\n'),(27,2,'Will MBAtrek guarantee Placement of our students','MBAtrek does not guarantee placement but we assure you that our program is an end to end solution which will definitely make students Industry Ready & Relevant leading to an increase in placement trend.\r\nWe will definitely assist you on-campus in any placement support you require from us.\r\n'),(28,1,'Test','Test');
/*!40000 ALTER TABLE `ca_faq` ENABLE KEYS */;
UNLOCK TABLES;

--
-- Table structure for table `ca_faq_type`
--

DROP TABLE IF EXISTS `ca_faq_type`;
/*!40101 SET @saved_cs_client     = @@character_set_client */;
/*!40101 SET character_set_client = utf8 */;
CREATE TABLE `ca_faq_type` (
  `id` int(11) NOT NULL AUTO_INCREMENT,
  `name` varchar(255) NOT NULL,
  PRIMARY KEY (`id`)
) ENGINE=InnoDB AUTO_INCREMENT=5 DEFAULT CHARSET=latin1;
/*!40101 SET character_set_client = @saved_cs_client */;

--
-- Dumping data for table `ca_faq_type`
--

LOCK TABLES `ca_faq_type` WRITE;
/*!40000 ALTER TABLE `ca_faq_type` DISABLE KEYS */;
INSERT INTO `ca_faq_type` VALUES (1,'Program'),(2,'Rewards'),(3,'Tasks');
/*!40000 ALTER TABLE `ca_faq_type` ENABLE KEYS */;
UNLOCK TABLES;

--
-- Table structure for table `campus_ambassador`
--

DROP TABLE IF EXISTS `campus_ambassador`;
/*!40101 SET @saved_cs_client     = @@character_set_client */;
/*!40101 SET character_set_client = utf8 */;
CREATE TABLE `campus_ambassador` (
  `id` int(11) NOT NULL AUTO_INCREMENT,
  `first_name` varchar(255) NOT NULL,
  `last_name` varchar(255) NOT NULL,
  `mobile_number` varchar(255) NOT NULL,
  `email_id` varchar(255) NOT NULL,
  `college_id` int(11) NOT NULL,
  `course_id` int(11) NOT NULL,
  `year_of_graduation_id` int(11) NOT NULL,
  `question_1` text NOT NULL,
  `question_2` text NOT NULL,
  `question_3` text,
  `registeration_date` datetime NOT NULL,
  `name_of_college` varchar(255) DEFAULT NULL,
  `name_of_course` varchar(255) DEFAULT NULL,
  PRIMARY KEY (`id`),
  KEY `email_id` (`email_id`),
  KEY `college_id` (`college_id`),
  KEY `course_id` (`course_id`),
  KEY `year_of_graduation_id` (`year_of_graduation_id`),
  CONSTRAINT `campus_ambassador_ibfk_1` FOREIGN KEY (`college_id`) REFERENCES `colleges` (`id`) ON DELETE CASCADE ON UPDATE CASCADE,
  CONSTRAINT `campus_ambassador_ibfk_2` FOREIGN KEY (`course_id`) REFERENCES `courses` (`id`) ON DELETE CASCADE ON UPDATE CASCADE,
  CONSTRAINT `campus_ambassador_ibfk_3` FOREIGN KEY (`year_of_graduation_id`) REFERENCES `year_of_graduation` (`id`) ON DELETE CASCADE ON UPDATE CASCADE
) ENGINE=InnoDB AUTO_INCREMENT=32 DEFAULT CHARSET=latin1;
/*!40101 SET character_set_client = @saved_cs_client */;

--
-- Dumping data for table `campus_ambassador`
--

LOCK TABLES `campus_ambassador` WRITE;
/*!40000 ALTER TABLE `campus_ambassador` DISABLE KEYS */;
INSERT INTO `campus_ambassador` VALUES (1,'priyank','saini','09540186565','priyanksaini2010@gmail.com',1,1,1,'dfsdf','sdfsdf','sdfsdf','2018-10-24 07:58:13',NULL,NULL),(2,'Priyank','saini','09540186565','priyanksaini2010@gmail.com',1,1,1,'adasdasf as assd a',' afadf fda ff asf asf',' fasfasf a faf a','2018-10-24 08:20:40',NULL,NULL),(3,'priyank','saini','234234','priyanksaini2010@gmail.com',1,1,1,'sdfs f sdf sf sd ','f sfdf fsd sfd d fss ','dfsd fsd fsd f','2018-10-24 06:25:05',NULL,NULL),(4,'sfda','asfd','8485444581','sfasfs@gmial.com',1,1,1,'fdasdf','asdfa','asdf','2018-10-24 09:07:29',NULL,NULL),(5,'Rahul','Jain','9311184588','ca3@mbatrek.com',1,1,1,'asdfgh','qwerty','qazwsxedc','2018-10-24 09:36:03',NULL,NULL),(6,'Abhishek','Srivastava','8800466800','srivastav.abhishek@gmail.com',1,1,1,'TEST','TEST','TEST','2018-10-24 11:09:43',NULL,NULL),(7,'ayushi','gupta','7042085845','ayushibbd19@gmail.com',1,1,1,'kslkhjxhgcgfsxgf','lajhkjsxgcxgVn,mm,.../,?','mazznbvsgxc','2018-10-26 04:35:23',NULL,NULL),(8,'Rahul','Jain','9311184588','ca3@mbatrek.com',1,1,1,'123e4','234','234','2018-10-29 04:37:34',NULL,NULL),(9,'Rahul','Jain','9311184588','ca3@mbatrek.com',1,1,1,'123456','12345','','2018-10-29 06:35:39',NULL,NULL),(10,'Rahul','Jain','9311184588','ca3@mbatrek.com',1,1,1,'75u6wjtuf','2WEAD','3riukqufk','2018-10-29 06:37:52',NULL,NULL),(11,'kiuytr','j','yhtgjh','hjgqmhng@hjgb.com',1,1,3,'hgf','ngbfv','ngb','2018-10-30 02:25:18',NULL,NULL),(12,'R','j','12','12@12.com',1,1,1,'qw','qw','qw','2018-11-01 10:29:19',NULL,NULL),(13,'xcvzcx','zxvczcx','zxcvzxcv','abc@mbatrek.com',1,1,1,'sadfa','dfafs','sdfds','2018-11-05 04:49:30',NULL,NULL),(14,'Rahul','Jain','9311184588','ca3@mbatrek.com',1,1,1,'1234','2345','','2018-11-05 08:23:45',NULL,NULL),(15,'a','a','7042085845','ayushibbd192@gmail.com',1,1,1,'a','a','a','2018-11-05 08:35:27',NULL,NULL),(16,'A`','A','Aeserrsdfsd','srivastav.abhishek@gmail.com',2,2,2,'TES','TEST','Check','2018-11-13 12:04:37','Test','Tes'),(17,'A`','A','Aeserrsdfsd','srivastav.abhishek@gmail.com',2,2,2,'TEST','TEST','Check','2018-11-13 12:06:15','Test','Tes'),(18,'A`','A','Aeserrsdfsd','srivastav.abhishek@gmail.com',2,2,2,'TEST','TEST','Check','2018-11-13 12:06:17','Test','Tes'),(19,'asdf','asfda','asdfa','sfda@gmail.com',1,1,2,'asdfafd','asfdasf','asdfa','2018-11-13 02:12:26','',''),(20,'Rahul','Jain','9311184588','ca3@mbatrek.com',2,2,3,'`123','123','123','2018-11-14 09:54:55','1234college','1234course'),(21,'safafd','asfdasf','1234567890','asdfasf@gmail.com',1,1,1,'sfd','dfasdf','asdf','2018-11-14 03:20:20','',''),(22,'a','a','7042085845','ayushibbd192@gmail.com',1,1,1,'a','a','a','2018-11-16 10:05:06','',''),(23,'Rahul','Jain','9311184588','ca3@mbatrek.com',2,2,2,'123','123','','2018-11-16 10:36:18','dse','mba'),(24,'ayushi','a','7042085845','ayushibbd192@gmail.com',2,2,2,'a','a','a','2018-11-16 06:06:31','amity','bba'),(25,'adfasf','asdfa','9812214822','sdf@gmail.com',1,1,2,'asfsda','asdf','asdf','2018-11-19 08:50:59','',''),(26,'asfdaf','asdfasf','9812214822','sdf@gmail.com',1,1,2,'sfdas','asfd','asdf','2018-11-19 08:53:19','',''),(27,'a','a','7042085845','ayushibbd192@gmail.com',1,1,1,'aa','a','a','2018-11-20 09:55:08','',''),(28,'Rahul','Jain','9311184588','ca3@mbatrek.com',1,1,2,'asdf','wrtfh','srdhxnv','2018-11-20 10:17:06','',''),(29,'Rahul','Jain','9311184588','ca3@mbatrek.com',1,1,2,'qwe','wer','','2018-11-21 10:54:50','',''),(30,'Rahul','Jain','9311184588','ca3@mbatrek.com',1,1,2,'qwew2rtdrufti7ghuigykuftyjthrg','reqwathrdyjkyliuoktjyrhtegrwfedf','grethjykulio;ligykftmhndgbsfv','2018-11-21 10:57:04','',''),(31,'a','a','7042085845','ayushibbd192@gmail.com',1,1,2,'a','a','a','2018-11-21 04:34:01','','');
/*!40000 ALTER TABLE `campus_ambassador` ENABLE KEYS */;
UNLOCK TABLES;

--
-- Table structure for table `cart`
--

DROP TABLE IF EXISTS `cart`;
/*!40101 SET @saved_cs_client     = @@character_set_client */;
/*!40101 SET character_set_client = utf8 */;
CREATE TABLE `cart` (
  `id` int(11) NOT NULL AUTO_INCREMENT,
  `user_id` int(11) NOT NULL,
  `product_id` int(11) NOT NULL,
  `date_created` datetime NOT NULL,
  `status` int(11) NOT NULL,
  PRIMARY KEY (`id`),
  KEY `user_id` (`user_id`),
  KEY `product_id` (`product_id`),
  CONSTRAINT `cart_ibfk_1` FOREIGN KEY (`user_id`) REFERENCES `users_new` (`id`) ON DELETE CASCADE ON UPDATE CASCADE,
  CONSTRAINT `cart_ibfk_2` FOREIGN KEY (`product_id`) REFERENCES `products` (`id`) ON DELETE CASCADE ON UPDATE CASCADE
) ENGINE=InnoDB AUTO_INCREMENT=120 DEFAULT CHARSET=latin1;
/*!40101 SET character_set_client = @saved_cs_client */;

--
-- Dumping data for table `cart`
--

LOCK TABLES `cart` WRITE;
/*!40000 ALTER TABLE `cart` DISABLE KEYS */;
INSERT INTO `cart` VALUES (73,22,30,'2018-11-19 07:48:57',1),(101,23,17,'2018-11-20 06:22:20',1),(102,23,32,'2018-11-20 06:22:50',1),(111,21,23,'2018-11-21 12:35:37',1),(118,2,18,'2018-11-22 05:38:00',1),(119,2,28,'2018-11-23 06:42:34',1);
/*!40000 ALTER TABLE `cart` ENABLE KEYS */;
UNLOCK TABLES;

--
-- Table structure for table `cart_ip`
--

DROP TABLE IF EXISTS `cart_ip`;
/*!40101 SET @saved_cs_client     = @@character_set_client */;
/*!40101 SET character_set_client = utf8 */;
CREATE TABLE `cart_ip` (
  `id` int(11) NOT NULL AUTO_INCREMENT,
  `ip` varchar(255) NOT NULL,
  `product_id` int(11) NOT NULL,
  `date_created` datetime NOT NULL,
  `status` int(11) NOT NULL,
  PRIMARY KEY (`id`),
  KEY `ip` (`ip`),
  KEY `product_id` (`product_id`),
  CONSTRAINT `cart_ip_ibfk_1` FOREIGN KEY (`product_id`) REFERENCES `products` (`id`) ON DELETE CASCADE ON UPDATE CASCADE
) ENGINE=InnoDB AUTO_INCREMENT=4 DEFAULT CHARSET=latin1;
/*!40101 SET character_set_client = @saved_cs_client */;

--
-- Dumping data for table `cart_ip`
--

LOCK TABLES `cart_ip` WRITE;
/*!40000 ALTER TABLE `cart_ip` DISABLE KEYS */;
INSERT INTO `cart_ip` VALUES (1,'127.0.0.1',17,'2018-08-13 10:55:27',1),(3,'1.22.212.216',17,'2018-08-13 06:21:18',1);
/*!40000 ALTER TABLE `cart_ip` ENABLE KEYS */;
UNLOCK TABLES;

--
-- Table structure for table `colleges`
--

DROP TABLE IF EXISTS `colleges`;
/*!40101 SET @saved_cs_client     = @@character_set_client */;
/*!40101 SET character_set_client = utf8 */;
CREATE TABLE `colleges` (
  `id` int(11) NOT NULL AUTO_INCREMENT,
  `name` varchar(255) NOT NULL,
  `sortOrder` int(11) NOT NULL DEFAULT '0',
  PRIMARY KEY (`id`)
) ENGINE=InnoDB AUTO_INCREMENT=4 DEFAULT CHARSET=latin1;
/*!40101 SET character_set_client = @saved_cs_client */;

--
-- Dumping data for table `colleges`
--

LOCK TABLES `colleges` WRITE;
/*!40000 ALTER TABLE `colleges` DISABLE KEYS */;
INSERT INTO `colleges` VALUES (1,'SITE Meerut',0),(2,'Others',0),(3,'Amity Business School',0);
/*!40000 ALTER TABLE `colleges` ENABLE KEYS */;
UNLOCK TABLES;

--
-- Table structure for table `colleges_competition`
--

DROP TABLE IF EXISTS `colleges_competition`;
/*!40101 SET @saved_cs_client     = @@character_set_client */;
/*!40101 SET character_set_client = utf8 */;
CREATE TABLE `colleges_competition` (
  `id` int(11) NOT NULL AUTO_INCREMENT,
  `name` varchar(255) NOT NULL,
  `sortOrder` int(11) NOT NULL DEFAULT '0',
  PRIMARY KEY (`id`)
) ENGINE=InnoDB AUTO_INCREMENT=5 DEFAULT CHARSET=latin1;
/*!40101 SET character_set_client = @saved_cs_client */;

--
-- Dumping data for table `colleges_competition`
--

LOCK TABLES `colleges_competition` WRITE;
/*!40000 ALTER TABLE `colleges_competition` DISABLE KEYS */;
INSERT INTO `colleges_competition` VALUES (1,'SITE Meerut',0),(2,'SITE Meerut',2),(3,'rerere',1),(4,' My College / University is not mentioned',3);
/*!40000 ALTER TABLE `colleges_competition` ENABLE KEYS */;
UNLOCK TABLES;

--
-- Table structure for table `contact`
--

DROP TABLE IF EXISTS `contact`;
/*!40101 SET @saved_cs_client     = @@character_set_client */;
/*!40101 SET character_set_client = utf8 */;
CREATE TABLE `contact` (
  `id` int(11) NOT NULL AUTO_INCREMENT,
  `first_name` varchar(255) NOT NULL,
  `last_name` varchar(255) NOT NULL,
  `mobile_no` varchar(255) NOT NULL,
  `email` varchar(255) NOT NULL,
  `are_you` enum('Company Rep','Institute Rep','College Student','Young Professional') NOT NULL,
  `name_of_company_institute` varchar(255) NOT NULL,
  `subject` varchar(255) NOT NULL,
  `your_message` text NOT NULL,
  PRIMARY KEY (`id`)
) ENGINE=InnoDB AUTO_INCREMENT=290 DEFAULT CHARSET=latin1;
/*!40101 SET character_set_client = @saved_cs_client */;

--
-- Dumping data for table `contact`
--

LOCK TABLES `contact` WRITE;
/*!40000 ALTER TABLE `contact` DISABLE KEYS */;
INSERT INTO `contact` VALUES (284,'asda','sdasd','asd','asd@gmail.com','Institute Rep','sdas','asdada','dasdasd'),(285,'asda','sdasd','asd','asd@gmail.com','Institute Rep','sdas','asdada','dasdasd'),(286,'priyank','saini','9540186565','priyanksaini2010@gmail.com','Company Rep','sdfsdf','sdf','\'l;\';\''),(287,'aa','a','7042085845','a@gmail.com','Company Rep','a','a','n'),(288,'a','a','7042085845','a@gmail.com','Company Rep','a','a','a'),(289,'a','a','7042085845','a@gmail.com','Company Rep','a','a','a');
/*!40000 ALTER TABLE `contact` ENABLE KEYS */;
UNLOCK TABLES;

--
-- Table structure for table `content_json`
--

DROP TABLE IF EXISTS `content_json`;
/*!40101 SET @saved_cs_client     = @@character_set_client */;
/*!40101 SET character_set_client = utf8 */;
CREATE TABLE `content_json` (
  `id` int(11) NOT NULL AUTO_INCREMENT,
  `page` varchar(255) NOT NULL,
  `data` text NOT NULL,
  PRIMARY KEY (`id`)
) ENGINE=InnoDB AUTO_INCREMENT=35 DEFAULT CHARSET=latin1;
/*!40101 SET character_set_client = @saved_cs_client */;

--
-- Dumping data for table `content_json`
--

LOCK TABLES `content_json` WRITE;
/*!40000 ALTER TABLE `content_json` DISABLE KEYS */;
INSERT INTO `content_json` VALUES (1,'home','{\"Give_Yourself_The_Advantage\":\"                                    MBAtrek Pvt. Ltd. is a development nurturing firm, aiming to transform MBA, MS\\/M.techs and B.techs into industry ready and relevant professionals. Developing and evolving Character, Hope, Attitude, Skill & Enthusiasm, we intend to create a life - long impact and benefit for all, students, institutes and the industry.                        \",\"Institute\":\"                                    Global standard industry knowledge                        \",\"Industry\":\"                                    Hire ready & relevant professionals                        \",\"MBAtrek\":\"                                    MBAs transformed to perform on job                        \",\"Mtrek\":\"                                    MS\\/Mtechs with management skills                        \",\"GradXplore_\":\"                                    Exploring career choice & potential                        \",\"What_We_Bring_To_You_Industry\":\"                                     Quality pool of fresh graduates exhibiting differentiated and measurable performance<\\/br> Independent, ethical, adaptable decision- makers<\\/br> Low attrition in initial years                        \",\"What_We_Bring_To_You_Institute\":\"                                        Better match between student preferences and jobs offered<\\/br>Strong industry-presence & alumni network<\\/br> Higher ratings & better reputation\\u00a0                        \",\"What_We_Bring_To_You_Student\":\"                                    Transformation for life - long success<\\/br>  Relevant interview opportunities for <\\/br>preferred companies & job profiles<\\/br>  Interaction with experts from industry                        \",\"Yes_It_FREE\":\"<p class=\\\"not_Register\\\">Is your Institute not registered? No worries !!<\\/p>         <p class=\\\"not_Register\\\">We are willing to provide you support and guidance to enable you to be ready and relevant<\\/p>\",\"Email\":\"                                     info@mbatrek.com                        \",\"Phone_1\":\"+91 9821948334\",\"Phone_2\":\"+91 9821948335\",\"yt0\":\"\"}'),(2,'who_we_are','<div class=\"container\">\r\n<div class=\"main_heading who_we_Are\">\r\n<h4>Who We Are</h4>\r\n<h3>Who We Really Are</h3>\r\n</div>\r\n<p class=\"blf_text\">MBAtrek Pvt. Ltd. is a development nurturing firm, aiming to transform MBA, MS/M.techs and B.techs into industry ready and relevant professionals. Developing and evolving Character, Hope, Attitude, skill &amp; Enthusiasm, we intend to create a life - long impact and benefit for all, students, institutes and the industry.</p>\r\n<div class=\"work_step margin_bottom_45\">\r\n<div class=\"center_line\">&nbsp;</div>\r\n<div class=\"bottm_line\">&nbsp;</div>\r\n<div class=\"left_container\">\r\n<div class=\"left_work\"><span class=\"inner_round\">abc</span>\r\n<p>After the economic crisis of 2008, the world is recouping and the effects are still to be felt. There is an oversupply of the qualified people, however not enough quality jobs are available to these students.</p>\r\n</div>\r\n</div>\r\n<div class=\"left_container\">\r\n<div class=\"right_work\"><span class=\"inner_round\">abc</span>\r\n<p>For surviving and generating revenue, the universities have dropped their entry barriers for students but in the meanwhile have not been successful in keeping pace with the industry. Due to this gap, the industry presence in campuses go down and the quality jobs are missed out by many universities.</p>\r\n</div>\r\n</div>\r\n<div class=\"left_container\">\r\n<div class=\"left_work\"><span class=\"inner_round\">abc</span>\r\n<p>Moreover, the students passing out from these institutes do not perform at par with those graduating from top- tier colleges.</p>\r\n</div>\r\n</div>\r\n<div class=\"left_container\">\r\n<div class=\"right_work\"><span class=\"inner_round\">abc</span>\r\n<p>MBAtrek Pvt. Ltd. was founded in 2016, with the idea of bringing global education practices to transform students into industry ready and relevant professionals. We focus on developing and evolving those skills which are most desired but are rarely offered by universities.</p>\r\n</div>\r\n</div>\r\n<div class=\"left_container\">\r\n<div class=\"left_work\"><span class=\"inner_round\">abc</span>\r\n<p>We assist MBA schools/ Mtech colleges in building &lsquo;Global Industry Knowledge&rsquo; as well as provide holistic personal and professional development and end- to- end support to university students pursuing MBA/ Mtech.</p>\r\n</div>\r\n</div>\r\n<div class=\"left_container\">\r\n<div class=\"right_work\"><span class=\"inner_round\">abc</span>\r\n<p>We at MBAtrek strongly believe in going beyond knowledge and business skill development. We intend to nurture Character, Hope, Attitude, Skills and Enthusiasm through our programs. At the same time, we are current, relevant and world- class with a global and industry focused approach.</p>\r\n</div>\r\n</div>\r\n<div class=\"left_container\">\r\n<div class=\"left_work\"><span class=\"inner_round\">abc</span>\r\n<p>Bringing in 40 years of international experience and a huge industry network, we aim at creating synergy between all our stakeholders; the institutes, industry and the student and work hand in hand with each other.</p>\r\n</div>\r\n</div>\r\n</div>\r\n<!--\r\n<div class=\"main_heading\">\r\n<h4>Team</h4>\r\n<h3>Our Experienced Team</h3>\r\n</div>--><!--\r\n<div class=\"team_work\">\r\n<ul class=\"list-inline list-unstyled\">\r\n<li>\r\n<div class=\"team_img\"><img src=\"images/alok.png\" alt=\"\" /></div>\r\n<div class=\"team_description\">\r\n<h2>Alok Srivastava</h2>\r\n<p>PGDBM &ndash; XLRI ( 1975-77), Global Management Program &ndash; Michigan University (1998), Director- Asia Pacific, Honeywell; MD &amp; CEO - Ranbaxy Fine Chemicals Ltd. 39 years &ndash; Managing &amp; transforming companies, Regions/Country Mgmt.</p>\r\n</div>\r\n</li>\r\n<li>\r\n<div class=\"team_img\"><img src=\"images/rabia.png\" alt=\"\" /></div>\r\n<div class=\"team_description\">\r\n<h2>Rabia Babbar</h2>\r\n<p>6 years of experience in L&amp;D, Performance Management, Internal Communications &amp; Employee Engagement</p>\r\n</div>\r\n</li>\r\n<li>\r\n<div class=\"team_img\"><img src=\"images/aditi.png\" alt=\"\" /></div>\r\n<div class=\"team_description\">\r\n<h2>Aditi Vatsyayana</h2>\r\n<p>Psychologist and MBA (HR), experienced in individual assessments and coaching.</p>\r\n</div>\r\n</li>\r\n<li>\r\n<div class=\"team_img\"><img src=\"images/sherya.png\" alt=\"\" /></div>\r\n<div class=\"team_description\">\r\n<h2>Shreya Mishra</h2>\r\n<p>MBA - HR &amp; Marketing</p>\r\n</div>\r\n</li>\r\n<li>\r\n<div class=\"team_img\"><img src=\"images/ayushi.png\" alt=\"\" /></div>\r\n<div class=\"team_description\">\r\n<h2>Ayushi Gupta</h2>\r\n<p>MBA and AMCAT certified analyst.</p>\r\n</div>\r\n</li>\r\n</ul>\r\n</div>--></div>'),(3,'what_we_do','<div class=\"container margin_bottom_45\">\r\n<div class=\"main_heading who_we_Are\">\r\n<h4>What We Do</h4>\r\n<h3>What we do Differently</h3>\r\n</div>\r\n<p class=\"blf_text\">At MBAtrek Pvt. Ltd., we are committed to fostering Character, Hope, Attitude, Skills and Enthusiasm through our following modules</p>\r\n<div class=\"row\">\r\n<div class=\"col-md-6 col-sm-6 col-xs-12\">\r\n<div class=\"do_img\"><img class=\"img-responsive\" src=\"images/do_img_left.png\" alt=\"\" /></div>\r\n</div>\r\n<div class=\"col-md-6 col-sm-6 col-xs-12\">\r\n<div class=\"do_img\"><img class=\"img-responsive\" src=\"images/do_imgrightt.png\" alt=\"\" /></div>\r\n</div>\r\n</div>\r\n<div class=\"row\">\r\n<div class=\"col-md-4 col-sm-4 col-xs-12\">\r\n<div class=\"row second_do_img\">\r\n<div class=\"do_img\">\r\n<ul class=\" list_icn\">\r\n<li><a href=\"https://www.mbatrek.com/e-brouchers\">LeapFWD</a></li>\r\n<li><a href=\"https://www.mbatrek.com/e-brouchers\">SkillUP</a></li>\r\n<li><a href=\"https://www.mbatrek.com/e-brouchers\">InCube</a></li>\r\n<li><a href=\"https://www.mbatrek.com/e-brouchers\">Cracknack</a></li>\r\n</ul>\r\n</div>\r\n</div>\r\n</div>\r\n<div class=\"col-md-4 col-sm-4 col-xs-12\">\r\n<div class=\"row second_do_img\">\r\n<div class=\"do_img\">\r\n<ul class=\" list_icn\">\r\n<li><a href=\"https://www.mbatrek.com/e-brouchers\">LedXemplary</a></li>\r\n<li><a href=\"https://www.mbatrek.com/e-brouchers\">Rollout</a></li>\r\n<li><a href=\"https://www.mbatrek.com/e-brouchers\">TechEDGE</a></li>\r\n<li><a href=\"https://www.mbatrek.com/e-brouchers\">GoConsult</a></li>\r\n</ul>\r\n</div>\r\n</div>\r\n</div>\r\n<div class=\"col-md-4 col-sm-4 col-xs-12\">\r\n<div class=\"row second_do_img\">\r\n<div class=\"do_img\">\r\n<ul class=\" list_icn\">\r\n<li><a href=\"https://www.mbatrek.com/e-brouchers\">InternACE</a></li>\r\n<li><a href=\"https://www.mbatrek.com/e-brouchers\">InternPRO</a></li>\r\n<li><a href=\"https://www.mbatrek.com/e-brouchers\">InternARISE</a></li>\r\n<li><a href=\"https://www.mbatrek.com/e-brouchers\">AGame</a></li>\r\n</ul>\r\n</div>\r\n</div>\r\n</div>\r\n</div>\r\n<p class=\"do_text\">We have designed an end- to- end solution for students with a synthesized program going hand in hand with the faculty and placement cells of the university. Our interface with the institute and students will begin right from when the students are admitted and follow them through up to the time they are rightly placed. MBAtrek will take a step forward to further provide students with support and mentoring for their first year on the job.</p>\r\n<p class=\"do_text\">For the entire 2- year master&rsquo;s program, we will extend on- campus training to students and in addition we will deliver our modules through webinars, electronic media, presentations, mobile App and web portal.</p>\r\n<p class=\"do_text\">With the intention of being approachable and accessible, we have designed our web portal for all our stakeholders, hence ensuring visibility, coordination and communication. We fundamentally stand for a strong Industry- Interaction of institutes. For this purpose, we leverage our network of industrial contacts within companies to increase opportunities for more live Projects, Internships &amp; eventual placements. We are equally going to work with the industry partner companies to sensitize them to invest their time and effort at universities.</p>\r\n<p class=\"do_text last_p\">Our standard registered program modules:</p>\r\n</div>'),(4,'our_bielf','<div class=\"container\">\r\n<div class=\"main_heading who_we_Are\">\r\n<h4>Our Belief</h4>\r\n<h3>What We Believe</h3>\r\n</div>\r\n<p class=\"blf_text\">MBAtrek is committed to balance a curriculum - driven program for transforming students into Industry &lsquo;ready &amp; relevant&rsquo;to &lsquo;hit the ground running&rsquo;</p>\r\n<div class=\"main_heading\">\r\n<h4>Our Values</h4>\r\n<h3>What we stand for</h3>\r\n</div>\r\n<div class=\"blif_listing_Text\">\r\n<div class=\"row\">\r\n<div class=\"col-md-6 col-sm-6 col-xs-12\">\r\n<div class=\"blf_block\">\r\n<h2>Partnership in Success</h2>\r\n<p>We measure our success through the success of our stakeholders (Student, Institutes, Industry)</p>\r\n</div>\r\n</div>\r\n<div class=\"col-md-6 col-sm-6 col-xs-12\">\r\n<div class=\"blf_block\">\r\n<h2>Framework enabling synergy within stakeholders</h2>\r\n<p>We create framework, coursework and environment that enables learning of effective and current industry best practices for students and trust- based, sustainable industry - institute partnership</p>\r\n</div>\r\n</div>\r\n<div class=\"col-md-6 col-sm-6 col-xs-12\">\r\n<div class=\"blf_block\">\r\n<h2>Chasing the CHASE (Character, Hope, Attitude, Skill, Enthusiasm) values</h2>\r\n<p>We will exhibit exemplary Character, Hope, Attitude, Skill and Enthusiasm while delivering world- class MBAtrek, Mtrek, and GradXplore programs</p>\r\n</div>\r\n</div>\r\n<div class=\"col-md-6 col-sm-6 col-xs-12\">\r\n<div class=\"blf_block\">\r\n<h2>Creating value through responsible, innovative &amp; global program delivery</h2>\r\n<p>We will be highly responsible, innovative and global in our program delivery while working with business managers to create significant value for the corporates through our three flagship programs</p>\r\n</div>\r\n</div>\r\n</div>\r\n</div>\r\n<div class=\"blf_img margin_bottom_45\"><img class=\"img-responsive\" src=\"images/our-belief-img.png\" alt=\"\" /></div>\r\n</div>'),(5,'career','<div class=\"container\">\r\n<div class=\"main_heading\">\r\n<h4>Careers</h4>\r\n<h3>Careers at MBAtrek</h3>\r\n</div>\r\n<h3 class=\"career_text\"><span>The Rewarding Career</span> You Are Looking For Is At <span class=\"text_capti\"> MBAtrek</span></h3>\r\n</div>\r\n<div class=\"career_container\"><img src=\"images/career_banner.png\" alt=\"\" />\r\n<h3 class=\"career_text\"><span>We\'re the only one </span> &amp; We\'ve just begun</h3>\r\n</div>\r\n<div class=\"container\">\r\n<div class=\"career_Steps\">\r\n<div class=\"career_stps_blk\">\r\n<h3>MBAtrek is globally unique</h3>\r\n</div>\r\n<div class=\"career_stps_blk2\">\r\n<h3>We offer &lsquo;end-to-end&rsquo; solution to Institutes &amp; Industry</h3>\r\n</div>\r\n<div class=\"career_stps_blk3\">\r\n<h3>We create life-long impact on the mind-set &amp; capabilities of students</h3>\r\n</div>\r\n<div class=\"career_stps_blk4\">\r\n<h3>We build Character, Hope, Attitude, Skill &amp; Enthusiasm</h3>\r\n</div>\r\n</div>\r\n<div class=\"cant_wait margin_bottom_45\">\r\n<h3>We Can&rsquo;t wait to meet you</h3>\r\n<div class=\"main_register\">\r\n<div class=\"site_btn\"><a id=\"open-position\" class=\"raised ripple\" href=\"javascript:void(0);\">Search Open Positions</a></div>\r\n</div>\r\n</div>\r\n</div>'),(6,'copyright_notice','<div class=\"container\">\r\n<div class=\"main_heading\">\r\n<h3 class=\"text_right\">Copyright Notice</h3>\r\n</div>\r\n<div class=\"plocies_text \"><!--<p>Copyright © [YEAR(S) OF FIRST PUBLICATION - E.G. “2001-2111”] [NAME - MBAtrek Pvt. Ltd.]</p>-->\r\n<h3>Ownership of copyright</h3>\r\n<p>The copyright in this website and the material on this website (including without limitation the text, computer code, artwork, photographs, images, music, audio material, video material and audio-visual material on this website) is owned by MBAtrek Pvt. Ltd. [and its licensors].</p>\r\n<h3>Copyright license</h3>\r\n<p>MBAtrek Pvt. Ltd. grants to you a worldwide non-exclusive royalty-free revocable license to:</p>\r\n<div class=\"second_details\">\r\n<ul class=\"list-unstyled \">\r\n<li>\r\n<p>view this website and the material on this website on a computer or mobile device via a web browser;</p>\r\n</li>\r\n<li>\r\n<p>copy and store this website and the material on this website in your web browser cache memory; and</p>\r\n</li>\r\n<li>\r\n<p>print pages from this website for your own [personal and non-commercial] use.</p>\r\n</li>\r\n</ul>\r\n</div>\r\n<p>MBAtrek Pvt. Ltd. does not grant you any other rights in relation to this website or the material on this website. In other words, all other rights are reserved.</p>\r\n<p>For the avoidance of doubt, you must not adapt, edit, change, transform, publish, republish, distribute, redistribute, broadcast, rebroadcast or show or play in public this website or the material on this website (in any form or media) without MBAtrek Pvt. Ltd.&rsquo;s prior written permission.</p>\r\n<h3>Data mining</h3>\r\n<p>The automated and/or systematic collection of data from this website is prohibited.</p>\r\n<h3>Permissions</h3>\r\n<p>You may request permission to use the copyright materials on this website by writing to <span>alok.srivastava@mbatrek.com</span></p>\r\n<h3>Enforcement of copyright</h3>\r\n<p>MBAtrek Pvt. Ltd. takes the protection of its copyright very seriously.</p>\r\n<p>If MBAtrek Pvt. Ltd. discovers that you have used its copyright materials in contravention of the license above, MBAtrek Pvt. Ltd. may bring legal proceedings against you seeking monetary damages and an injunction to stop you using those materials. You could also be ordered to pay legal costs.</p>\r\n<p>If you become aware of any use of MBAtrek Pvt. Ltd.&rsquo;s copyright materials that contravenes or may contravene the license above, please report this by email to alok.srivastava@mbatrek.com or by post to MBAtrek Pvt Ltd, 414, Suncity Business Towers, Golf Course Road, Sector -54, Gurgaon -122003, Haryana, India.</p>\r\n<h3>Infringing material</h3>\r\n<p>If you become aware of any material on the website that you believe infringes your or any other person\'s copyright, please report this by email to alok.srivastava@mbatrek.com] or by post to MBAtrek Pvt Ltd, 414, Suncity Business Towers, Golf Course Road, Sector -54, Gurgaon -122003, Haryana, India.</p>\r\n<h3>Credit</h3>\r\n<p>This document was created using a Contractology template available at <a class=\"link_text\" href=\"http://www.contractology.com\" target=\"_blank\">http://www.contractology.com</a>.</p>\r\n<!--  <div class=\"creadit_container\">                 <p>You must retain the \"Credit\" section in this document. If you wish to use the document without the \"Credit\" section (e.g. to project a more professional image) then you can get a license to do so here:</p>                 <div class=\"clearfix\"></div>                 <a target=\"_blank\" href=\"http://www.contractology.com/free-document-license-copyright-notice.html\">http://www.contractology.com/free-document-license-copyright-notice.html</a>                 <p>It is an infringement of our copyright to use the document without the \"Credit\" section and without paying the license fee.</p>             </div>--></div>\r\n</div>'),(7,'privacy_policy','<div class=\"container\">\r\n<div class=\"main_heading privay_container\">\r\n<h3 class=\"text_right\">Our Privacy Policy</h3>\r\n</div>\r\n<div class=\"plocies_text \">\r\n<p>Your privacy is important to MBAtrek Pvt. Ltd. This privacy statement provides information about the personal information that MBAtrek Pvt. Ltd. collects, and the ways in which MBAtrek Pvt. Ltd. uses that personal information.</p>\r\n<h3>Personal information collection</h3>\r\n<p>MBAtrek Pvt. Ltd. may collect and use the following kinds of personal information:</p>\r\n<div class=\"second_details\">\r\n<ul class=\"list-unstyled \">\r\n<li>\r\n<p>information about your use of this website</p>\r\n</li>\r\n<li>\r\n<p>information that you provide using for the purpose of registering with the website</p>\r\n</li>\r\n<li>\r\n<p>information about transactions carried out over this website</p>\r\n</li>\r\n<li>\r\n<p>information that you provide for the purpose of subscribing to the website services</p>\r\n</li>\r\n<li>\r\n<p>any other information that you send to MBAtrek Pvt. Ltd.</p>\r\n</li>\r\n</ul>\r\n</div>\r\n<h3>Using personal information</h3>\r\n<p>MBAtrek Pvt. Ltd. may use your personal information to:</p>\r\n<div class=\"second_details\">\r\n<ul class=\"list-unstyled \">\r\n<li>\r\n<p>administer this website;</p>\r\n</li>\r\n<li>\r\n<p>personalize the website for you;</p>\r\n</li>\r\n<li>\r\n<p>enable your access to and use of the website services;</p>\r\n</li>\r\n<li>\r\n<p>publish information about you on the website;</p>\r\n</li>\r\n<li>\r\n<p>send to you products that you purchase;</p>\r\n</li>\r\n<li>\r\n<p>supply to you services that you purchase;</p>\r\n</li>\r\n<li>\r\n<p>send to you statements and invoices;</p>\r\n</li>\r\n<li>\r\n<p>collect payments from you; and</p>\r\n</li>\r\n<li>\r\n<p>send you marketing communications.</p>\r\n</li>\r\n</ul>\r\n</div>\r\n<p>Where MBAtrek Pvt. Ltd. discloses your personal information to its agents or sub-contractors for these purposes, the agent or sub-contractor in question will be obligated to use that personal information in accordance with the terms of this privacy statement.</p>\r\n<p>In addition to the disclosures reasonably necessary for the purposes identified elsewhere above, MBAtrek Pvt. Ltd. may disclose your personal information to the extent that it is required to do so by law, in connection with any legal proceedings or prospective legal proceedings, and in order to establish, exercise or defend its legal rights.</p>\r\n<h3>Securing your data</h3>\r\n<p>MBAtrek Pvt. Ltd. will take reasonable technical and organisational precautions to prevent the loss, misuse or alteration of your personal information.</p>\r\n<p>MBAtrek Pvt. Ltd. will store all the personal information you provide.</p>\r\n<h3>Cross-border data transfers</h3>\r\n<p>Information that MBAtrek Pvt. Ltd. collects may be stored and processed in and transferred between any of the countries in which MBAtrek Pvt. Ltd. operates to enable the use of the information in accordance with this privacy policy.</p>\r\n<p>In addition, personal information that you submit for publication on the website will be published on the internet and may be available around the world.You agree to such cross-border transfers of personal information.</p>\r\n<h3>Updating this statement</h3>\r\n<p>MBAtrek Pvt. Ltd. may update this privacy policy by posting a new version on this website.</p>\r\n<p>You should check this page occasionally to ensure you are familiar with any changes.</p>\r\n<h3>Other websites</h3>\r\n<p class=\"website_Text\">This website contains links to other websites.</p>\r\n<p>MBAtrek Pvt. Ltd. is not responsible for the privacy policies or practices of any third party.</p>\r\n<h3 class=\"company_text\">Contact MBAtrek Pvt. Ltd.</h3>\r\n<p>If you have any questions about this privacy policy or MBAtrek Pvt. Ltd.&rsquo;s treatment of your personal information, please write:</p>\r\n<div class=\"second_details\">\r\n<ul class=\"list-unstyled \">\r\n<li>\r\n<p>by email to alok.srivastava@mbatrek.com; or</p>\r\n</li>\r\n<li>\r\n<p>by post to MBAtrek Private Ltd. 414, Suncity Business Towers, Golf Course Road, Sector-54, Gurgaon, Haryana-122003. India</p>\r\n</li>\r\n</ul>\r\n</div>\r\n<h3>Credit</h3>\r\n<p>This document was created using a Contractology template available at <a class=\"link_text\" href=\"http://www.contractology.com\" target=\"_blank\">http://www.contractology.com</a>.</p>\r\n<!--<div class=\"creadit_container\">                 <p>You must retain the \"Credit\" section in this document. If you wish to use the document without the \"Credit\" section (e.g. to project a more professional image) then you can get a license to do so here:</p>                 <div class=\"clearfix\"></div>                 <a target=\"_blank\" href=\"http://www.contractology.com/free-document-license-privacy-statement.html\">http://www.contractology.com/free-document-license-privacy-statement.html</a>                 <p>It is an infringement of our copyright to use the document without the \"Credit\" section and without paying the license fee.</p>             </div>--></div>\r\n</div>'),(8,'declimier','<div class=\"container\">\r\n<div class=\"main_heading\">\r\n<h3 class=\"text_right\">Disclaimer</h3>\r\n</div>\r\n<div class=\"plocies_text \">\r\n<h3>No warranties</h3>\r\n<p>This website is provided &ldquo;as is&rdquo; without any representations or warranties, express or implied. MBAtrek Pvt. Ltd. makes no representations or warranties in relation to this website or the information and materials provided on this website.</p>\r\n<p>Without prejudice to the generality of the foregoing paragraph, MBAtrek Pvt. Ltd. does not warrant that:</p>\r\n<div class=\"second_details\">\r\n<ul class=\"list-unstyled \">\r\n<li>\r\n<p>this website will be constantly available, or available at all; or</p>\r\n</li>\r\n<li>\r\n<p>the information on this website is complete, true, accurate or non-misleading.</p>\r\n</li>\r\n</ul>\r\n</div>\r\n<p>Nothing on this website constitutes, or is meant to constitute, advice of any kind. If you require advice in relation to any legal, financial or medical matter you should consult an appropriate professional.</p>\r\n<h3>Limitations of liability</h3>\r\n<p>MBAtrek Pvt. Ltd. will not be liable to you whether under the law of contract, the law of torts or otherwise in relation to the contents of, or use of, or otherwise in connection with, this website:</p>\r\n<div class=\"second_details\">\r\n<ul class=\"list-unstyled \">\r\n<li>\r\n<p>for any indirect, special or consequential loss; or</p>\r\n</li>\r\n<li>\r\n<p>for any business losses, loss of revenue, income, profits or anticipated savings, loss of contracts or business relationships, loss of reputation or goodwill, or loss or corruption of information or data.</p>\r\n</li>\r\n</ul>\r\n</div>\r\n<p>These limitations of liability apply even if MBAtrek Pvt. Ltd. has been expressly advised of the potential loss.</p>\r\n<h3>Exceptions</h3>\r\n<p>Nothing in this website disclaimer will exclude or limit any warranty implied by law that it would be unlawful to exclude or limit; and nothing in this website disclaimer will exclude or limit MBAtrek Pvt. Ltd.&rsquo;s liability in respect of any:</p>\r\n<div class=\"second_details\">\r\n<ul class=\"list-unstyled \">\r\n<li>\r\n<p>death or personal injury caused by MBAtrek Pvt. Ltd.&rsquo;s negligence;</p>\r\n</li>\r\n<li>\r\n<p>fraud or fraudulent misrepresentation on the part of MBAtrek Pvt. Ltd.; or</p>\r\n</li>\r\n<li>\r\n<p>matter which it would be illegal or unlawful for MBAtrek Pvt. Ltd. to exclude or limit, or to attempt or purport to exclude or limit, its liability.</p>\r\n</li>\r\n</ul>\r\n</div>\r\n<h3>Reasonableness</h3>\r\n<p>By using this website, you agree that the exclusions and limitations of liability set out in this website disclaimer are reasonable. If you do not think they are reasonable, you must not use this website.</p>\r\n<h3>Other parties</h3>\r\n<p>You accept that, as a limited liability entity, MBAtrek Pvt. Ltd. has an interest in limiting the personal liability of its officers and employees. You agree that you will not bring any claim personally against MBAtrek Pvt. Ltd.&rsquo;s officers or employees in respect of any losses you suffer in connection with the website.</p>\r\n<p>Without prejudice to the foregoing paragraph, you agree that the limitations of warranties and liability set out in this website disclaimer will protect MBAtrek Pvt. Ltd.&rsquo;s officers, employees, agents, subsidiaries, successors, assigns and sub-contractors as well as MBAtrek Pvt. Ltd.</p>\r\n<h3>Unenforceable provisions</h3>\r\n<p>If any provision of this website disclaimer is, or is found to be, unenforceable under applicable law, that will not affect the enforceability of the other provisions of this website disclaimer.</p>\r\n<h3>Credit</h3>\r\n<p>This document was created using a Contractology template available at <a class=\"link_text\" href=\"http://www.contractology.com\" target=\"_blank\">http://www.contractology.com</a>.</p>\r\n<!--<div class=\"creadit_container\">                 <p>You must retain the \"Credit\" section in this document. If you wish to use the document without the \"Credit\" section (e.g. to project a more professional image) then you can get a license to do so here:</p>                 <div class=\"clearfix\"></div>                 <a target=\"_blank\" href=\"http://www.contractology.com/free-document-license-website-disclaimer.html\">http://www.contractology.com/free-document-license-website-disclaimer.html</a>                 <p>It is an infringement of our copyright to use the document without the \"Credit\" section and without paying the license fee.</p>             </div>--></div>\r\n</div>'),(9,'terms_conditions','<div class=\"container\">\r\n<div class=\"main_heading\">\r\n<h3 class=\"text_right\">Terms And Conditions</h3>\r\n</div>\r\n<div class=\"plocies_text \">\r\n<h3>Introduction</h3>\r\n<p>These terms and conditions govern your use of this website; by using this website, you accept these terms and conditions in full. If you disagree with these terms and conditions or any part of these terms and conditions, you must not use this website.</p>\r\n<p>You must be at least 18 years of age to use this website. By using this website and by agreeing to these terms and conditions you warrant and represent that you are at least 18 years of age.</p>\r\n<p>This website uses cookies. By using this website and agreeing to these terms and conditions, you consent to our MBAtrek Pvt. Ltd.\'s use of cookies in accordance with the terms of MBAtrek Pvt. Ltd.\'s privacy policy.</p>\r\n<h3>License to use website</h3>\r\n<p>Unless otherwise stated, MBAtrek Pvt. Ltd. and/or its licensors own the intellectual property rights in the website and material on the website. Subject to the license below, all these intellectual property rights are reserved.</p>\r\n<p>You may view, download for caching purposes only, and print pages from the website for your own personal use, subject to the restrictions set out below and elsewhere in these terms and conditions.</p>\r\n<p>You must not:</p>\r\n<div class=\"second_details\">\r\n<ul class=\"list-unstyled \">\r\n<li>\r\n<p>republish material from this website;</p>\r\n</li>\r\n<li>\r\n<p>sell, rent or sub-license material from the website;/p&gt;</p>\r\n</li>\r\n<li>\r\n<p>show any material from the website in public;</p>\r\n</li>\r\n<li>\r\n<p>reproduce, duplicate, copy or otherwise exploit material on this website for a commercial purpose;</p>\r\n</li>\r\n<li>\r\n<p>edit or otherwise modify any material on the website; or</p>\r\n</li>\r\n<li>\r\n<p>redistribute material from this website.</p>\r\n</li>\r\n</ul>\r\n</div>\r\n<p>Where content is specifically made available for redistribution, it may only be redistributed within your organisation.</p>\r\n<h3>Acceptable use</h3>\r\n<p>You must not use this website in any way that causes, or may cause, damage to the website or impairment of the availability or accessibility of the website; or in any way which is unlawful, illegal, fraudulent or harmful, or in connection with any unlawful, illegal, fraudulent or harmful purpose or activity.</p>\r\n<p>You must not use this website to copy, store, host, transmit, send, use, publish or distribute any material which consists of (or is linked to) any spyware, computer virus, Trojan horse, worm, keystroke logger, rootkit or other malicious computer software.</p>\r\n<p>You must not conduct any systematic or automated data collection activities (including without limitation scraping, data mining, data extraction and data harvesting) on or in relation to this website without MBAtrek Pvt. Ltd.&rsquo;s express written consent.</p>\r\n<p>You must not use this website to transmit or send unsolicited commercial communications.You must not use this website for any purposes related to marketing without MBAtrek Pvt. Ltd.&rsquo;s express written consent.</p>\r\n<h3>Restricted access</h3>\r\n<p>Access to certain areas of this website is restricted. MBAtrek Pvt. Ltd. reserves the right to restrict access to other areas of this website, or indeed this entire website, at MBAtrek Pvt. Ltd.&rsquo;s discretion.</p>\r\n<p>If MBAtrek Pvt. Ltd. provides you with a user ID and password to enable you to access restricted areas of this website or other content or services, you must ensure that the user ID and password are kept confidential.</p>\r\n<p>MBAtrek Pvt. Ltd. may disable your user ID and password in MBAtrek Pvt. Ltd.&rsquo;s sole discretion without notice or explanation.</p>\r\n<h3>User content</h3>\r\n<p>In these terms and conditions, &ldquo;your user content&rdquo; means material (including without limitation text, images, audio material, video material and audio-visual material) that you submit to this website, for whatever purpose.</p>\r\n<p>You grant to MBAtrek Pvt. Ltd. a worldwide, irrevocable, non-exclusive, royalty-free license to use, reproduce, adapt, publish, translate and distribute your user content in any existing or future media. You also grant to MBAtrek Pvt. Ltd. the right to sub-license these rights, and the right to bring an action for infringement of these rights.</p>\r\n<p>Your user content must not be illegal or unlawful, must not infringe any third party\'s legal rights, and must not be capable of giving rise to legal action whether against you or MBAtrek Pvt. Ltd. or a third party (in each case under any applicable law).</p>\r\n<p>You must not submit any user content to the website that is or has ever been the subject of any threatened or actual legal proceedings or other similar complaint.</p>\r\n<p>MBAtrek Pvt. Ltd. reserves the right to edit or remove any material submitted to this website, or stored on MBAtrek Pvt. Ltd.&rsquo;s servers, or hosted or published upon this website.</p>\r\n<p>Notwithstanding MBAtrek Pvt. Ltd.&rsquo;s rights under these terms and conditions in relation to user content, MBAtrek Pvt. Ltd. does not undertake to monitor the submission of such content to, or the publication of such content on, this website.</p>\r\n<h3>No warranties</h3>\r\n<p>This website is provided &ldquo;as is&rdquo; without any representations or warranties, express or implied. MBAtrek Pvt. Ltd. makes no representations or warranties in relation to this website or the information and materials provided on this website.</p>\r\n<p>Without prejudice to the generality of the foregoing paragraph, MBAtrek Pvt. Ltd. does not warrant that:</p>\r\n<div class=\"second_details\">\r\n<ul class=\"list-unstyled \">\r\n<li>\r\n<p>this website will be constantly available, or available at all; or</p>\r\n</li>\r\n<li>\r\n<p>the information on this website is complete, true, accurate or non-misleading.</p>\r\n</li>\r\n</ul>\r\n</div>\r\n<p>Nothing on this website constitutes, or is meant to constitute, advice of any kind. If you require advice in relation to any legal, financial or medical matter you should consult an appropriate professional.</p>\r\n<h3>Limitations of liabilitY</h3>\r\n<p>MBAtrek Pvt. Ltd. will not be liable to you, whether under the law of contact, the law of torts or otherwise in relation to the contents of, or use of, or otherwise in connection with, this website:</p>\r\n<div class=\"second_details\">\r\n<ul class=\"list-unstyled \">\r\n<li>\r\n<p>to the extent that the website is provided free-of-charge, for any direct loss;</p>\r\n</li>\r\n<li>\r\n<p>for any indirect, special or consequential loss; or</p>\r\n</li>\r\n<li>\r\n<p>for any business losses, loss of revenue, income, profits or anticipated savings, loss of contracts or business relationships, loss of reputation or goodwill, or loss or corruption of information or data.</p>\r\n</li>\r\n</ul>\r\n</div>\r\n<p>These limitations of liability apply even if MBAtrek Pvt. Ltd. has been expressly advised of the potential loss.</p>\r\n<h3>Exceptions</h3>\r\n<p>Nothing in this website disclaimer will exclude or limit any warranty implied by law that it would be unlawful to exclude or limit; and nothing in this website disclaimer will exclude or limit MBAtrek Pvt. Ltd.&rsquo;s liability in respect of any:</p>\r\n<div class=\"second_details\">\r\n<ul class=\"list-unstyled \">\r\n<li>\r\n<p>death or personal injury caused by MBAtrek Pvt. Ltd.&rsquo;s negligence;</p>\r\n</li>\r\n<li>\r\n<p>fraud or fraudulent misrepresentation on the part of MBAtrek Pvt. Ltd.; or</p>\r\n</li>\r\n<li>\r\n<p>matter which it would be illegal or unlawful for MBAtrek Pvt. Ltd. to exclude or limit, or to attempt or purport to exclude or limit, its liability.</p>\r\n</li>\r\n</ul>\r\n</div>\r\n<h3>Reasonableness</h3>\r\n<p>By using this website, you agree that the exclusions and limitations of liability set out in this website disclaimer are reasonable. If you do not think they are reasonable, you must not use this website.</p>\r\n<h3>Other parties</h3>\r\n<p>You accept that, as a limited liability entity, MBAtrek Pvt. Ltd. has an interest in limiting the personal liability of its officers and employees. You agree that you will not bring any claim personally against MBAtrek Pvt. Ltd.&rsquo;s officers or employees in respect of any losses you suffer in connection with the website.</p>\r\n<p>Without prejudice to the foregoing paragraph, you agree that the limitations of warranties and liability set out in this website disclaimer will protect MBAtrek Pvt. Ltd.&rsquo;s officers, employees, agents, subsidiaries, successors, assigns and sub-contractors as well as MBAtrek Pvt. Ltd.</p>\r\n<h3>Unenforceable provisions</h3>\r\n<p>If any provision of this website disclaimer is, or is found to be, unenforceable under applicable law, that will not affect the enforceability of the other provisions of this website disclaimer.</p>\r\n<h3>Indemnity</h3>\r\n<p>You hereby indemnify MBAtrek Pvt. Ltd. and undertake to keep MBAtrek Pvt. Ltd. indemnified against any losses, damages, costs, liabilities and expenses (including without limitation legal expenses and any amounts paid by MBAtrek Pvt. Ltd. to a third party in settlement of a claim or dispute on the advice of MBAtrek Pvt. Ltd.&rsquo;s legal advisers) incurred or suffered by MBAtrek Pvt. Ltd. arising out of any breach by you of any provision of these terms and conditions[, or arising out of any claim that you have breached any provision of these terms and conditions].</p>\r\n<h3>Breaches of these terms and conditions</h3>\r\n<p>Without prejudice to MBAtrek Pvt. Ltd.&rsquo;s other rights under these terms and conditions, if you breach these terms and conditions in any way, MBAtrek Pvt. Ltd. may take such action as MBAtrek Pvt. Ltd. deems appropriate to deal with the breach, including suspending your access to the website, prohibiting you from accessing the website, blocking computers using your IP address from accessing the website, contacting your internet service provider to request that they block your access to the website and/or bringing court proceedings against you.</p>\r\n<h3>Variation</h3>\r\n<p>MBAtrek Pvt. Ltd. may revise these terms and conditions from time-to-time. Revised terms and conditions will apply to the use of this website from the date of the publication of the revised terms and conditions on this website. Please check this page regularly to ensure you are familiar with the current version.</p>\r\n<h3>Assignment</h3>\r\n<p>MBAtrek Pvt. Ltd. may transfer, sub-contract or otherwise deal with MBAtrek Pvt. Ltd.&rsquo;s rights and/or obligations under these terms and conditions without notifying you or obtaining your consent.</p>\r\n<p>You may not transfer, sub-contract or otherwise deal with your rights and/or obligations under these terms and conditions.</p>\r\n<h3>Severability</h3>\r\n<p>If a provision of these terms and conditions is determined by any court or other competent authority to be unlawful and/or unenforceable, the other provisions will continue in effect. If any unlawful and/or unenforceable provision would be lawful or enforceable if part of it were deleted, that part will be deemed to be deleted, and the rest of the provision will continue in effect.</p>\r\n<h3>Entire agreement</h3>\r\n<p>These terms and conditions constitute the entire agreement between you and MBAtrek Pvt. Ltd. in relation to your use of this website, and supersede all previous agreements in respect of your use of this website.</p>\r\n<h3>Law and jurisdiction</h3>\r\n<p>These terms and conditions will be governed by and construed in accordance with Laws of India, in the court of Gurgaon (Haryana) and any disputes relating to these terms and conditions will be subject to the exclusive jurisdiction of the courts of Gurgaon, Haryana</p>\r\n<h3>Registrations and authorisations</h3>\r\n<p>MBAtrek Pvt. Ltd. is registered with Ministry of Corporate Affairs, Government of India. You can find the online version of the register at www.mbatrek.com. MBAtrek Pvt. Ltd.&rsquo;s registration number is CIN:U74999HR2016PTC057728</p>\r\n<p>MBAtrek Pvt. Ltd.&rsquo;s Indian Income Tax Permanent Account Number is AAKCM1714E.</p>\r\n<h3>MBAtrek Pvt. Ltd.&rsquo;s details</h3>\r\n<p>The full name of MBAtrek Pvt. Ltd. is MBATREK PRIVATE LIMITEDMBAtrek Pvt. Ltd. is registered with Registrar of Companies under registration number CIN:U74999HR2016PTC057728MBAtrek Pvt. Ltd.&rsquo;s office address is 414, Suncity Business Towers, Golf Course Road, Sector -54, Gurgaon, Haryana-122002</p>\r\n<p>You can contact MBAtrek Pvt. Ltd. by email to alok.srivastava@mbatrek.com</p>\r\n<h3>Credit</h3>\r\n<p>This document was created using a Contractology template available at <a class=\"link_text\" href=\"http://www.contractology.com\" target=\"_blank\">http://www.contractology.com</a>.</p>\r\n<!--<div class=\"creadit_container\">                 <p>You must retain the \"Credit\" section in this document. If you wish to use the document without the \"Credit\" section (e.g. to project a more professional image) then you can get a license to do so here:</p>                 <div class=\"clearfix\"></div>                 <a target=\"_blank\" href=\"http://www.contractology.com/free-document-license-website-terms-and-conditions.html\">http://www.contractology.com/free-document-license-website-terms-and-conditions.html</a>                 <p>It is an infringement of our copyright to use the document without the \"Credit\" section and without paying the license fee.</p>             </div>--></div>\r\n</div>'),(10,'industry','<div class=\"container\">\r\n<div class=\"main_heading industry_benifits\">\r\n<h4>Benefits</h4>\r\n<h3>Industry: What You Gain!</h3>\r\n</div>\r\n<div class=\"center_benifits industry_benifites\"><img class=\"img-responsive\" src=\"images/logo_tansparent.png\" alt=\"\" />\r\n<div class=\"benifits_box industry_box\">\r\n<ul>\r\n<li>\r\n<p>Fresh hires, focused, result-oriented and in-sync with corporate vision and values.</p>\r\n</li>\r\n<li>\r\n<p>MBAtrek program saves enormous time &amp; cost in training new recruits.</p>\r\n</li>\r\n<li>\r\n<p>Stablility in initial years</p>\r\n</li>\r\n<li>\r\n<p>Internship &amp; live projects to be meaningful for the organization</p>\r\n</li>\r\n</ul>\r\n</div>\r\n<div class=\"left_benifits_bx first_bx\">\r\n<h3>Trained to undertake Issue analysis &amp; offer more optimal solutions</h3>\r\n</div>\r\n<div class=\"left_benifits_bx yello_box\">\r\n<h3>Sensitized on workplace behaviour, enabling them to be part of the solution and not of the problem</h3>\r\n</div>\r\n<div class=\"left_benifits_bx grey_box\">\r\n<h3>Our trekker pursues knowledge with CHASE (Character, Hope Attitude Skill &amp; Enthusiasm)</h3>\r\n</div>\r\n<div class=\"left_benifits_bx dark_yellow\">\r\n<h3>Industry ready &amp; relevant, productive &amp; enthusiastic hires</h3>\r\n</div>\r\n<div class=\"left_benifits_bx green_bx\">\r\n<h3>External Mentoring in the first year on the job</h3>\r\n</div>\r\n<div class=\"left_benifits_bx blue_bx\">\r\n<h3>Equipped with knowledge of business processes &amp; consulting tools to practically apply the theoretical learning application</h3>\r\n</div>\r\n</div>\r\n</div>'),(12,'student','<div class=\"container\">\r\n<div class=\"main_heading student_benifits\">\r\n<h4>Benefits</h4>\r\n<h3>Student - What&rsquo;s There For Me?</h3>\r\n<a href=\"index.php?r=student/portal\">Way Forward</a></div>\r\n<div class=\"center_benifits students_b\"><img class=\"img-responsive\" src=\"../../themes/cart/images/logo_tansparent.png\" alt=\"\" />\r\n<div class=\"benifits_box\">\r\n<ul>\r\n<li>\r\n<p>Decision maker</p>\r\n</li>\r\n<li>\r\n<p>Creative &amp; problem solver</p>\r\n</li>\r\n<li>\r\n<p>High on character, ethics and corporate values</p>\r\n</li>\r\n<li>\r\n<p>Leader &amp; Team Player</p>\r\n</li>\r\n<li>\r\n<p>Courageous, motivated and willing to take challenges</p>\r\n</li>\r\n<li>\r\n<p>Analytical thinker and able to relate to strategy</p>\r\n</li>\r\n<li>\r\n<p>Global &lsquo;mind - set&rsquo;</p>\r\n</li>\r\n<li>\r\n<p>Customer focussed</p>\r\n</li>\r\n<li>\r\n<p>Able to apply theoretical knowledge to practical situation</p>\r\n</li>\r\n<li>\r\n<p>&lsquo;Giver&rsquo; - the Philanthropist</p>\r\n</li>\r\n</ul>\r\n</div>\r\n<div class=\"left_benifits_bx first_bx\">\r\n<h3>Character building, developing attitude, skills, spiralling hope &amp; enthusiasm</h3>\r\n</div>\r\n<div class=\"left_benifits_bx yello_box\">\r\n<h3>Imparting industry knowledge &amp; management practices and tools</h3>\r\n</div>\r\n<div class=\"left_benifits_bx grey_box\">\r\n<h3>Business etiquettes. Work place behaviour. Ethics &amp; Values of corporate world. Enhancing soft skills</h3>\r\n</div>\r\n<div class=\"left_benifits_bx dark_yellow\">\r\n<h3>Delivering global industry learnings and best business practices</h3>\r\n</div>\r\n<div class=\"left_benifits_bx green_bx\">\r\n<h3>Mentoring &lsquo;Intern - ACE / ARISE / PRO&rsquo;- Internship- 1st Year on job</h3>\r\n</div>\r\n<div class=\"left_benifits_bx blue_bx\">\r\n<h3>Trained to undertake Company / Industry research analysis</h3>\r\n</div>\r\n</div>\r\n</div>'),(13,'contact_old','<div class=\"main_heading\">\r\n<h4>Contact Us</h4>\r\n<h3>Contact Us</h3>\r\n</div>\r\n<div class=\"contact_form\">\r\n<p>Please feel free to share what\'s on your mind. Don\'t hesitate to let us know what you wish. We are an upfront company and are there to provide simple solutions.We will make things happen for you!</p>\r\n</div>\r\n<div class=\"col-md-12 col-sm-12 col-xs-12\">\r\n<div class=\"form_wrpper\">\r\n<div class=\"col-md-4 col-sm-4 col-xs-12\">\r\n<div class=\"form_block\">\r\n<div class=\"icon_form\"><img src=\"images/location.png\" alt=\"\" /></div>\r\n<div class=\"icon_Details\">\r\n<p>MBAtrek Pvt. Ltd.414, 4th floor, Suncity Business TowersGolf Course Road, Sector 54,Gurgaon, Haryana, 122003</p>\r\n</div>\r\n</div>\r\n</div>\r\n<div class=\"col-md-4 col-sm-4 col-xs-12\">\r\n<div class=\"form_block\">\r\n<div class=\"icon_form\"><a style=\"color: black;\" href=\"mailto:contact@mbatrek.com\"> <img class=\"mail_icon\" src=\"images/email_icon.png\" alt=\"\" /> </a></div>\r\n<div class=\"icon_Details\">\r\n<p><a style=\"color: black;\" href=\"mailto:contact@mbatrek.com\">contact@mbatrek.com</a></p>\r\n</div>\r\n</div>\r\n</div>\r\n<div class=\"col-md-4 col-sm-4 col-xs-12\">\r\n<div class=\"form_block\">\r\n<div class=\"icon_form\"><img class=\"phone_iocn\" src=\"images/phone_icon.png\" alt=\"\" /></div>\r\n<div class=\"icon_Details\">\r\n<p>+919821948334</p>\r\n<p>+919821948335</p>\r\n</div>\r\n</div>\r\n</div>\r\n</div>\r\n</div>'),(14,'quick_links','<section class=\"bielf_container quick_link\">     <div class=\"container\">         <div class=\"main_heading\">             <h4>Quick Links</h4>             <h3>Quick Links To Navigate</h3>         </div>         <div class=\"row\">             <div class=\"col-md-6 col-sm-6 col-xs-12\">                 <div class=\"left_links\">                     <h2>Industry</h2>                     <ul class=\"list-unstyled\">                         <h3>Post</h3>                         <li><a href=\"javascript:void(0);\">- Live Project</a></li>                         <li><a href=\"javascript:void(0);\">- Internship</a></li>                         <li><a href=\"javascript:void(0);\">- Job</a></li>                     </ul>                     <ul class=\"list-unstyled\">                         <h3>Session</h3>                         <li><a href=\"javascript:void(0);\">- Hold A Session At Campus</a></li>                     </ul>                     <ul class=\"list-unstyled\">                         <h3>Consulting</h3>                         <li><a href=\"javascript:void(0);\">- Assign Consulting Project With Faculty</a></li>                     </ul>                 </div>             </div>             <div class=\"col-md-6 col-sm-6 col-xs-12\">                 <div class=\"right_links\">                     <h2>Institute</h2>                     <ul class=\"list-unstyled\">                         <li><a href=\"javascript:void(0);\">- Feedback of MBAtrek to Students</a></li>                         <li><a href=\"javascript:void(0);\">- Rating Given By MBA Students to MBAtrek</a></li>                         <li><a href=\"javascript:void(0);\">- Attendance</a></li>                         <li><a href=\"javascript:void(0);\">- Score</a></li>                         <li><a href=\"javascript:void(0);\">- Talk To Us</a></li>                     </ul>                 </div>             </div>         </div>     </div> </section>'),(15,'session_at_compus','<section class=\"industrial_portal\">\r\n    <div class=\"container\">\r\n        <div class=\"row\">\r\n            <div class=\"col-md-3 col-sm-4 col-xs-12 side_bar\">\r\n                <div class=\"left_sidebar\">\r\n                    <div class=\"left_heading\">\r\n                        <h2>Traits Of Our Learner</h2>\r\n                    </div>\r\n                    <div class=\"clod_img\">\r\n                        <img class=\"img-responsive\" src=\"images/cloude_img.png\"/>\r\n                    </div>\r\n                    <div class=\"module_div\">\r\n                        <div class=\"left_heading\">\r\n                            <h2>MBAtrek Module</h2>\r\n                        </div>\r\n                        <div class=\"module_table\">\r\n                            <table class=\"col-md-12 table-bordered table-striped table-condensed cf\">\r\n                                <tbody>\r\n                                    <tr>\r\n                                        <td class=\"heading_text\">M1</td>\r\n                                        <td>Lorem ipsum dolor sit amet, </td>\r\n                                    </tr>\r\n                                    <tr>\r\n                                        <td class=\"heading_text\">M2</td>\r\n                                        <td>Lorem ipsum dolor sit amet, </td>\r\n                                    </tr>\r\n                                    <tr>\r\n                                        <td class=\"heading_text\">M3</td>\r\n                                        <td>Lorem ipsum dolor sit amet, </td>\r\n                                    </tr>\r\n                                    <tr>\r\n                                        <td class=\"heading_text\">M4</td>\r\n                                        <td>Lorem ipsum dolor sit amet, </td>\r\n                                    </tr>\r\n                                    <tr>\r\n                                        <td class=\"heading_text\">M5</td>\r\n                                        <td>Lorem ipsum dolor sit amet, </td>\r\n                                    </tr>\r\n                                    <tr>\r\n                                        <td class=\"heading_text\">M6</td>\r\n                                        <td>Lorem ipsum dolor sit amet, </td>\r\n                                    </tr>\r\n                                    <tr>\r\n                                        <td class=\"heading_text\">M7</td>\r\n                                        <td>Lorem ipsum dolor sit amet, </td>\r\n                                    </tr>\r\n                                    <tr>\r\n                                        <td class=\"heading_text\">M8</td>\r\n                                        <td>Lorem ipsum dolor sit amet, </td>\r\n                                    </tr>\r\n                                    <tr>\r\n                                        <td class=\"heading_text\">M9</td>\r\n                                        <td>Lorem ipsum dolor sit amet, </td>\r\n                                    </tr>\r\n                                    <tr>\r\n                                        <td class=\"heading_text\">M10</td>\r\n                                        <td>Lorem ipsum dolor sit amet, </td>\r\n                                    </tr>\r\n                                    <tr>\r\n                                        <td class=\"heading_text\">M11</td>\r\n                                        <td>Lorem ipsum dolor sit amet, </td>\r\n                                    </tr>\r\n                                    <tr>\r\n                                        <td class=\"heading_text\">M12</td>\r\n                                        <td>Lorem ipsum dolor sit amet, </td>\r\n                                    </tr>\r\n                                    <tr>\r\n                                        <td class=\"heading_text\">M13</td>\r\n                                        <td>Lorem ipsum dolor sit amet, </td>\r\n                                    </tr>\r\n                                    <tr>\r\n                                        <td class=\"heading_text\">M14</td>\r\n                                        <td>Lorem ipsum dolor sit amet, </td>\r\n                                    </tr>\r\n                                    <tr>\r\n                                        <td class=\"heading_text\">M15</td>\r\n                                        <td>Lorem ipsum dolor sit amet, </td>\r\n                                    </tr>\r\n                                </tbody>\r\n                            </table>\r\n                        </div>\r\n                    </div>\r\n\r\n                </div>\r\n            </div>\r\n            <div class=\"col-md-9 col-sm-8 col-xs-12\">\r\n                <div class=\"right_sidebar\">\r\n                    <div class=\"main_heading\">\r\n                        <h4>Experience</h4>\r\n                        <h3 class=\"text_right\">Thoughts And Experiences</h3>\r\n                    </div>\r\n                    <p class=\"jobs_text\">I would like to share my thoughts and experiences with the MBA students. </p>\r\n                    <div class=\"session_table\">\r\n                        <table class=\"col-md-12 table-bordered table-striped table-condensed cf\">\r\n                            <thead class=\"cf\">\r\n                                <tr>\r\n                                    <th class=\"first_th\">S.No.</th>\r\n                                    <th>Thoughts & Experiences</th>\r\n                                </tr>\r\n                            </thead>\r\n                            <tbody>\r\n                                <tr>\r\n                                    <td class=\"first_td\"  data-title=\"S.No.\" class=\"heading_text\">1.</td>\r\n                                    <td  data-title=\"Thoughts & Experiences\">Etiam imperdiet ante in lectus pharetra ultricies. Phasellus elementum lacus justo, eu blandit turpis porta id. Nulla pharetra lectus euismod neque hendrerit, et aliquam tortor vestibulum. </td>\r\n                                </tr>\r\n                                <tr>\r\n                                    <td class=\"first_td\"  data-title=\"S.No.\" class=\"heading_text\">2.</td>\r\n                                    <td  data-title=\"Thoughts & Experiences\">Etiam imperdiet ante in lectus pharetra ultricies. Phasellus elementum lacus justo, eu blandit turpis porta id. Nulla pharetra lectus euismod neque hendrerit, et aliquam tortor vestibulum. </td>\r\n                                </tr>\r\n                                <tr>\r\n                                    <td class=\"first_td\"  data-title=\"S.No.\" class=\"heading_text\">3.</td>\r\n                                    <td  data-title=\"Thoughts & Experiences\">Etiam imperdiet ante in lectus pharetra ultricies. Phasellus elementum lacus justo, eu blandit turpis porta id. Nulla pharetra lectus euismod neque hendrerit, et aliquam tortor vestibulum. </td>\r\n                                </tr>\r\n                                <tr>\r\n                                    <td class=\"first_td\"  data-title=\"S.No.\" class=\"heading_text\">4.</td>\r\n                                    <td  data-title=\"Thoughts & Experiences\">Etiam imperdiet ante in lectus pharetra ultricies. Phasellus elementum lacus justo, eu blandit turpis porta id. Nulla pharetra lectus euismod neque hendrerit, et aliquam tortor vestibulum. </td>\r\n                                </tr>\r\n                                <tr>\r\n                                    <td class=\"first_td\"  data-title=\"S.No.\" class=\"heading_text\">5.</td>\r\n                                    <td  data-title=\"Thoughts & Experiences\">Etiam imperdiet ante in lectus pharetra ultricies. Phasellus elementum lacus justo, eu blandit turpis porta id. Nulla pharetra lectus euismod neque hendrerit, et aliquam tortor vestibulum. </td>\r\n                                </tr>\r\n                                <tr>\r\n                                    <td class=\"first_td\"  data-title=\"S.No.\" class=\"heading_text\">6.</td>\r\n                                    <td  data-title=\"Thoughts & Experiences\">Etiam imperdiet ante in lectus pharetra ultricies. Phasellus elementum lacus justo, eu blandit turpis porta id. Nulla pharetra lectus euismod neque hendrerit, et aliquam tortor vestibulum. </td>\r\n                                </tr>\r\n                                <tr>\r\n                                    <td class=\"first_td\"  data-title=\"S.No.\" class=\"heading_text\">7.</td>\r\n                                    <td  data-title=\"Thoughts & Experiences\">Etiam imperdiet ante in lectus pharetra ultricies. Phasellus elementum lacus justo, eu blandit turpis porta id. Nulla pharetra lectus euismod neque hendrerit, et aliquam tortor vestibulum. </td>\r\n                                </tr>\r\n                                <tr>\r\n                                    <td class=\"first_td\"  data-title=\"S.No.\" class=\"heading_text\">8.</td>\r\n                                    <td  data-title=\"Thoughts & Experiences\">Etiam imperdiet ante in lectus pharetra ultricies. Phasellus elementum lacus justo, eu blandit turpis porta id. Nulla pharetra lectus euismod neque hendrerit, et aliquam tortor vestibulum. </td>\r\n                                </tr>\r\n                                <tr>\r\n                                    <td class=\"first_td\"  data-title=\"S.No.\" class=\"heading_text\">9.</td>\r\n                                    <td  data-title=\"Thoughts & Experiences\">Etiam imperdiet ante in lectus pharetra ultricies. Phasellus elementum lacus justo, eu blandit turpis porta id. Nulla pharetra lectus euismod neque hendrerit, et aliquam tortor vestibulum. </td>\r\n                                </tr>\r\n                                <tr>\r\n                                    <td class=\"first_td\"  data-title=\"S.No.\" class=\"heading_text\">10.</td>\r\n                                    <td  data-title=\"Thoughts & Experiences\">Etiam imperdiet ante in lectus pharetra ultricies. Phasellus elementum lacus justo, eu blandit turpis porta id. Nulla pharetra lectus euismod neque hendrerit, et aliquam tortor vestibulum. </td>\r\n                                </tr>\r\n                                <tr>\r\n                                    <td class=\"first_td\"  data-title=\"S.No.\" class=\"heading_text\">11.</td>\r\n                                    <td  data-title=\"Thoughts & Experiences\">Etiam imperdiet ante in lectus pharetra ultricies. Phasellus elementum lacus justo, eu blandit turpis porta id. Nulla pharetra lectus euismod neque hendrerit, et aliquam tortor vestibulum. </td>\r\n                                </tr>\r\n                            </tbody>\r\n                        </table>\r\n                    </div>\r\n                </div>\r\n            </div>\r\n        </div>\r\n    </div>\r\n</section>'),(16,'support','<div class=\"container\">\r\n<div class=\"main_heading support_heading\">\r\n<h4>Support</h4>\r\n<h3>We at MBAtrek are here to provide you full support. Feel free to explore.</h3>\r\n</div>\r\n<div class=\"support_Wrpper\">\r\n<div class=\"rpeat_qstn\">\r\n<div class=\"row\">\r\n<div class=\"col-md-2 col-sm-3 col-xs-4\">\r\n<div class=\"image_suport\"><img class=\"img-responsive\" src=\"images/faq.png\" alt=\"\" /></div>\r\n</div>\r\n<div class=\"col-md-10 col-sm-9 col-xs-8\">\r\n<div class=\"content_support\"><a class=\"h2_title\" href=\"../../frequently-asked-questions\">FAQ&rsquo;s</a> <a class=\"anchr_title\" href=\"../../frequently-asked-questions\">Find your questions answered in the FAQs.</a></div>\r\n</div>\r\n</div>\r\n</div>\r\n<div class=\"rpeat_qstn\">\r\n<div class=\"row\">\r\n<div class=\"col-md-2 col-sm-3 col-xs-4\">\r\n<div class=\"image_suport\"><img class=\"img-responsive\" src=\"images/adviosr.png\" alt=\"\" /></div>\r\n</div>\r\n<div class=\"col-md-10 col-sm-9 col-xs-8\">\r\n<div class=\"content_support\"><a class=\"h2_title\" href=\"https://www.mbatrek.com/talk-to-our-career-advisor\">Career Advisor</a> <a class=\"anchr_title\" href=\"https://www.mbatrek.com/talk-to-our-career-advisor\">Haven&rsquo;t still found an answer? Talk to our Career Advisor for advice.</a></div>\r\n</div>\r\n</div>\r\n</div>\r\n</div>\r\n</div>'),(17,'company','<div class=\"main-helping\">\r\n                <div class=\"container\">\r\n				<div class=\"row\">\r\n				<div class=\"col-md-12 col-sm-12 col-xs-12\">\r\n               <div class=\"row\">\r\n			  <div class=\"col-md-12 col-sm-12 col-xs-12\">\r\n          <h3 class=\"text-center\">Helping you unlock the \r\n		  potential of new hires and young professionals</h3>\r\n                    \r\n						</div>\r\n						</div>\r\n						<div class=\"row\">\r\n					<div class=\"col-md-12 col-sm-12 col-xs-12\">\r\n					<p>As a recruiter or a HR lead or a hiring manger\r\n					, do you feel that your new hires and younger \r\n					professionals are struggling to cope with the \r\n					corporate life and your company&apos;s culture. Infact, \r\n					you will even notice that their productivity and idea\r\n					generation and execution capabilities are also\r\n					limited. Why do you believe this happens?</p>\r\n\r\n<p>This is a combination of lack of preparedness from the young \r\ngraduate / early stage professionals in terms of being a &apos;Ready&apos; and \r\n&apos;Relevant&apos; professional. In addition, you maybe spending very little \r\ntime on both the formal and in-formal on-boarding process.</p>\r\n\r\n<p>Infact a HBR study in June 2017, has summarized that that new hires\r\n are very vulnerable in the first 3 to 6 months and by extending the \r\n on-boarding time to close toone year, companies are significantly\r\n able to control attrition and help new hires perform better.Infact \r\n in some cases, the study quotes that 91% of the first year employees\r\n were retained with an efficient and effective on-boarding process.\r\n</p>\r\n					</div>\r\n				</div>\r\n				<div class=\"compny-footer\">\r\n				<div class=\"border\"></div>\r\n				<a href=\"#\"><img src=\"images/logo.png\" class=\"img-responsive center-block\" \r\n				alt=\"logo\" /></a>\r\n				\r\n				</div>\r\n					\r\n					\r\n                </div>\r\n				</div>\r\n				</div>\r\n				</div>'),(18,'educational_institute','<div class=\"education_container\">\r\n<div class=\"container\">\r\n<div class=\"title_main\">\r\n<h3>Partnering with Institutes to create lifelong impact for students</h3>\r\n<h4>Jointly working together to transform your students to &lsquo;Ready&rsquo; and &lsquo;Relevant&rsquo; Executives</h4>\r\n</div>\r\n<div class=\"our_journy\">\r\n<p>We work closely with institutes to help them prepare their students in a holistic manner for the corporate&nbsp;life,&nbsp;so that they can make a fantastic impact as alumni and continue strong upward placement trend.</p>\r\n<div class=\"student-journey\">\r\n<div class=\"container\">\r\n<div class=\"row\">\r\n<div class=\"student-journey-inner\">\r\n<div class=\"student-ready col-xs-12 col-md-6 col-lg-6\">\r\n<div class=\"journey-1\">\r\n<ul>\r\n<li class=\"main-box\"><span class=\"journey-text\" style=\"font-size: large;\">Student</span></li>\r\n<li class=\"box1\"><span class=\"journey-text\" style=\"font-size: large;\">Inner Realization<br /></span></li>\r\n<li class=\"box2\"><span class=\"journey-text\" style=\"font-size: large;\">Motivation</span></li>\r\n</ul>\r\n<div class=\"journey-title-bottom\"><span style=\"font-size: x-large;\">Ready</span></div>\r\n<div class=\"jpurny_title_logo\"><img src=\"../../images/mbalogo.png\" alt=\"\" /><span style=\"color: #229897;\"><strong><span style=\"font-size: xx-large;\">+</span></strong></span>&nbsp;<img src=\"../../images/education_mba.png\" alt=\"\" /></div>\r\n</div>\r\n</div>\r\n<div class=\"student-relevant col-xs-12 col-md-6 col-lg-6\">\r\n<div class=\"journey-2\">\r\n<ul>\r\n<li class=\"box1\"><span class=\"journey-text\" style=\"font-size: large;\">Skill Development</span></li>\r\n<li class=\"box2\"><span class=\"journey-text\" style=\"font-size: large;\">Preparation &amp; Practice</span></li>\r\n<li class=\"main-box\"><span class=\"journey-text\" style=\"font-size: large;\">Executive</span></li>\r\n</ul>\r\n<div class=\"journey-title-bottom\"><span style=\"font-size: x-large;\">Relevant</span></div>\r\n<div class=\"jpurny_title_logo_Second\"><img src=\"../../images/mbalogo.png\" alt=\"\" />&nbsp;<strong style=\"color: #229897;\"><span style=\"font-size: xx-large;\">+</span></strong><img src=\"../../images/education_mba.png\" alt=\"\" /></div>\r\n</div>\r\n</div>\r\n<div class=\"journy_block\">\r\n<h4 class=\"jpurny_text\">What do we mean by &lsquo;Ready&rsquo; and &lsquo;Relevant&rsquo;?</h4>\r\n<div class=\"row\">\r\n<div class=\"col-md-6\">\r\n<div class=\"journey1-list\">\r\n<h3>Ready</h3>\r\n<ul>\r\n<li><span class=\"list-icon\"><img src=\"../../images/right_mix_color.png\" alt=\"\" /></span> <span class=\"list-text\"> <span class=\"list-text-title\">Right Mix</span> build analytical, logical and structured thinking skills </span></li>\r\n<li><span class=\"list-icon\"><img src=\"../../images/corporate_icon.png\" alt=\"\" /></span> <span class=\"list-text\"><span class=\"list-text-title\">Corporatiz-ed: </span>Understand today corporate world and it&rsquo;s demands</span></li>\r\n<li><span class=\"list-icon\"><img src=\"../../images/awareness_icon.png\" alt=\"\" /></span> <span class=\"list-text\"><span class=\"list-text-title\">Industry Awareness:</span> Ability to develop point of view on industry </span></li>\r\n</ul>\r\n</div>\r\n</div>\r\n<div class=\"col-md-6\">\r\n<div class=\"journey2-list\">\r\n<h3>Relevant</h3>\r\n<ul>\r\n<li><span class=\"list-icon\"><img src=\"../../images/contribute_icon.png\" alt=\"\" /></span> <span class=\"list-text\"><strong> <span class=\"list-text-title\">Immediate Contribution: </span></strong> <span style=\"font-size: large;\">Start delivering from Day 1 in their corporate </span></span></li>\r\n<li><span class=\"list-icon\"><img src=\"../../images/long_term.png\" alt=\"\" /></span> <span class=\"list-text\"><strong> <span class=\"list-text-title\">Long Term Career: </span></strong> <span style=\"font-size: large;\">Achieve longer and more meaningful tenures in companies </span></span></li>\r\n<li><span class=\"list-icon\"><img src=\"../../images/collborate.png\" alt=\"\" /></span> <span class=\"list-text\"><strong> <span class=\"list-text-title\">Collaborate and Lead:</span></strong> <span style=\"font-size: large;\">Demonstrate capability to work and lead teams </span></span></li>\r\n</ul>\r\n</div>\r\n</div>\r\n</div>\r\n</div>\r\n<div class=\"arrow-icon\"><a class=\"scroll_to\" href=\"#delivaery_trhough\"><img src=\"../../images/blue-arrow-down.jpg\" alt=\"\" /></a></div>\r\n</div>\r\n<div class=\"transform_journy\">\r\n<h3><span style=\"color: #229897;\">Our comprehensive and unique pedagogy</span></h3>\r\n</div>\r\n<div id=\"delivaery_trhough\" class=\"classroom_div\">\r\n<h4>Classroom Based:</h4>\r\n<ul>\r\n<li><img src=\"../../images/class_room.png\" alt=\"\" /> <span>Discussion Sessions</span></li>\r\n<li><img src=\"../../images/onetoone.png\" alt=\"\" /> <span>One to One Sessions</span></li>\r\n<li><img src=\"../../images/explainer.png\" alt=\"\" /> <span>Explainer Videos</span></li>\r\n<li><img src=\"../../images/good_expericance.png\" alt=\"\" /> <span>Group Exercises</span></li>\r\n<li><img src=\"../../images/mid.png\" alt=\"\" /> <span>Mid-Career Execs Mentorship</span></li>\r\n</ul>\r\n</div>\r\n<div class=\"classroom_div out_side\">\r\n<h4>Outside Classroom (Un-limited Access):</h4>\r\n<ul>\r\n<li><img src=\"../../images/learning_portal.png\" alt=\"\" /> <span>Learning Portal</span></li>\r\n<li><img src=\"../../images/social_media.png\" alt=\"\" /> <span>Social Media</span></li>\r\n<li><img src=\"../../images/email.png\" alt=\"\" /> <span>E-mail</span></li>\r\n<li><img src=\"../../images/voice.png\" alt=\"\" /> <span>Voice / Video Calls</span></li>\r\n<li><img src=\"../../images/cheat.png\" alt=\"\" /> <span>Cheat-sheets</span></li>\r\n</ul>\r\n</div>\r\n<div>&nbsp;</div>\r\n<div>\r\n<h3><strong><span style=\"color: #229897;\">Key benefits to the educational institutions</span></strong></h3>\r\n</div>\r\n<div class=\"partnering_div\"><img src=\"../../images/partning_image.png\" alt=\"\" /> <!-- <h3>Partnering with us will help you achieve the following benefits</h3>\r\n<div class=\"partn_wrapper\">\r\n<ul>\r\n<ul>\r\n<li class=\"imporved\">\r\n<div class=\"inner_block\">Improved Student Intake Quality and Size</div>\r\n</li>\r\n<li class=\"ranking\">\r\n<div class=\"inner_block\">Rankings / Accreditation</div>\r\n<div class=\"arrow first\"><img src=\"https://mbatrek.com/v2/images/arrow1.png\" alt=\"\" /></div>\r\n<div class=\"arrow second\"><img src=\"https://mbatrek.com/v2/images/arrow2.png\" alt=\"\" /></div>\r\n</li>\r\n<ul>\r\n<li class=\"Quality_li\">\r\n<div class=\"inner_block\">Quality Alumni base in the industry</div>\r\n</li>\r\n<li class=\"Quality_li\">\r\n<div class=\"inner_block\">Branding as a Career Building Insitution</div>\r\n</li>\r\n</ul>\r\n</ul>\r\n</ul>\r\n<div class=\"arrow third\"><img src=\"https://mbatrek.com/v2/images/arrow3.png\" alt=\"\" /></div>\r\n</div> --></div>\r\n<div class=\"engament_model\">\r\n<h3>Our typical engagement model</h3>\r\n<ul>\r\n<li><label>Introduction</label> <span>Initial dialogue around the MBAtrek concept and process</span></li>\r\n<li class=\"top_li\"><label>1st Round</label> <span>Discussion on key issues with institute\'s management</span></li>\r\n<li><label>2nd Round</label> <span>Initial interaction with your institute\'s&nbsp;faculty</span></li>\r\n<li class=\"top_li\"><label>3rd Round</label> <span>Detailed working sessions with your institute\'s faculty</span></li>\r\n<li><label>Meeting the Batch</label> <span>Initial students interaction and survey</span></li>\r\n<li class=\"top_li\"><label>Insights Workshop</label> <span>Present initial insights on student interaction</span></li>\r\n<li><label>Program Start</label></li>\r\n</ul>\r\n</div>\r\n<div class=\"arrow-icon\"><a class=\"scroll_to\" href=\"#profile_section\"><img src=\"../../images/blue-arrow-down.jpg\" alt=\"\" /></a></div>\r\n<div id=\"profile_section\" class=\"leader_shipt_div\">\r\n<h3>Connect with our leadership team</h3>\r\n<div class=\"row\">\r\n<div class=\"col-md-6\">\r\n<div class=\"team_container\">\r\n<div class=\"team_photo\"><img src=\"../../images/alok.jpg\" alt=\"\" /></div>\r\n<div class=\"team_description\">\r\n<h3><span style=\"color: #229897; font-size: xx-large;\"><a href=\"https://www.linkedin.com/in/aloksrivastava-mbatrek/\" target=\"_blank\"><span style=\"color: #229897;\">Alok Srivastava</span></a></span></h3>\r\n<span> Co-Founder</span>&nbsp;<span>PGDBM (1975-77), XLRI</span> <span>Global Management Program, University of Michigan&nbsp;</span></div>\r\n<div class=\"contact_Details_team\"><label>Mobile: +91-9810007333</label> <span style=\"text-decoration: underline;\"><a href=\"mailto:alok.srivastava@mbatrek.com\" target=\"_blank\">alok.srivastava@mbatrek.com</a></span></div>\r\n<div class=\"company_work\">\r\n<h3>Companies worked for</h3>\r\n<ul>\r\n<li><img src=\"../../images/honey.png\" alt=\"\" /></li>\r\n<li><img src=\"../../images/ranbaxy.png\" alt=\"\" /></li>\r\n<li><img src=\"../../images/apac.jpg\" alt=\"\" /></li>\r\n</ul>\r\n</div>\r\n</div>\r\n</div>\r\n<div class=\"col-md-6\">\r\n<div class=\"team_container\">\r\n<div class=\"team_photo\"><img src=\"../../images/abhishek.png\" alt=\"\" /></div>\r\n<div class=\"team_description\">\r\n<h3><span style=\"color: #229897; font-size: xx-large;\"><a href=\"https://www.linkedin.com/in/abhishek-mbatrek/\" target=\"_blank\"><span style=\"color: #229897;\">Abhishek Srivastava</span></a></span></h3>\r\n<span> Co-Founder and CEO</span>&nbsp;<span>MBA (ISB), MS (Georgia Institute of Technology),</span> <span>BE (Delhi College of Engineering)&nbsp;</span></div>\r\n<div class=\"contact_Details_team\"><label>Mobile: +91-8800466800</label> <span style=\"text-decoration: underline;\"><a href=\"mailto:abhishek.srivastava@mbatrek.com\" target=\"_blank\">abhishek.srivastava@mbatrek.com</a></span></div>\r\n<div class=\"company_work\">\r\n<h3>Companies worked for</h3>\r\n<ul>\r\n<li><img src=\"../../images/apple.jpg\" alt=\"\" /></li>\r\n<li><img src=\"../../images/accenture.png\" alt=\"\" /></li>\r\n<li><img src=\"../../images/schendir.png\" alt=\"\" /></li>\r\n<li><img src=\"../../images/trinity.png\" alt=\"\" /></li>\r\n</ul>\r\n</div>\r\n</div>\r\n</div>\r\n</div>\r\n</div>\r\n</div>\r\n</div>\r\n</div>\r\n</div>\r\n</div>\r\n</div>'),(19,'student_page','<div class=\"student-top\">\r\n<div class=\"container\">\r\n<div class=\"student-internship col-xs-12 col-md-6 col-lg-6\">\r\n<div class=\"icon-holder\"><a id=\"tab1\" href=\"#\"> <span class=\"icon\"> <img src=\"../../images/working-thinking-green.png\" alt=\"\" /> <span class=\"icon-title\">Internship</span> </span> <span class=\"icon-text\"> Need help in preparing for internship? <br /><span style=\"text-decoration: underline;\">Click Here</span></span> </a></div>\r\n</div>\r\n<div class=\"student-placement col-xs-12 col-md-6 col-lg-6\">\r\n<div class=\"icon-holder\"><a id=\"tab2\" href=\"#\"> <span class=\"icon\"> <img src=\"../../images/final placement-blue.png\" alt=\"\" /> <span class=\"icon-title\">Final Placements</span> </span> <span class=\"icon-text\"> Need help in preparing for final placements? <span style=\"text-decoration: underline;\">Click Here</span> </span> </a></div>\r\n</div>\r\n</div>\r\n</div>\r\n<div class=\"student-title\">\r\n<div class=\"container\">\r\n<div class=\"student-title-inner\">Your Journey to Corporate life has already started...</div>\r\n</div>\r\n</div>\r\n<div class=\"student-journey\">\r\n<div class=\"container\">\r\n<div class=\"student-journey-inner\">\r\n<div class=\"student-ready col-xs-12 col-md-6 col-lg-6\">\r\n<div class=\"journey-1\">\r\n<ul>\r\n<li class=\"main-box\"><span class=\"journey-text\" style=\"font-size: large;\">Student</span></li>\r\n<li class=\"box1\"><span class=\"journey-text\" style=\"font-size: large;\">Inner Realization</span></li>\r\n<li class=\"box2\"><span class=\"journey-text\" style=\"font-size: large;\">Motivation</span></li>\r\n</ul>\r\n<div class=\"journey-title-bottom\"><span style=\"font-size: x-large;\">Ready</span></div>\r\n<div class=\"journey1-list\">\r\n<ul>\r\n<li><span class=\"list-icon\"><img src=\"../../images/right_mix_color.png\" alt=\"\" /></span> <span class=\"list-text\" style=\"font-size: large;\"> <span class=\"list-text-title\">Right Mix:</span> Build analytical, logical and structured thinking skills </span></li>\r\n<li><span class=\"list-icon\"><img src=\"../../images/corporate_icon.png\" alt=\"\" /></span> <span class=\"list-text\" style=\"font-size: large;\"> <span class=\"list-text-title\">Corporatiz-ed:</span> Understand today\'s corporate world and its demands </span></li>\r\n<li><span class=\"list-icon\"><img src=\"../../images/awareness_icon.png\" alt=\"\" /></span><span class=\"list-text\" style=\"font-size: large;\"> <span class=\"list-text-title\">Industry Awareness:</span> Ability to develop point of view on industry trends </span></li>\r\n</ul>\r\n</div>\r\n</div>\r\n</div>\r\n<div class=\"student-relevant col-xs-12 col-md-6 col-lg-6\">\r\n<div class=\"journey-2\">\r\n<ul>\r\n<li class=\"box1\"><span class=\"journey-text\" style=\"font-size: large;\">Skill Development</span></li>\r\n<li class=\"box2\"><span class=\"journey-text\" style=\"font-size: large;\">Preparation &amp; Practice</span></li>\r\n<li class=\"main-box\"><span class=\"journey-text\" style=\"font-size: large;\">Executive</span></li>\r\n</ul>\r\n<div class=\"journey-title-bottom\"><span style=\"font-size: x-large;\">Relevant</span></div>\r\n<div class=\"journey2-list\">\r\n<ul>\r\n<li><span class=\"list-icon\"><img src=\"../../images/contribute_icon.png\" alt=\"\" /></span> <span class=\"list-text\" style=\"font-size: large;\"> <span class=\"list-text-title\">Immediate Contribution:</span> Start delivering from Day 1 in their corporate role </span></li>\r\n<li><span class=\"list-icon\"><img src=\"../../images/long_term.png\" alt=\"\" /></span> <span class=\"list-text\" style=\"font-size: large;\"> <span class=\"list-text-title\">Long Term Career:</span> Develop a mindset of not jumping between short term jobs </span></li>\r\n<li><span class=\"list-icon\"><img src=\"../../images/collborate.png\" alt=\"\" /></span> <span class=\"list-text\" style=\"font-size: large;\"> <span class=\"list-text-title\">Collaborate and Lead:</span> Demonstrate capability to work and lead teams </span></li>\r\n</ul>\r\n</div>\r\n</div>\r\n</div>\r\n<div class=\"arrow-icon\"><a class=\"scroll_to\" href=\"#followed_by\"><img src=\"../../images/blue-arrow-down.jpg\" alt=\"\" /></a></div>\r\n</div>\r\n</div>\r\n</div>'),(20,'mbatrek_story','<div class=\"mbatek_strory\">\r\n<div class=\"container\">\r\n<div class=\"row\">\r\n<h3>Our Story and Approach</h3>\r\n<h4>What are we trying to solve?</h4>\r\n<p>MBAtrek was created when our founders <span style=\"color: #229897;\"><a href=\"https://www.linkedin.com/in/aloksrivastava-mbatrek/\" target=\"_blank\"><span style=\"color: #229897;\">Alok Srivastava</span></a></span> and <span style=\"color: #229897;\"><a href=\"https://www.linkedin.com/in/abhishek-mbatrek/\" target=\"_blank\"><span style=\"color: #229897;\">Abhishek Srivastava</span></a></span> asked a truly unanswered question:</p>\r\n<p><span> Does the eco-system of educational institutions and corporates really transform students into &lsquo;Ready&rsquo; and &lsquo;Relevant&rsquo; industry executives? </span></p>\r\n<p><span>The overwhelming answer is &lsquo;NO&rsquo;.</span> In today&rsquo;s world, companies in any industry are facing a <span>number of challenges:</span></p>\r\n<ul>\r\n<li><img src=\"images/stand_icon.png\" alt=\"\" /> <span>New and Emerging Business Models </span></li>\r\n<li><img src=\"images/dot_icon.png\" alt=\"\" /> <span>Constant Disruption due to Technology </span></li>\r\n<li><img src=\"images/band_icon.png\" alt=\"\" /> <span>New and Emerging Business Models </span></li>\r\n</ul>\r\n<p class=\"relevent_upper_text\">The expectations from <span>young professionals</span> and graduates have never been higher and the&nbsp;<span>millennial workforce </span> will only <span>succeed in companies</span> if they demonstrate the <span>following attributes&hellip;</span></p>\r\n</div>\r\n</div>\r\n<div class=\"ready_section\">\r\n<div class=\"container\">\r\n<div class=\"stry_text\">\r\n<div class=\"journy_block\">\r\n<div class=\"row\">\r\n<div class=\"col-md-6\">\r\n<div class=\"journey1-list\">\r\n<h3><span style=\"font-size: x-large;\">Ready</span></h3>\r\n<ul>\r\n<li><span style=\"font-size: large;\"><span class=\"list-icon\"><img src=\"../../images/right_mix_color.png\" alt=\"\" /></span><span class=\"list-text\"> <span class=\"list-text-title\">Right Mix:</span> Build analytical, logical and structured thinking skills </span></span></li>\r\n<li><span style=\"font-size: large;\"><span class=\"list-icon\"><img src=\"images/corporate_icon.png\" alt=\"\" /></span> <span class=\"list-text\"> <span class=\"list-text-title\">Corporatiz-ed:</span> Understand today&rsquo;s corporate world and it&rsquo;s demands </span></span></li>\r\n<li><span style=\"font-size: large;\"><span class=\"list-icon\"><img src=\"../../images/awareness_icon.png\" alt=\"\" /></span> <span class=\"list-text\"> <span class=\"list-text-title\">Industry Awareness:</span> Ability to develop point of view on industry </span></span></li>\r\n</ul>\r\n</div>\r\n</div>\r\n<div class=\"col-md-6\">\r\n<div class=\"journey2-list\">\r\n<h3><span style=\"font-size: x-large;\">Relevant</span></h3>\r\n<ul>\r\n<li><span style=\"font-size: medium;\"><span class=\"list-icon\"><img src=\"images/contribute_icon.png\" alt=\"\" /> </span><span class=\"list-text\"> <span class=\"list-text-title\">Immediate Contribution: </span> Start delivering from Day 1 in their corporate </span></span></li>\r\n<li><span style=\"font-size: large;\"><span class=\"list-icon\"><img src=\"images/long_term.png\" alt=\"\" /></span> <span class=\"list-text\"> <span class=\"list-text-title\">Long Term Career: </span> Achieve longer and more meaningful tenures in companies </span></span></li>\r\n<li><span style=\"font-size: large;\"><span class=\"list-icon\"><img src=\"images/collborate.png\" alt=\"\" /></span> <span class=\"list-text\"> <span class=\"list-text-title\">Collaborate and Lead:</span> Demonstrate capability to work and lead teams </span></span></li>\r\n</ul>\r\n</div>\r\n</div>\r\n</div>\r\n</div>\r\n</div>\r\n</div>\r\n</div>\r\n<div class=\"addition_wrapper\">\r\n<div class=\"container\">\r\n<div class=\"addtional_container\">\r\n<p><span style=\"font-size: large;\"><span style=\"color: #000000;\">In addition, there is increasing pressure to</span> work and collaborate in teams, operate in decentralized environments and with a heightened sense of ownership and responsibility. <span style=\"color: #000000;\">This requires a completely</span> different mindset and set of personality traits <span style=\"color: #000000;\">which includes:</span></span></p>\r\n<ul>\r\n<li><img src=\"images/character_icon.png\" alt=\"\" /> <span>Character</span></li>\r\n<li><img src=\"images/hope_icon.png\" alt=\"\" /> <span>Hope </span></li>\r\n<li><img src=\"images/atittude_icon.png\" alt=\"\" /> <span>Attitude </span></li>\r\n<li><img src=\"images/self_icon.png\" alt=\"\" /> <span>Self-Awareness </span></li>\r\n<li><img src=\"images/entism_icon.png\" alt=\"\" /> <span>Enthusiasm </span></li>\r\n</ul>\r\n</div>\r\n</div>\r\n</div>\r\n<div class=\"transfor_process\">\r\n<div class=\"container\">\r\n<h3>MBAtrek Transformation Process</h3>\r\n<p>After detailed research and meetings with <span>industry associations (including CII), numerous HR experts, seasoned corporate professionals</span> and <span>leaders of educational institutions</span>,<span style=\"color: #229897;\"><a href=\"https://www.linkedin.com/in/aloksrivastava-mbatrek/\" target=\"_blank\"><span style=\"color: #229897;\"> Alok</span></a></span> and <span style=\"color: #229897;\"><a href=\"https://www.linkedin.com/in/abhishek-mbatrek/\" target=\"_blank\"><span style=\"color: #229897;\">Abhishek</span></a> </span>came up with the idea of a unique platform which addresses the concerns and needs for all stakeholders. This was the rise of<span> MBAtrek.</span></p>\r\n<div class=\"mbatrek_arrow\"><img src=\"images/arrow_mbatrek.png\" alt=\"\" />\r\n<ul>\r\n<li><img src=\"images/yound_student.png\" alt=\"\" /> <span>Young Student / Graduate </span> <img class=\"arrow_track\" src=\"images/arrow_track.png\" alt=\"\" /></li>\r\n<li class=\"relevent_li\"><img src=\"images/relevent_process.png\" alt=\"\" /> <span>Ready and Relevant Professional</span> <img class=\"arrow_track\" src=\"images/arrow_track.png\" alt=\"\" /></li>\r\n<li class=\"performing_li\"><img src=\"images/high_performing.png\" alt=\"\" /> <span>High Performing Executive</span></li>\r\n</ul>\r\n</div>\r\n<div class=\"adjusting_div more_explain\">\r\n<div class=\"home-cta-wrapper\">\r\n<h4 class=\"home_cta_title\">How are we addressing our stakeholders\' need?</h4>\r\n<div class=\"row\">\r\n<div class=\"col-xs-12 col-md-6 col-lg-3 cta-home\">\r\n<div class=\"cta-home-wrap\"><a class=\"cta-link1\" href=\"../../cart/student\"> <span class=\"cta-img\"><img src=\"images/student.png\" alt=\"\" /> </span> <span class=\"cta-title\">Students</span> </a>\r\n<div class=\"cta-body\">\r\n<div class=\"cta-body-row\"><a href=\"../../cart/student\"><span class=\"body-icon\"><img src=\"images/cta1.1.png\" alt=\"\" /></span></a> <span class=\"body-text\">Become Industry Ready and Relevant</span></div>\r\n<div class=\"cta-body-row\"><span class=\"body-icon\"><img src=\"images/cta1.2.png\" alt=\"\" /></span> <span class=\"body-text\">Accelerate transition to corporates</span></div>\r\n<div class=\"cta-body-row\"><span class=\"body-icon\"><img src=\"images/cta1.3.png\" alt=\"\" /></span> <span class=\"body-text\">Develop right skills for corporate success</span></div>\r\n</div>\r\n<div class=\"cta-link2\"><a href=\"../../cart/student\">Know More</a> <span style=\"color: #229897;\">&gt;&gt;</span></div>\r\n</div>\r\n</div>\r\n<div class=\"col-xs-12 col-md-6 col-lg-3 cta-home\">\r\n<div class=\"cta-home-wrap\"><a class=\"cta-link1\" href=\"../../cart/profesionals\"> <span class=\"cta-img\"><img src=\"images/young.png\" alt=\"\" /></span> <span class=\"cta-title\">Young Professionals</span> </a>\r\n<div class=\"cta-body\">\r\n<div class=\"cta-body-row\"><span class=\"body-icon\"><img src=\"images/cta2.1.png\" alt=\"\" /></span> <span class=\"body-text\">Hit the ground RUNNING \"Day 1\"</span></div>\r\n<div class=\"cta-body-row\"><span class=\"body-icon\"><img src=\"images/cta2.2.png\" alt=\"\" /></span><span>Manage your growth in the first few years</span></div>\r\n<div class=\"cta-body-row\"><span class=\"body-icon\"><img src=\"images/cta2.3.png\" alt=\"\" /></span>&nbsp;<span class=\"body-text\">Engage with right industry people</span></div>\r\n</div>\r\n<div class=\"cta-link2\"><a href=\"../../cart/profesionals\">Know More</a><span style=\"color: #229897;\"> &gt;&gt;</span></div>\r\n</div>\r\n</div>\r\n<div class=\"col-xs-12 col-md-6 col-lg-3 cta-home\">\r\n<div class=\"cta-home-wrap\"><a class=\"cta-link1\" href=\"../../site/page?view=educational_institute\"> <span class=\"cta-img\"><img src=\"images/educational.png\" alt=\"\" /></span> <span class=\"cta-title\">Educational Institutes</span> </a>\r\n<div class=\"cta-body\">\r\n<div class=\"cta-body-row\"><span class=\"body-icon\"><img src=\"images/cta3.1.png\" alt=\"\" /></span> <span class=\"body-text\">Provide the right industry connect</span></div>\r\n<div class=\"cta-body-row\"><span class=\"body-icon\"><img src=\"images/cta3.2.png\" alt=\"\" /></span> <span class=\"body-text\">Build reputation for career building</span></div>\r\n<div class=\"cta-body-row\"><span class=\"body-icon\"><img src=\"images/cta3.3.png\" alt=\"\" /></span> <span class=\"body-text\">Help improve the ROI of your programs</span></div>\r\n</div>\r\n<div class=\"cta-link2\"><a href=\"../../site/page?view=educational_institute\">Know More</a><span style=\"color: #229897;\"> &gt;&gt;</span></div>\r\n</div>\r\n</div>\r\n<div class=\"col-xs-12 col-md-6 col-lg-3 cta-home\">\r\n<div class=\"cta-home-wrap\"><a class=\"cta-link1\" href=\"../../company\"> <span class=\"cta-img\"><img src=\"images/company.png\" alt=\"\" /></span> <span class=\"cta-title\">Companies</span> </a>\r\n<div class=\"cta-body\">\r\n<div class=\"cta-body-row\"><span class=\"body-icon\"><img src=\"images/cta4.1.png\" alt=\"\" /></span> <span class=\"body-text\">On-board young talent seamlessly</span></div>\r\n<div class=\"cta-body-row\"><span class=\"body-icon\"><img src=\"images/cta4.2.png\" alt=\"\" /></span> <span class=\"body-text\">Develop next set of problem solvers</span></div>\r\n<div class=\"cta-body-row\"><span class=\"body-icon\"><img src=\"images/cta4.3.png\" alt=\"\" /></span> <span class=\"body-text\">Build stability and focus in workforce</span></div>\r\n</div>\r\n<div class=\"cta-link2\"><a href=\"../../company\">Know More</a><span style=\"color: #229897;\"> &gt;&gt;</span></div>\r\n</div>\r\n</div>\r\n</div>\r\n</div>\r\n</div>\r\n</div>\r\n</div>\r\n</div>'),(21,'how_we_are_different','<div class=\"diffrent_container\">\r\n<div class=\"container\">\r\n<div class=\"row\">\r\n<h3>How are we different?</h3>\r\n<div class=\"col-md-4\">\r\n<div class=\"diffrent_block bulid_capblity\"><img src=\"themes/cart/images/bulid_capability_icon.png\" alt=\"\" />\r\n<h4>Build capability for future</h4>\r\n<p>We will not only make you ready, but also help you build capabilities for future which can help in long term success</p>\r\n</div>\r\n</div>\r\n<div class=\"col-md-4\">\r\n<div class=\"diffrent_block\"><img src=\"themes/cart/images/solve_capability.png\" alt=\"\" />\r\n<h4>Solve for your context</h4>\r\n<p>We first understand you, your background, your skill level, your needs and then provide solutions according to the context</p>\r\n</div>\r\n</div>\r\n<div class=\"col-md-4\">\r\n<div class=\"diffrent_block bielve_in\"><img src=\"themes/cart/images/in_player_icon.png\" alt=\"\" />\r\n<h4>Believe in player-coach relationship</h4>\r\n<p>Get coached by mid-career executives with 10-20 years of experience who can give you relevant and actionable advice</p>\r\n</div>\r\n</div>\r\n</div>\r\n<div class=\"we_diffrent_container\">\r\n<div class=\"classroom_div\">\r\n<h3>Our Unique Coaching and Pedagogy</h3>\r\n<h4>Classroom Based:</h4>\r\n<ul>\r\n<li><img src=\"../../images/class_room.png\" alt=\"\" /><span>Discussion Sessions</span></li>\r\n<li><img src=\"../../images/onetoone.png\" alt=\"\" /><span>One to One Sessions</span></li>\r\n<li><img src=\"../../images/explainer.png\" alt=\"\" /><span>Explainer Videos</span></li>\r\n<li><img src=\"../../images/good_expericance.png\" alt=\"\" /><span>Group Exercises</span></li>\r\n<li><img src=\"../../images/mid.png\" alt=\"\" /><span>Mid-Career Execs Mentorship</span></li>\r\n</ul>\r\n</div>\r\n<div class=\"classroom_div out_side\">\r\n<h4>Outside Classroom (Un-limited Access):</h4>\r\n<ul>\r\n<li><img src=\"images/learning_portal.png\" alt=\"\" /> <span>Learning Portal</span></li>\r\n<li><img src=\"images/social_media.png\" alt=\"\" /> <span>Social Media</span></li>\r\n<li><img src=\"images/email.png\" alt=\"\" /> <span>E-mail</span></li>\r\n<li><img src=\"images/voice.png\" alt=\"\" /> <span>Voice / Video Calls</span></li>\r\n<li><img src=\"images/cheat.png\" alt=\"\" /> <span>Cheat-sheets</span></li>\r\n</ul>\r\n</div>\r\n</div>\r\n</div>\r\n</div>'),(22,'alok','<div class=\"intro_Container\">\r\n<div class=\"container\">\r\n<div class=\"into_heading\"><img src=\"themes/cart/images/alok_sir_new.png\" alt=\"\" />\r\n<div class=\"name_Wrap\">\r\n<h2>Alok Srivastava</h2>\r\n<ul>\r\n<li><a href=\"mailto:alok.srivastava@mbatrek.com\"><em class=\"fa fa-envelope\"></em>alok.srivastava@mbatrek.com</a></li>\r\n<li><em class=\"fa fa-phone\"></em>+91-98 1000 7333</li>\r\n<li><a href=\"https://www.linkedin.com/in/aloksrivastava-mbatrek\"><em class=\"fa fa-linkedin-square\"></em>LinkedIn Profile</a></li>\r\n</ul>\r\n</div>\r\n</div>\r\n<div class=\"intro_wrapper\">\r\n<p>Alok Srivastava, the <span>co-founder of MBAtrek Pvt. Ltd.,</span> has <span>41 years of vast and varied senior management global experience.</span> Alok is a <span>management graduate from XLRI (1977 batch)</span> and participated in the Global Management Program at <span>Stephen M. Ross School of Business, Michigan University (1998).</span></p>\r\n<p>He has directly mentored and coached <span>1,000+ young executives and middle to senior level managers in</span> his career. He is extremely passionate about making young students and professionals <span>\'Ready\'</span> and <span>\'Relevant\'</span> executives to <span>#hitthegroundRUNNING</span> and co-founded MBAtrek with Abhishek Srivastava.</p>\r\n<p>He had earlier founded a <span>B2B Strategic Sourcing</span> company <span>APAC Sourcing Solutions</span> which is now working with suppliers and customers across <span>15+ countries</span> in the Americas, Middle East and South East Asia.</p>\r\n<p>Previously, he has worked as the <span>Director (Asia Pacific region), Specialty Materials business for Honeywell Inc.</span> During the same period, he also represented <span>Honeywell on the Board of M/s Usha Amorphous</span> (Joint Venture Company). Alok has had a long and extensive tenure with Ranbaxy Laboratories spanning <span>23 years</span> in various senior global leadership roles including <span>Managing Director of Ranbaxy Fine Chemicals Ltd.</span> &amp; Ranbaxy&rsquo;s subsidiaries abroad for 11 years, <span>Head of Strategic Planning, IT and MIS and General Manager</span> for a large green field <span>US$ 30 million project. </span></p>\r\n<p>He has <span>rich cross- functional experience</span> in managing companies globally, <span>human resource management, strategic and operational management, training of marketing and functional managers.</span> He has extensively participated in major business decisions with multinational companies and has a proven track record of improving business processes and to lead an effective and efficient management of profit centers.</p>\r\n</div>\r\n</div>\r\n</div>'),(23,'abhishek','<div class=\"intro_Container\">\r\n<div class=\"container\">\r\n<div class=\"into_heading\"><img src=\"themes/cart/images/alok_profile_img.png\" alt=\"\" />\r\n<div class=\"name_Wrap\">\r\n<h2>Abhishek Srivastava</h2>\r\n<ul>\r\n<li><a href=\"mailto:abhishek.srivastava@mbatrek.com\"><em class=\"fa fa-envelope\"></em>abhishek.srivastava@mbatrek.com</a></li>\r\n<li><em class=\"fa fa-phone\"></em>+91-88 0046 6800</li>\r\n<li><a href=\"https://www.linkedin.com/in/abhishek-mbatrek\"><em class=\"fa fa-linkedin-square\"></em>LinkedIn Profile</a></li>\r\n</ul>\r\n</div>\r\n<div class=\"intro_wrapper\">\r\n<p>Abhishek Srivastava, the<span> co-founder of MBAtrek Pvt. Ltd.,</span> has<span> 10 years of global experience.</span> Abhishek is an <span>MBA</span> from <span>Indian School of Business</span> and has a <span>Masters</span> in Environmental Engineering from<span> Georgia Tech, USA</span> (Recipient of <span>Outstanding Masters Student</span>) and a <span>Bachelors</span> in Environmental Engineering from <span>Delhi College of Engineering.</span></p>\r\n<p>He has <span>directly mentored and coached 100+ young executives in</span> through <span>various formal and informal mentoring</span> and <span>coaching</span> programs. He is extremely passionate about making young students and professionals <span>\'Ready\'</span> and <span>\'Relevant\'</span> executives to <span>#hitthegroundRUNNING.&nbsp;</span>Prior to MBAtrek, he worked as the <span> Head of Business Planning and Strategy</span> for the <span>Enterprise and Education business</span> for <span>Apple India.</span> He had closely worked with India sales leadership on <span>building and executing annual and 3-year strategic roadmap</span>for the enterprise and education segments in addition to his business planning responsibilities.</p>\r\n<p>Previously, he was a <span>seasoned strategy and sustainability professional</span> with extensive experience across <span>diverse industry sectors</span> (oil and gas, telecom, metals and mining, consumer goods, chemicals, power generation) in developing and implementing sustainability strategies, enterprise wide sustainability and EHS performance management solutions, environmental and safety compliance systems in supply chains across <span>USA, Southern Africa, South-east Asia and the Middle East.</span> He was one of the founding members of the Sustainability practice based out of India. He has also worked at <span>Schneider Electric</span> as a <span>Business Development and Strategy Manger</span> leading the <span>Remote Energy Management (REM)</span> and with <span>Trinity Consultants (USA)</span> as a <span>Senior Environmental Consultant.</span></p>\r\n</div>\r\n</div>\r\n</div>\r\n</div>'),(24,'abbhishek','<span>Edit Me</span>'),(25,'blog','<div class=\"blog_new_container\">\r\n<div class=\"blog_header\">\r\n<div class=\"container\">\r\n<div class=\"col-md-4\">\r\n<div class=\"header_btn\"><a class=\"active_high\" href=\"javascript:void(0);\">Recent Updates</a></div>\r\n</div>\r\n<div class=\"col-md-4\">\r\n<div class=\"header_btn\"><a href=\"javascript:void(0);\">Job Ready</a></div>\r\n</div>\r\n<div class=\"col-md-4\">\r\n<div class=\"header_btn\"><a href=\"javascript:void(0);\">CXO\'s Thoughts</a></div>\r\n</div>\r\n</div>\r\n</div>\r\n<div class=\"container\">\r\n<div class=\"blog_container\">\r\n<h3>Helping you make the most of your career</h3>\r\n<div class=\"our_blog\">\r\n<div class=\"row\">\r\n<div class=\"col-md-4 col-sm-4 col-xs-6\">\r\n<div class=\"blog_block\">\r\n<ul class=\"list-unstyled\">\r\n<li><span class=\"date_blog\">03</span> <span class=\"month_blog\">Aug</span></li>\r\n<li><img src=\"images/comment_icon.png\" alt=\"\" /> <span class=\"comment_blog\">17</span></li>\r\n</ul>\r\n<div class=\"blog_img\"><img class=\"img-responsive\" src=\"images/blog_img.jpg\" alt=\"\" /></div>\r\n<div class=\"blog_content\">\r\n<div class=\"blog_info\"><a href=\"../site/blogdetails/12\">Tips on GD</a>\r\n<p>Why is it done? GD is used to assess group skills that cannot be judged in an...</p>\r\n<div class=\"blog_btn\">\r\n<div class=\"site_btn\"><a class=\"raised ripple has-ripple\" href=\"../site/blogdetails/12\">Read more</a></div>\r\n</div>\r\n</div>\r\n</div>\r\n</div>\r\n</div>\r\n<div class=\"col-md-4 col-sm-4 col-xs-6\">\r\n<div class=\"blog_block\">\r\n<ul class=\"list-unstyled\">\r\n<li><span class=\"date_blog\">28</span> <span class=\"month_blog\">Jan</span></li>\r\n<li><img src=\"images/comment_icon.png\" alt=\"\" /> <span class=\"comment_blog\">17</span></li>\r\n</ul>\r\n<div class=\"blog_img\"><img class=\"img-responsive\" src=\"images/blog_img.jpg\" alt=\"\" /></div>\r\n<div class=\"blog_content\">\r\n<div class=\"blog_info\"><a href=\"../site/blogdetails/1\">Problems with management education in India</a>\r\n<p>The problem which students of India are facing is that after completing 2...</p>\r\n<div class=\"blog_btn\">\r\n<div class=\"site_btn\"><a class=\"raised ripple has-ripple\" href=\"../site/blogdetails/1\">Read more</a></div>\r\n</div>\r\n</div>\r\n</div>\r\n</div>\r\n</div>\r\n<div class=\"col-md-4 col-sm-4 col-xs-6\">\r\n<div class=\"blog_block\">\r\n<ul class=\"list-unstyled\">\r\n<li><span class=\"date_blog\">16</span> <span class=\"month_blog\">Mar</span></li>\r\n<li><img src=\"images/comment_icon.png\" alt=\"\" /> <span class=\"comment_blog\">17</span></li>\r\n</ul>\r\n<div class=\"blog_img\"><img class=\"img-responsive\" src=\"images/blog_img.jpg\" alt=\"\" /></div>\r\n<div class=\"blog_content\">\r\n<div class=\"blog_info\"><a href=\"../site/blogdetails/11\">CHASE</a>\r\n<p>Why do employers prefer one candidate over others? Why do some people...</p>\r\n<div class=\"blog_btn\">\r\n<div class=\"site_btn\"><a class=\"raised ripple has-ripple\" href=\"../site/blogdetails/11\">Read more</a></div>\r\n</div>\r\n</div>\r\n</div>\r\n</div>\r\n</div>\r\n<div class=\"col-md-12 col-sm-12 col-xs-12\">&nbsp;</div>\r\n</div>\r\n</div>\r\n</div>\r\n</div>\r\n</div>'),(26,'blog_detail','<div class=\"blog_new_container_details\">\r\n<div class=\"blog_header\">\r\n<div class=\"container\">\r\n<div class=\"col-md-4\">\r\n<div class=\"header_btn\"><a class=\"active_high\" href=\"javascript:void(0);\">Recent Updates</a></div>\r\n</div>\r\n<div class=\"col-md-4\">\r\n<div class=\"header_btn\"><a href=\"javascript:void(0);\">Recent Updates</a></div>\r\n</div>\r\n<div class=\"col-md-4\">\r\n<div class=\"header_btn\"><a href=\"javascript:void(0);\">Recent Updates</a></div>\r\n</div>\r\n</div>\r\n</div>\r\n<div class=\"container\">\r\n<div class=\"blog_container\">\r\n<h3>Helping you make the most of your career</h3>\r\n<div class=\"blog_details\">\r\n<div class=\"blog_heading\">\r\n<h2>Tips on GD</h2>\r\n<ul class=\"list-inline list-unstyled\">\r\n<li><span class=\"posted_by\">By: Ayushi Gupta</span></li>\r\n<li><span class=\"posted_on\">On: 03 Aug, 2017</span></li>\r\n</ul>\r\n</div>\r\n<div class=\"blog_header\"><img class=\"img-responsive\" src=\"images/blog_Details_img.png\" alt=\"\" /></div>\r\n<div class=\"row\">\r\n<div class=\"col-md-9 col-sm-9 col-xs-12\">\r\n<div class=\"share_post\">\r\n<ul class=\"list-inline list-unstyled\">\r\n<li><a class=\"comment_post\" href=\"javascript:void(0);\">0Comments</a></li>\r\n<li><!-- <a href=\"javascript:void(0);\" class=\"share_post_b jssocials\" id=\"share\"> -->\r\n<div class=\"jssocials-shares\">&nbsp;</div>\r\n<!-- </a> --></li>\r\n</ul>\r\n</div>\r\n<div class=\"leave_comment\">\r\n<h2>Leave A Comment</h2>\r\n<div class=\"leave_comment_form\"><form id=\"blog-comment\" class=\"form-horizontal form-vertical\" action=\"/site/blogdetails/12\" method=\"post\">\r\n<div class=\"phAnimate\">\r\n<div class=\"phAnimate\"><label for=\"firstname\">Your Message <em>*</em></label> <textarea id=\"comment\" name=\"comment\"></textarea></div>\r\n</div>\r\n<div class=\"phAnimate\"><label for=\"lastname\">Your Name <em>*</em></label> <input id=\"name\" class=\"input_field\" type=\"text\" name=\"name\" /></div>\r\n<div class=\"phAnimate\"><label for=\"lastname\">Your Email <em>*</em></label> <input id=\"email\" class=\"input_field\" type=\"text\" name=\"email\" /></div>\r\n<div class=\"blog_btn\">\r\n<div class=\"site_btn\"><a class=\"raised ripple has-ripple\" onclick=\"$(\'#blog-comment\').submit()\" href=\"javascript:void(0);\">Submit Comment</a></div>\r\n</div>\r\n</form></div>\r\n</div>\r\n<div class=\"comment_reply\">\r\n<h3 class=\"main_comment\">Comments (0)</h3>\r\n<!--    <div class=\"login_to_comment\">\r\n							<div class=\"site_btn\"><a data-toggle=\"modal\" data-target=\"#myModal1\" class=\"raised ripple has-ripple\" href=\"#myModal1\">Login to Comment</a></div>\r\n							<span class=\"login_comment\">Don\'t have an account? <a href=\"/site/index\">Sign up</a> now</span>\r\n						</div> -->\r\n<div class=\"comment_blocker\">&nbsp;</div>\r\n</div>\r\n</div>\r\n<div class=\"col-md-3 col-sm-3 col-xs-12\">\r\n<div class=\"categories_container\">\r\n<div class=\"block_catry\">\r\n<h2>Category</h2>\r\n<ul class=\"list-unstyled\">\r\n<li><a href=\"../blogs?cat_id=1\">- Digital</a></li>\r\n<li><a href=\"../blogs?cat_id=2\">- Skill development</a></li>\r\n<li><a href=\"../blogs?cat_id=3\">- Management</a></li>\r\n<li><a href=\"../blogs?cat_id=4\">- Live Projects</a></li>\r\n<li><a href=\"../blogs?cat_id=5\">- Readiness for placement</a></li>\r\n</ul>\r\n</div>\r\n<div class=\"block_catry\">\r\n<h2>Latest POSTS</h2>\r\n<ul class=\"list-unstyled\">\r\n<li><img src=\"images/blog_img.jpg\" alt=\"\" /> <a href=\"../site/blogdetails/12\">Tips on GD</a></li>\r\n<li><img src=\"images/blog_img.jpg\" alt=\"\" /> <a href=\"../site/blogdetails/1\">Problems with management education in India</a></li>\r\n<li><img src=\"images/blog_img.jpg\" alt=\"\" /> <a href=\"../site/blogdetails/11\">CHASE</a></li>\r\n</ul>\r\n</div>\r\n</div>\r\n</div>\r\n</div>\r\n</div>\r\n</div>\r\n</div>\r\n</div>'),(27,'contact','<div class=\"contact_container_page\">\r\n<div class=\"container\">\r\n<div class=\"maine_contact_heading\">\r\n<h2>Let&rsquo;s Connect sdfs sadf</h2>\r\n<h3>Looking forward to transforming you</h3>\r\n<div class=\"row\">\r\n<div class=\"col-md-6\">\r\n<div class=\"row\">\r\n<div class=\"col-md-6\">\r\n<div class=\"contact_info_div margin-0\">\r\n<div class=\"phAnimate\"><label for=\"lastname\">First Name <em>*</em></label> <input id=\"name\" class=\"input_field\" type=\"text\" name=\"name\" /></div>\r\n</div>\r\n</div>\r\n<div class=\"col-md-6\">\r\n<div class=\"contact_info_div margin-0\">\r\n<div class=\"phAnimate\"><label for=\"lastname\">Last Name <em>*</em></label> <input id=\"name\" class=\"input_field\" type=\"text\" name=\"name\" /></div>\r\n</div>\r\n</div>\r\n<div class=\"col-md-6\">\r\n<div class=\"contact_info_div\">\r\n<div class=\"phAnimate\"><label for=\"lastname\">Email <em>*</em></label> <input id=\"name\" class=\"input_field\" type=\"text\" name=\"name\" /></div>\r\n</div>\r\n</div>\r\n<div class=\"col-md-6\">\r\n<div class=\"contact_info_div\">\r\n<div class=\"phAnimate\"><label for=\"lastname\">Mobile No. <em>*</em></label> <input id=\"name\" class=\"input_field\" type=\"text\" name=\"name\" /></div>\r\n</div>\r\n</div>\r\n<div class=\"col-md-12\">\r\n<div class=\"are_yu\"><label>Are You?</label>\r\n<ul>\r\n<li>\r\n<div class=\"check_box\"><input id=\"checkboxG1\" class=\"css-checkbox\" type=\"checkbox\" name=\"checkboxG1\" /> <label class=\"css-label\" for=\"checkboxG1\">Company Official</label></div>\r\n</li>\r\n<li>\r\n<div class=\"check_box\"><input id=\"checkboxG2\" class=\"css-checkbox\" type=\"checkbox\" name=\"checkboxG2\" /> <label class=\"css-label\" for=\"checkboxG2\">Institute Rep</label></div>\r\n</li>\r\n<li>\r\n<div class=\"check_box\"><input id=\"checkboxG3\" class=\"css-checkbox\" type=\"checkbox\" name=\"checkboxG3\" /> <label class=\"css-label\" for=\"checkboxG3\">College Student</label></div>\r\n</li>\r\n<li>\r\n<div class=\"check_box\"><input id=\"checkboxG4\" class=\"css-checkbox\" type=\"checkbox\" name=\"checkboxG4\" /> <label class=\"css-label\" for=\"checkboxG4\">Young professional</label></div>\r\n</li>\r\n</ul>\r\n</div>\r\n</div>\r\n<div class=\"col-md-12\">\r\n<div class=\"contact_info_div\">\r\n<div class=\"phAnimate\"><label for=\"lastname\">Name of Company / Institute <em>*</em></label> <input id=\"name\" class=\"input_field\" type=\"text\" name=\"name\" /></div>\r\n</div>\r\n</div>\r\n<div class=\"col-md-12\">\r\n<div class=\"contact_info_div\">\r\n<div class=\"phAnimate\"><label for=\"lastname\">Subject <em>*</em></label> <input id=\"name\" class=\"input_field\" type=\"text\" name=\"name\" /></div>\r\n</div>\r\n</div>\r\n<div class=\"col-md-12\">\r\n<div class=\"contact_info_div\">\r\n<div class=\"phAnimate\"><label for=\"firstname\">Your Message <em>*</em></label> <textarea id=\"comment\" name=\"comment\"></textarea></div>\r\n</div>\r\n</div>\r\n</div>\r\n</div>\r\n<div class=\"col-md-6\">\r\n<div class=\"google_information\">\r\n<div class=\"gogle_map\"><img src=\"images/map_icon.png\" alt=\"\" /></div>\r\n<div class=\"google_map_info\">\r\n<h3>MBAtrek Private Ltd.</h3>\r\n<label>414 (4th Floor), Suncity Business Tower, </label> <label>Golf Course Road, Sector -54, </label> <label>Gurugram &ndash; 122003, INDIA</label> <label>Email: contact@mbatrek.com</label> <label>Phone: +91 9821948334, +91 9821948335</label></div>\r\n</div>\r\n</div>\r\n</div>\r\n<div class=\"capcha_div\"><img src=\"images/capcha.png\" alt=\"\" />\r\n<div class=\"submit_form_btn\"><a href=\"javascrip:void(0);\">Submit</a></div>\r\n</div>\r\n</div>\r\n</div>\r\n</div>'),(28,'mbatrek_on_the_ground','<div class=\"ground_mbatrek\">\r\n<div class=\"container\">\r\n<h3>MBAtrek On the Ground</h3>\r\n<div class=\"event_container\">\r\n<h4>Event Name</h4>\r\n<div class=\"eventbanner\">\r\n<div class=\"ground_1_pic\"><img src=\"images/banner_images2.png\" alt=\"\" /></div>\r\n<div class=\"ground_1_pic\"><img src=\"images/banner_images2.png\" alt=\"\" /></div>\r\n<div class=\"ground_1_pic\"><img src=\"images/banner_images2.png\" alt=\"\" /></div>\r\n<p>DescriptionDescription Description Description Description Description</p>\r\n<div class=\"more_about_plan\"><label>To know more about our programs, <a href=\"javascript:void(0);\">Click Here</a> </label></div>\r\n</div>\r\n</div>\r\n</div>\r\n</div>'),(29,'faq','<div class=\"faq_new_container\">\r\n<div class=\"container\">\r\n<h3>We at MBAtrek are here to help with all your career development needs Feel Free to Explore.</h3>\r\n<h4>Expand the following drop-downs for answers to frequently asked questions.</h4>\r\n<div class=\"faq_Container\">\r\n<div class=\"tabbable-panel\">\r\n<div class=\"tabbable-line\">\r\n<ul class=\"nav nav-tabs \">\r\n<li class=\"active\"><a href=\"#tab_default_1\" data-toggle=\"tab\"> Student </a></li>\r\n<li><a href=\"#tab_default_2\" data-toggle=\"tab\"> Institute </a></li>\r\n<li><a href=\"#tab_default_3\" data-toggle=\"tab\"> Industry </a></li>\r\n</ul>\r\n<div class=\"tab-content\">\r\n<div id=\"tab_default_1\" class=\"tab-pane active\">\r\n<ul id=\"\" class=\"accordion\">\r\n<li>\r\n<div class=\"link\">Who is a career adviser?</div>\r\n<div class=\"submenu\">\r\n<p>The career adviser will act as a life-coach for the students and will help them in solving their issues in the best possible manner.</p>\r\n</div>\r\n</li>\r\n<li>\r\n<div class=\"link\">Does MBAtrek provide Placement Guarantee?</div>\r\n<div class=\"submenu\">\r\n<p>MBAtrek is not a placement agency so it cannot guarantee placements and it believes that no one can guarantee it but can prepare the students in such a way that they have an edge over others in the placement process</p>\r\n</div>\r\n</li>\r\n<li>\r\n<div class=\"link\">How MBAtrek will help the students?</div>\r\n<div class=\"submenu\">\r\n<p>MBAtrek will provide the students with a global curriculum, practical knowledge, problem-solving skills and thus making the student Industry Ready and Relevant. Our expert team will enable the students to become an effective and efficient Executive in no time.</p>\r\n</div>\r\n</li>\r\n<li>\r\n<div class=\"link\">Can students visit the office for any queries faced during the program?</div>\r\n<div class=\"submenu\">\r\n<p>Yes, MBAtrek is like a second home for the students and the students can anytime approach the company\'s office for any query.</p>\r\n</div>\r\n</li>\r\n<li>\r\n<div class=\"link\">What is there for a student when the course is over?</div>\r\n<div class=\"submenu\">\r\n<p>This course will create a lifelong impact in students life making them Industry Ready and Relevant. Students can anytime after the course ask their queries and can be connected to our Industry Links.</p>\r\n</div>\r\n</li>\r\n<li>\r\n<div class=\"link\">Does MBAtrek provide any certification for the program to the students?</div>\r\n<div class=\"submenu\">\r\n<p>No, we believe that certification cannot prove your skills. It is the knowledge which student carries and the way he conducts. That know-how is what MBAtrek will teach students by practical application and not by certification.</p>\r\n</div>\r\n</li>\r\n<li>\r\n<div class=\"link\">How MBAtrek will deliver its objective?</div>\r\n<div class=\"submenu\">\r\n<p>There are series of simulation games, skill test, classes, practical examples, live projects, internships and much more that helps MBAtrek in delivering the objective.</p>\r\n</div>\r\n</li>\r\n<li>\r\n<div class=\"link\">How is the performance of students measured and evaluated?</div>\r\n<div class=\"submenu\">\r\n<p>Each student is allotted a career advisor which acts as a mentor for his query handling and evaluation apart from this there are tests, case studies, webinar etc that helps in evaluation of students performance.</p>\r\n</div>\r\n</li>\r\n<li>\r\n<div class=\"link\">How can I get my Institute registered?</div>\r\n<div class=\"submenu\">\r\n<p>You just need to register your institute in our website after which MBAtrek representative will give you a call for further process and detailing.</p>\r\n</div>\r\n</li>\r\n<li>\r\n<div class=\"link\">Will MBAtrek help the Institutes in increasing placement record?</div>\r\n<div class=\"submenu\">\r\n<p>MBAtrek is not a placement agency but yes we assure that there will be a positive impact on students thought and an increase in their skillset which will ultimately lead to an increase in placement record.</p>\r\n</div>\r\n</li>\r\n</ul>\r\n</div>\r\n<div id=\"tab_default_2\" class=\"tab-pane\">\r\n<ul id=\"\" class=\"accordion\">\r\n<li>\r\n<div class=\"link\">What is \'One Point Contact\'?</div>\r\n<div class=\"submenu\">\r\n<p>One point contact is a medium through which we can maintain our never ending relationship via email. All the discussions related to Institute, Students and Industry will be done through this contact.</p>\r\n</div>\r\n</li>\r\n<li>\r\n<div class=\"link\">How to partner with MBAtrek?</div>\r\n<div class=\"submenu\">\r\n<p>Register your Institute from our website after which one of our career advisors will get back to you for the further discussions.</p>\r\n</div>\r\n</li>\r\n<li>\r\n<div class=\"link\">What is the course fees which Institute need to pay to partner with MBAtrek?</div>\r\n<div class=\"submenu\">\r\n<p>All the discussion regarding the fees will be decided through one to one discussion since we customize our modules according to the need and requirement of the Institute.</p>\r\n</div>\r\n</li>\r\n<li>\r\n<div class=\"link\">Will MBAtrek guarantee Placement of our students?</div>\r\n<div class=\"submenu\">\r\n<p>MBAtrek does not guarantee placement but we assure you that our program is an end to end solution which will definitely make students Industry Ready &amp; Relevant leading to an increase in placement trend. We will definitely assist you on-campus in any placement support you require from us.</p>\r\n</div>\r\n</li>\r\n</ul>\r\n</div>\r\n<div id=\"tab_default_3\" class=\"tab-pane\">\r\n<ul id=\"\" class=\"accordion\">\r\n<li>\r\n<div class=\"link\">What is \'One Point Contact\' ?</div>\r\n<div class=\"submenu\">\r\n<p>One point contact is a medium through which we can maintain our never ending relationship via mail. All the discussions, query handling, Institute discussions and fixing of meetings will be done through this contact</p>\r\n</div>\r\n</li>\r\n<li>\r\n<div class=\"link\">Is there any cost involved in the process to be bore by me ?</div>\r\n<div class=\"submenu\">\r\n<p>No, we believe in improving employability and skills. Thus, MBAtrek will take all necessary steps to connect Industry with the Institutes and students</p>\r\n</div>\r\n</li>\r\n<li>\r\n<div class=\"link\">How do I modify a vacancy already posted by me ?</div>\r\n<div class=\"submenu\">\r\n<p>You can anytime write to us and our team will modify all our posted vacancies-Internships, Live Projects, Placements etc.</p>\r\n</div>\r\n</li>\r\n<li>\r\n<div class=\"link\">How can I keep a track on posting activity for my account ?</div>\r\n<div class=\"submenu\">\r\n<p>Our team will timely notify you on your posted applications through your \'One Point Contact\'</p>\r\n</div>\r\n</li>\r\n<li>\r\n<div class=\"link\">How do I view the applications/responses received for the vacancy that I have posted ?</div>\r\n<div class=\"submenu\">\r\n<p>Our team will timely notify you on your posted applications through your \'One Point Contact\'</p>\r\n</div>\r\n</li>\r\n<li>\r\n<div class=\"link\">Can I enter multiple jobs ?</div>\r\n<div class=\"submenu\">\r\n<p>Yes, one can enter as many jobs as they want</p>\r\n</div>\r\n</li>\r\n<li>\r\n<div class=\"link\">Is there any time frame for posting any vacancy ?</div>\r\n<div class=\"submenu\">\r\n<p>No, there is no assigned time for your postings. However, availability of students depends on their respective Institute</p>\r\n</div>\r\n</li>\r\n<li>\r\n<div class=\"link\">Is my profile visible to all ?</div>\r\n<div class=\"submenu\">\r\n<p>MBAtrek believes in high security standards and therefore your credentials will be visible to you and our team</p>\r\n</div>\r\n</li>\r\n<li>\r\n<div class=\"link\">What if I have a problem with one of the candidate sent by your company(MBAtrek) ?</div>\r\n<div class=\"submenu\">\r\n<p>We will regularly monitor the hire to ensure better efficiency.But,if in case it happens,you can directly write to us</p>\r\n</div>\r\n</li>\r\n</ul>\r\n</div>\r\n</div>\r\n</div>\r\n</div>\r\n<div class=\"fq_footer\"><label>Still stuck with your problem? <span>Contact us at</span> <span class=\"color_span\"> contact@mbatrek.com</span> or Talk to Our <span>Career Advisor at</span> <span class=\"color_span\">+91 98219 48334</span> </label></div>\r\n</div>\r\n</div>\r\n</div>'),(30,'talk_advisory','<span>Edit Me</span>'),(31,'team','<div class=\"page-wrapper\">\r\n<div class=\"our_Team_mbatrek\">\r\n<div class=\"container\">\r\n<div class=\"our_team_block\">\r\n<h3>Founding Team</h3>\r\n<ul>\r\n<li class=\"pull-left show_content_alok\"><a href=\"javascript:void(0);\"> <img class=\"witho_hover\" src=\"images/company/company_logo/alok_picture.png\" alt=\"\" /> <img class=\"hover_img\" src=\"images/company/company_logo/alok_picture_hover.png\" alt=\"\" /> </a>\r\n<h3>Alok Srivastava <span>Co-founder </span></h3>\r\n</li>\r\n<li class=\"pull-right show_content_abhishek\"><a href=\"javascript:void(0);\"> <img class=\"witho_hover\" src=\"images/company/company_logo/abhishek_picture.png\" alt=\"\" /> <img class=\"hover_img\" src=\"images/company/company_logo/abhishek_picture_hover.png\" alt=\"\" /> </a>\r\n<h3>Abhishek Srivastava <span>Co-founder and CEO </span></h3>\r\n</li>\r\n</ul>\r\n<div class=\"expand_information alok_info\">\r\n<p>Alok Srivastava, the&nbsp;co-founder of MBAtrek Pvt. Ltd.,&nbsp;has&nbsp;41 years of vast and varied senior management global experience.&nbsp;Alok is a&nbsp;management graduate from XLRI (1977 batch)&nbsp;and participated in the Global Management Program at&nbsp;Stephen M. Ross School of Business, Michigan University (1998). He has directly mentored and coached&nbsp;1,000+ young executives and middle to senior level managers in&nbsp;his career. He is extremely passionate about making young students and professionals&nbsp;\'Ready\'&nbsp;and&nbsp;\'Relevant\'&nbsp;executives to&nbsp;#hitthegroundRUNNING&nbsp;and co-founded MBAtrek with Abhishek Srivastava. He had earlier founded a&nbsp;B2B Strategic Sourcing&nbsp;company&nbsp;APAC Sourcing Solutions&nbsp;which is now working with suppliers and customers across&nbsp;15+ countries&nbsp;in the Americas, Middle East and South East Asia. Previously, he has worked as the&nbsp;Director (Asia Pacific region), Specialty Materials business for Honeywell Inc.&nbsp;During the same period, he also represented&nbsp;Honeywell on the Board of M/s Usha Amorphous&nbsp;(Joint Venture Company). Alok has had a long and extensive tenure with Ranbaxy Laboratories spanning&nbsp;23 years&nbsp;in various senior global leadership roles including&nbsp;Managing Director of Ranbaxy Fine Chemicals Ltd.&nbsp;&amp; Ranbaxy&rsquo;s subsidiaries abroad for 11 years,&nbsp;Head of Strategic Planning, IT and MIS and General Manager&nbsp;for a large green field&nbsp;US$ 30 million project. He has&nbsp;rich cross- functional experience&nbsp;in managing companies globally,&nbsp;human resource management, strategic and operational management, training of marketing and functional managers.&nbsp;He has extensively participated in major business decisions with multinational companies and has a proven track record of improving business processes and to lead an effective and efficient management of profit centers.</p>\r\n<div class=\"social_info_admin\">\r\n<ul>\r\n<li><a href=\"mailto:alok.srivastava@mbatrek.com\" target=\"_blank\"><img src=\"images/company/company_logo/mail_iocn_team.png\" alt=\"\" /> </a><span>alok.srivastava@mbatrek.com</span></li>\r\n<li>&nbsp;<a href=\"mailto:alok.srivastava@mbatrek.com\" target=\"_blank\"><img src=\"images/company/company_logo/phone_icon_Team.png\" alt=\"\" /></a><span>+91-98100 07333 </span></li>\r\n<li><a title=\"LinkedIn Profile\" href=\"https://www.linkedin.com/in/aloksrivastava-mbatrek\" target=\"_blank\"><img src=\"images/company/company_logo/linkedin_icon_Team.png\" alt=\"\" /><span>LinkedIn Profile</span></a></li>\r\n</ul>\r\n</div>\r\n</div>\r\n<div class=\"expand_information abhishek_info\">\r\n<p>Abhishek Srivastava, the&nbsp;co-founder of MBAtrek Pvt. Ltd.,&nbsp;has&nbsp;10 years of global experience.&nbsp;Abhishek is an&nbsp;MBA&nbsp;from&nbsp;Indian School of Business&nbsp;and has a&nbsp;Masters&nbsp;in Environmental Engineering from&nbsp;Georgia Tech, USA&nbsp;(Recipient of&nbsp;Outstanding Masters Student) and a&nbsp;Bachelors&nbsp;in Environmental Engineering from&nbsp;Delhi College of Engineering.</p>\r\n<p>He has&nbsp;directly mentored and coached 100+ young executives in&nbsp;through&nbsp;various formal and informal mentoring&nbsp;and&nbsp;coaching&nbsp;programs. He is extremely passionate about making young students and professionals&nbsp;\'Ready\'&nbsp;and&nbsp;\'Relevant\'&nbsp;executives to&nbsp;#hitthegroundRUNNING. Prior to MBAtrek, he worked as the&nbsp;Head of Business Planning and Strategy&nbsp;for the&nbsp;Enterprise and Education business&nbsp;for&nbsp;Apple India.&nbsp;He had closely worked with India sales leadership on&nbsp;building and executing annual and 3-year strategic roadmapfor the enterprise and education segments in addition to his business planning responsibilities.</p>\r\n<p>In his past life, he was a&nbsp;seasoned strategy and sustainability professional&nbsp;with extensive experience across&nbsp;diverse industry sectors&nbsp;(oil and gas, telecom, metals and mining, consumer goods, chemicals, power generation) in developing and implementing sustainability strategies, enterprise wide sustainability and EHS performance management solutions, environmental and safety compliance systems in supply chains across&nbsp;USA, Southern Africa, South-east Asia and the Middle East.&nbsp;He was one of the founding members of the Sustainability practice based out of India. He has also worked at&nbsp;Schneider Electric&nbsp;as a&nbsp;Business Development and Strategy Manger&nbsp;leading the&nbsp;Remote Energy Management (REM)&nbsp;and with&nbsp;Trinity Consultants (USA)&nbsp;as a&nbsp;Senior Environmental Consultant.</p>\r\n<div class=\"social_info_admin\">\r\n<ul>\r\n<li><a href=\"mailto:abhishek.srivastava@mbatrek.com\" target=\"_blank\"><img src=\"images/company/company_logo/mail_iocn_team.png\" alt=\"\" /> </a><span> abhishek.srivastava@mbatrek.com </span></li>\r\n<li>&nbsp;<img src=\"images/company/company_logo/phone_icon_Team.png\" alt=\"\" /><span>+91-88004 66800</span></li>\r\n<li><a title=\"LinkedIn Profile\" href=\"https://www.linkedin.com/in/abhishek-mbatrek\" target=\"_blank\"><img src=\"images/company/company_logo/linkedin_icon_Team.png\" alt=\"\" /><span>LinkedIn Profile</span></a></li>\r\n</ul>\r\n</div>\r\n</div>\r\n</div>\r\n<div class=\"our_team_block\">\r\n<h3>Core Team</h3>\r\n<ul>\r\n<li class=\"pull-left ayushi_info\"><a href=\"javascript:void(0);\"> <img class=\"witho_hover\" src=\"images/company/company_logo/ayushi_picture.png\" alt=\"\" /> <img class=\"hover_img\" src=\"images/company/company_logo/ayushi_picture_hover.png\" alt=\"\" /> </a>\r\n<h3>Ayushi Gupta <span> Lead &ndash; Institutions and Students Vertical </span></h3>\r\n</li>\r\n<li class=\"pull-right rahul_info\"><a href=\"javascript:void(0);\"> <img class=\"witho_hover\" src=\"images/company/company_logo/rahul_jain_picture.png\" alt=\"\" /> <img class=\"hover_img\" src=\"images/company/company_logo/rahul_jain_picture_hover.png\" alt=\"\" /> </a>\r\n<h3>Rahul Jain <span> Lead &ndash; Corporates and Young Professionals Vertical </span></h3>\r\n</li>\r\n</ul>\r\n<div class=\"expand_information show_ayushi_info\">\r\n<p>Ayushi has been a part of Team MBAtrek since its inception. She is the brain behind most of the awesome initiatives at MBAtrek. The #InterviewReady and #IndustryReady Competitions are her creations. She plays a pivotal role in handling our institutional and consumer offerings for students. Ayushi is an expert in Strategy, Data Analysis and Planning. She is an AMCAT certified Business Analyst and Data Processing Specialist.</p>\r\n<p>She is a Computer Science Engineer and Holds an MBA degree in IT and Marketing from Amity Business School, Noida. She secured first division in both her degrees.</p>\r\n<p>Ayushi loves travelling, is an amazing dancer, superb swimmer and loves to explore new business ideas.</p>\r\n<p>The team loves her for the amazing ideas and the unique perspective she brings in. She is truly the Engine Room of Team MBAtrek.</p>\r\n<div class=\"social_info_admin\">\r\n<ul>\r\n<li><img src=\"images/company/company_logo/mail_iocn_team.png\" alt=\"\" />&nbsp;<a href=\"mailto:ca2@mbatrek.com\" target=\"_blank\"><span>ca2@mbatrek.com </span></a></li>\r\n<li>&nbsp;<img src=\"images/company/company_logo/phone_icon_Team.png\" alt=\"\" /><span>+91-70420 85845</span></li>\r\n<li><a href=\"https://www.linkedin.com/in/ayushi-gupta-mbatrek\"><img src=\"images/company/company_logo/linkedin_icon_Team.png\" alt=\"\" /><span>LinkedIn Profile</span></a></li>\r\n</ul>\r\n</div>\r\n</div>\r\n<div class=\"expand_information show_rahul_info\">\r\n<p>Rahul is an expert in the development and creation of unique content. The skills and adaptability showcased by him in any situation are mesmerizing. Having high creativity, he is passionate about creating something new and differentiated for all our customers.</p>\r\n<p>Currently, he is leading the Campus Ambassador and #CAREERtrek programs at MBAtrek. He has also worked on creating our key training modules. Also, he plays a key role in handling our corporate offerings and consumer offerings for Young Professionals.</p>\r\n<p>Rahul is an MBA from Delhi School of Economics, and a Bachelor with honors in Commerce from University of Delhi. He has an internship experience with the Anand Group, where he worked on the deployment of Learning Management System throughout the Organisation.</p>\r\n<p>Rahul is not only a scholar but also an awesome basketball player. He loves to solve logical puzzles and is fond of reading about technology.</p>\r\n<p>The team loves Rahul for his ability to take challenges and bring innovative ideas to the table. He is the &lsquo;Samurai artist&rsquo; of Team MBAtrek.</p>\r\n<div class=\"social_info_admin\">\r\n<ul>\r\n<li><img src=\"images/company/company_logo/mail_iocn_team.png\" alt=\"\" />&nbsp;<a href=\"mailto:ca3@mbatrek.com\" target=\"_blank\"><span>ca3@mbatrek.com </span></a></li>\r\n<li><img src=\"images/company/company_logo/phone_icon_Team.png\" alt=\"\" />&nbsp;<span>+91-93111 84588</span></li>\r\n<li><a title=\"LinkedIn Profile\" href=\"https://www.linkedin.com/in/rahuljain0807\" target=\"_blank\"><img src=\"images/company/company_logo/linkedin_icon_Team.png\" alt=\"\" /><span>LinkedIn Profile</span></a></li>\r\n</ul>\r\n</div>\r\n</div>\r\n</div>\r\n<div class=\"our_team_block\">\r\n<h3>Extended Team</h3>\r\n<ul>\r\n<li class=\"pull-left\"><a href=\"javascript:void(0);\"> <img class=\"witho_hover\" src=\"images/company/company_logo/sonali_picture.png\" alt=\"\" /> <img class=\"hover_img\" src=\"images/company/company_logo/sonali_picture_hover.png\" alt=\"\" /> </a>\r\n<h3>Sonali Rai <span> Associate &ndash; Content Development and Creation</span></h3>\r\n</li>\r\n<li class=\"pull-right\"><a href=\"javascript:void(0);\"> <img class=\"witho_hover\" src=\"images/company/company_logo/sherya_picture.png\" alt=\"\" /> <img class=\"hover_img\" src=\"images/company/company_logo/sherya_picture_hover.png\" alt=\"\" /> </a>\r\n<h3>Shreya Mishra <span> Lead - Industry Connect </span></h3>\r\n</li>\r\n</ul>\r\n</div>\r\n<div class=\"our_team_block intern_Team\">\r\n<h3>Our Interns</h3>\r\n<ul>\r\n<li class=\"pull-left\"><a href=\"javascript:void(0);\"> <img class=\"witho_hover\" src=\"images/company/company_logo/ajit_picture.png\" alt=\"\" /> <img class=\"hover_img\" src=\"images/company/company_logo/ajit_picture_hover.png\" alt=\"\" /> </a>\r\n<h3>Ajit Walke<span>IIM Ranchi </span></h3>\r\n</li>\r\n<li class=\"pull-right\"><a href=\"javascript:void(0);\"> <img class=\"witho_hover\" src=\"images/company/company_logo/laxmikant_picture.png\" alt=\"\" /> <img class=\"hover_img\" src=\"images/company/company_logo/laxmikant_picture_hover.png\" alt=\"\" /> </a>\r\n<h3>Laxmikant <span> IIM Ranchi</span></h3>\r\n</li>\r\n<li class=\"pull-right\"><a href=\"javascript:void(0);\"> <img class=\"witho_hover\" src=\"images/company/company_logo/pragya_picture.png\" alt=\"\" /> <img class=\"hover_img\" src=\"images/company/company_logo/pragya_picture_hover.png\" alt=\"\" /> </a>\r\n<h3>Pragya Choudhary <span>LBSIM Delhi</span></h3>\r\n</li>\r\n<li class=\"pull-right\"><a href=\"javascript:void(0);\"> <img class=\"witho_hover\" src=\"images/company/company_logo/shaviya_picture.png\" alt=\"\" /> <img class=\"hover_img\" src=\"images/company/company_logo/shaviya_picture_hover.png\" alt=\"\" /> </a>\r\n<h3>Shaivya Kaushal, <span>LBSIM Delhi</span></h3>\r\n</li>\r\n<li class=\"pull-right\"><a href=\"javascript:void(0);\"> <img class=\"witho_hover\" src=\"images/company/company_logo/mohit_picture.png\" alt=\"\" /> <img class=\"hover_img\" src=\"images/company/company_logo/mohit_picture_hover.png\" alt=\"\" /> </a>\r\n<h3>Mohit Awasthi <span> IIT Roorkee</span></h3>\r\n</li>\r\n<li class=\"pull-right\"><a href=\"javascript:void(0);\"> <img class=\"witho_hover\" src=\"images/company/company_logo/sargam_picture.png\" alt=\"\" /> <img class=\"hover_img\" src=\"images/company/company_logo/sargam_picture_hover.png\" alt=\"\" /> </a>\r\n<h3>Sargam Shukla <span> NIT Jalandhar</span></h3>\r\n</li>\r\n<li class=\"pull-right\"><a href=\"javascript:void(0);\"> <img class=\"witho_hover\" src=\"images/company/company_logo/nikita_picture.png\" alt=\"\" /> <img class=\"hover_img\" src=\"images/company/company_logo/nikita_picture_hover.png\" alt=\"\" /> </a>\r\n<h3>Nikita Srivastava <span> Jaipuria Lucknow</span></h3>\r\n</li>\r\n</ul>\r\n</div>\r\n</div>\r\n</div>\r\n</div>'),(32,'company_helping\r\n','<div class=\"page-wrapper\">\r\n<div class=\"our_company_page\">\r\n<div class=\"container\">\r\n<h3>Helping You Unlock the Potential of New Hires and Young Managers</h3>\r\n<p>As a recruiter or a HR lead or a hiring manager, do you feel that your new hires and younger professionals are struggling to cope with the corporate life and your company\'s culture?</p>\r\n<p>In fact, you will even notice that their idea generation and execution capabilities are also limited. Why do you believe this happens?</p>\r\n<p>This arises from a lack of preparedness of the young graduate / early stage professionals with respect to being a \'Ready\' and \'Relevant\' professional.</p>\r\n<div class=\"ready_process\">\r\n<div class=\"student-journey\">\r\n<div class=\"container\">\r\n<div class=\"student-journey-inner\">\r\n<div class=\"student-ready col-xs-12 col-md-6 col-lg-6\">\r\n<div class=\"journey-1\">\r\n<ul>\r\n<li class=\"main-box\"><span class=\"journey-text\" style=\"font-size: large;\">Student</span></li>\r\n<li class=\"box1\"><span class=\"journey-text\" style=\"font-size: large;\">Inner Realization</span></li>\r\n<li class=\"box2\"><span class=\"journey-text\" style=\"font-size: large;\">Motivation</span></li>\r\n</ul>\r\n<div class=\"journey-title-bottom\"><span style=\"font-size: x-large;\">Ready</span></div>\r\n</div>\r\n</div>\r\n<div class=\"student-relevant col-xs-12 col-md-6 col-lg-6\">\r\n<div class=\"journey-2\">\r\n<ul>\r\n<li class=\"box1\"><span class=\"journey-text\" style=\"font-size: large;\">Skill Development</span></li>\r\n<li class=\"box2\"><span class=\"journey-text\" style=\"font-size: large;\">Preparation &amp; Practise</span></li>\r\n<li class=\"main-box\"><span class=\"journey-text\" style=\"font-size: large;\">Executive</span></li>\r\n</ul>\r\n<div class=\"journey-title-bottom\"><span style=\"font-size: x-large;\">Relevant</span></div>\r\n</div>\r\n</div>\r\n</div>\r\n</div>\r\n</div>\r\n</div>\r\n</div>\r\n<div class=\"container\">\r\n<div class=\"student-ready col-xs-12 col-md-6 col-lg-6\">\r\n<div class=\"journey-1\">\r\n<h2>Ready</h2>\r\n<div class=\"journey1-list\">\r\n<ul>\r\n<li><span class=\"list-icon\"><img src=\"images/contribute_icon2.png\" alt=\"\" /></span> <span class=\"list-text\"> <span class=\"list-text-title\">Immediate Contribution:</span> Start delivering from Day 1 in their corporate role </span></li>\r\n<li><span class=\"list-icon\"><img src=\"images/corporate_icon.png\" alt=\"\" /></span> <span class=\"list-text\"> <span class=\"list-text-title\">Corporatiz-ed:</span> Understand today\'s corporate world and its demands </span></li>\r\n<li><span class=\"list-icon\"><img src=\"images/industry_icon.png\" alt=\"\" /></span> <span class=\"list-text\"> <span class=\"list-text-title\">Industry Awareness:</span> Ability to develop a point of view on industry trends </span></li>\r\n</ul>\r\n</div>\r\n</div>\r\n</div>\r\n<div class=\"student-relevant col-xs-12 col-md-6 col-lg-6\">\r\n<div class=\"journey-2\">\r\n<h2>Relevant</h2>\r\n<div class=\"journey2-list\">\r\n<ul>\r\n<li><span class=\"list-icon\"><img src=\"images/mix2.png\" alt=\"\" /></span> <span class=\"list-text\"> <span class=\"list-text-title\">Right Mix:</span> Build analytical, logical and structured thinking skills </span></li>\r\n<li><span class=\"list-icon\"><img src=\"images/long_term.png\" alt=\"\" /></span> <span class=\"list-text\"> <span class=\"list-text-title\">Long Term Career:</span> Develop a mindset not jumping between short term jobs </span></li>\r\n<li><span class=\"list-icon\"><img src=\"images/collborate.png\" alt=\"\" /></span> <span class=\"list-text\"> <span class=\"list-text-title\">Collaborate and Lead:</span> Demonstrate capability to work and lead teams </span></li>\r\n</ul>\r\n</div>\r\n</div>\r\n</div>\r\n</div>\r\n<div class=\"container\">\r\n<div class=\"arrow-icon\"><a class=\"scroll_to\" href=\"#bulid_next\"><img src=\"images/blue-arrow-down.jpg\" alt=\"\" /></a></div>\r\n<div class=\"student-top\">\r\n<div class=\"container\">\r\n<div class=\"student-internship col-xs-12 col-md-6 col-lg-6\">\r\n<div class=\"icon-holder\"><a id=\"tab1\" href=\"javascript:void(0);\"> <span class=\"icon\"> <img src=\"images/company/dedicated_solution.png\" alt=\"\" />#CAREERtrek Dedicated Solution to Create Empowered Managers</span><span class=\"icon-text\"><br /><span style=\"text-decoration: underline;\">Click Here</span></span> </a></div>\r\n</div>\r\n<div class=\"student-placement col-xs-12 col-md-6 col-lg-6\">\r\n<div class=\"icon-holder\"><a id=\"tab2\" href=\"javascript:void(0);\"> <span class=\"icon\"> <img src=\"images/company/customize_solution.png\" alt=\"\" /> <span class=\"icon-title\">Final Placements</span> </span> <span class=\"icon-text\"> Need help preparing for final placements? <span style=\"text-decoration: underline; display: block;\">Click Here</span> </span> </a></div>\r\n</div>\r\n</div>\r\n<div class=\"arrow-icon\"><a class=\"scroll_to\" href=\"#key_Area\"><img src=\"images/blue-arrow-down.jpg\" alt=\"\" /></a></div>\r\n</div>\r\n</div>\r\n<div class=\"container\">\r\n<div class=\"manger_heading\">\r\n<h2>#CAREERtrek</h2>\r\n<h3>Build Your Next Set of Empowered Managers</h3>\r\n</div>\r\n<div class=\"manger_categories\">\r\n<ul>\r\n<li><img src=\"images/company/your_best_icon.png\" alt=\"\" /> <span>Identify Your Best Managerial Talent</span></li>\r\n<li><img src=\"images/company/assess_ther.png\" alt=\"\" /> <span>Assess their Managerial Potential </span></li>\r\n<li><img src=\"images/company/upp_skill.png\" alt=\"\" /> <span>Up-Skill and Transition them to Decision Makers </span></li>\r\n</ul>\r\n</div>\r\n</div>\r\n<div class=\"container\">\r\n<div class=\"manger_heading\">\r\n<h2>CAREERtrek enables empowered managers to focus on</h2>\r\n</div>\r\n<div class=\"manger_categories\">\r\n<ul>\r\n<li><img src=\"images/company/developing_people.png\" alt=\"\" /> <span>Developing <br />People</span></li>\r\n<li><img src=\"images/company/optamize_resources.png\" alt=\"\" /> <span> Optimizing <br />Resources</span></li>\r\n<li><img src=\"images/company/business_process.png\" alt=\"\" /> <span> Strengthening Business Processes </span></li>\r\n</ul>\r\n</div>\r\n</div>\r\n<div id=\"bulid_next\" class=\"manager_div\">\r\n<div class=\"container\">\r\n<div class=\"manger_heading\">\r\n<h2>Key Areas Covered</h2>\r\n</div>\r\n<div class=\"manger_categories\">\r\n<ul>\r\n<li><img src=\"images/company/role_icon.png\" alt=\"\" /> <span>Roles, Ownership, Accountability, Resilience </span></li>\r\n<li><img src=\"images/company/imotional_icon.png\" alt=\"\" /> <span>Emotional Intelligence </span></li>\r\n<li><img src=\"images/company/role_icon.png\" alt=\"\" /> <span> Roles, Responsibility, Objectives </span></li>\r\n<li><img src=\"images/company/effective_Team.png\" alt=\"\" /> <span> Effective Team Member </span></li>\r\n<li><img src=\"images/company/effective_feedback.png\" alt=\"\" /> <span> Delivering and Receiving Effective Feedback </span></li>\r\n</ul>\r\n</div>\r\n</div>\r\n</div>\r\n<div class=\"arrow-icon\"><a class=\"scroll_to\" href=\"#followed_by\"><img src=\"images/company/company_plus.png\" alt=\"\" /></a></div>\r\n<div class=\"support_managment\">\r\n<div class=\"container\">\r\n<div class=\"row\">\r\n<div class=\"support_aligment\">\r\n<div class=\"support_block\">\r\n<h2>Managerial Potential On-line Assessment</h2>\r\n<ul>\r\n<li>Organisational Acumen</li>\r\n<li>Collaboration</li>\r\n<li>Leadership Skills</li>\r\n<li>Interpersonal Skills</li>\r\n<li>Managing Self</li>\r\n</ul>\r\n</div>\r\n</div>\r\n<div class=\"support_aligment pull-right\">\r\n<div class=\"support_block\">\r\n<h2>Support to Top Management</h2>\r\n<ul>\r\n<li>Summary Action Report</li>\r\n<li>De-brief with the</li>\r\n<li>Top Management</li>\r\n<li>Follow &ndash; up Exercises to</li>\r\n<li>reinforce development</li>\r\n</ul>\r\n</div>\r\n</div>\r\n</div>\r\n</div>\r\n</div>\r\n<div class=\"container\">\r\n<div class=\"manger_heading\">\r\n<h2>How Do We Deliver</h2>\r\n</div>\r\n<div class=\"manger_categories\">\r\n<ul>\r\n<li><img src=\"images/company/at_your_office.png\" alt=\"\" /> <span>At Your Office </span></li>\r\n<li><img src=\"images/company/1.png\" alt=\"\" /> <span>Days</span></li>\r\n<li><img src=\"images/company/14.png\" alt=\"\" /> <span>Hours Classroom </span></li>\r\n<li><img src=\"images/company/ulimited_mail.png\" alt=\"\" /> <span>Unlimited email support </span></li>\r\n<li><img src=\"images/company/additional_Reading.png\" alt=\"\" /> <span>Additional Reading Materials </span></li>\r\n</ul>\r\n</div>\r\n</div>\r\n<div class=\"container\">\r\n<div class=\"manger_heading\">\r\n<h2>Looking for Customized Employee Career Development Solutions</h2>\r\n<h4>Connect with Our Leadership Team</h4>\r\n</div>\r\n<div id=\"profile_section\" class=\"leader_shipt_div\">\r\n<div class=\"row\">\r\n<div class=\"col-md-6\">\r\n<div class=\"team_container\">\r\n<div class=\"team_photo\"><img src=\"images/alok.jpg\" alt=\"\" /></div>\r\n<div class=\"team_description\">\r\n<h3>Alok Srivastava</h3>\r\n<span> Co-Founder&nbsp;</span>&nbsp;<span>PGDBM (1975-77), XLRI</span> <span>Global Management Program, University of Michigan&nbsp;</span></div>\r\n<div class=\"contact_Details_team\"><label>Mobile: +91-9810007333</label> <label>alok.srivastava@mbatrek.com</label></div>\r\n<div class=\"company_work\">\r\n<h3>Companies worked for:</h3>\r\n<ul>\r\n<li><img src=\"images/honey.png\" alt=\"\" /></li>\r\n<li><img src=\"images/ranbaxy.png\" alt=\"\" /></li>\r\n<li><img src=\"images/apac.jpg\" alt=\"\" /></li>\r\n</ul>\r\n</div>\r\n</div>\r\n</div>\r\n<div class=\"col-md-6\">\r\n<div class=\"team_container\">\r\n<div class=\"team_photo\"><img src=\"images/abhishek.png\" alt=\"\" /></div>\r\n<div class=\"team_description\">\r\n<h3>Abhishek Srivastava</h3>\r\n<span> Co-Founder and CEO&nbsp;</span>&nbsp;<span>MBA (ISB), MS (Georgia Institute of Technology),</span> <span>BE (Delhi College of Engineering)&nbsp;</span></div>\r\n<div class=\"contact_Details_team\"><label>Mobile: +91-8800466800</label> <label>abhishek.srivastava@mbatrek.com</label></div>\r\n<div class=\"company_work\">\r\n<h3>Companies worked for:</h3>\r\n<ul>\r\n<li><img src=\"images/apple.jpg\" alt=\"\" /></li>\r\n<li><img src=\"images/accenture.png\" alt=\"\" /></li>\r\n<li><img src=\"images/schendir.png\" alt=\"\" /></li>\r\n<li><img src=\"images/trinity.png\" alt=\"\" /></li>\r\n</ul>\r\n</div>\r\n</div>\r\n</div>\r\n</div>\r\n</div>\r\n</div>\r\n</div>\r\n</div>'),(33,'profile','<span>edit me</span>'),(34,'past-order','<span>edit me</span>');
/*!40000 ALTER TABLE `content_json` ENABLE KEYS */;
UNLOCK TABLES;

--
-- Table structure for table `coupon_code`
--

DROP TABLE IF EXISTS `coupon_code`;
/*!40101 SET @saved_cs_client     = @@character_set_client */;
/*!40101 SET character_set_client = utf8 */;
CREATE TABLE `coupon_code` (
  `id` int(11) NOT NULL AUTO_INCREMENT,
  `discount_type` int(11) NOT NULL,
  `domain` varchar(255) NOT NULL,
  `discount` int(11) NOT NULL,
  `min_value` int(11) NOT NULL,
  `is_active` int(11) NOT NULL,
  PRIMARY KEY (`id`)
) ENGINE=InnoDB AUTO_INCREMENT=6 DEFAULT CHARSET=latin1;
/*!40101 SET character_set_client = @saved_cs_client */;

--
-- Dumping data for table `coupon_code`
--

LOCK TABLES `coupon_code` WRITE;
/*!40000 ALTER TABLE `coupon_code` DISABLE KEYS */;
INSERT INTO `coupon_code` VALUES (1,1,'mbatrek.com',10,1000,1),(2,2,'fisglobal.com',1000,0,1),(3,1,'mhrod.in',15,1000,1);
/*!40000 ALTER TABLE `coupon_code` ENABLE KEYS */;
UNLOCK TABLES;

--
-- Table structure for table `coupon_usage`
--

DROP TABLE IF EXISTS `coupon_usage`;
/*!40101 SET @saved_cs_client     = @@character_set_client */;
/*!40101 SET character_set_client = utf8 */;
CREATE TABLE `coupon_usage` (
  `id` int(11) NOT NULL AUTO_INCREMENT,
  `coupon_id` int(11) NOT NULL,
  `email_used` varchar(255) NOT NULL,
  `users_new_id` int(11) NOT NULL,
  `date_created` datetime NOT NULL,
  `cart_id` int(11) NOT NULL,
  PRIMARY KEY (`id`),
  KEY `users_new_id` (`users_new_id`),
  KEY `coupon_id` (`coupon_id`),
  KEY `cart_id` (`cart_id`),
  CONSTRAINT `coupon_usage_ibfk_1` FOREIGN KEY (`coupon_id`) REFERENCES `coupon_code` (`id`) ON DELETE CASCADE ON UPDATE CASCADE,
  CONSTRAINT `coupon_usage_ibfk_2` FOREIGN KEY (`users_new_id`) REFERENCES `users_new` (`id`) ON DELETE CASCADE ON UPDATE CASCADE,
  CONSTRAINT `coupon_usage_ibfk_3` FOREIGN KEY (`cart_id`) REFERENCES `cart` (`id`) ON DELETE CASCADE ON UPDATE CASCADE
) ENGINE=InnoDB AUTO_INCREMENT=32 DEFAULT CHARSET=latin1;
/*!40101 SET character_set_client = @saved_cs_client */;

--
-- Dumping data for table `coupon_usage`
--

LOCK TABLES `coupon_usage` WRITE;
/*!40000 ALTER TABLE `coupon_usage` DISABLE KEYS */;
INSERT INTO `coupon_usage` VALUES (31,3,'wd@mhrod.in',23,'2018-11-24 04:07:40',101);
/*!40000 ALTER TABLE `coupon_usage` ENABLE KEYS */;
UNLOCK TABLES;

--
-- Table structure for table `courses`
--

DROP TABLE IF EXISTS `courses`;
/*!40101 SET @saved_cs_client     = @@character_set_client */;
/*!40101 SET character_set_client = utf8 */;
CREATE TABLE `courses` (
  `id` int(11) NOT NULL AUTO_INCREMENT,
  `title` varchar(255) NOT NULL,
  `sortOrder` int(11) NOT NULL DEFAULT '0',
  PRIMARY KEY (`id`)
) ENGINE=InnoDB AUTO_INCREMENT=3 DEFAULT CHARSET=latin1;
/*!40101 SET character_set_client = @saved_cs_client */;

--
-- Dumping data for table `courses`
--

LOCK TABLES `courses` WRITE;
/*!40000 ALTER TABLE `courses` DISABLE KEYS */;
INSERT INTO `courses` VALUES (1,'BTech(CSE)',0),(2,'Others',0);
/*!40000 ALTER TABLE `courses` ENABLE KEYS */;
UNLOCK TABLES;

--
-- Table structure for table `event_category`
--

DROP TABLE IF EXISTS `event_category`;
/*!40101 SET @saved_cs_client     = @@character_set_client */;
/*!40101 SET character_set_client = utf8 */;
CREATE TABLE `event_category` (
  `id` int(11) NOT NULL AUTO_INCREMENT,
  `name` varchar(255) NOT NULL,
  PRIMARY KEY (`id`)
) ENGINE=InnoDB AUTO_INCREMENT=10 DEFAULT CHARSET=latin1;
/*!40101 SET character_set_client = @saved_cs_client */;

--
-- Dumping data for table `event_category`
--

LOCK TABLES `event_category` WRITE;
/*!40000 ALTER TABLE `event_category` DISABLE KEYS */;
INSERT INTO `event_category` VALUES (8,'Campus Visited'),(9,'#YouBeTheExecutive');
/*!40000 ALTER TABLE `event_category` ENABLE KEYS */;
UNLOCK TABLES;

--
-- Table structure for table `event_gallery`
--

DROP TABLE IF EXISTS `event_gallery`;
/*!40101 SET @saved_cs_client     = @@character_set_client */;
/*!40101 SET character_set_client = utf8 */;
CREATE TABLE `event_gallery` (
  `id` int(11) NOT NULL AUTO_INCREMENT,
  `event_category_id` int(11) NOT NULL,
  `image_1` varchar(1555) NOT NULL,
  `image_2` varchar(255) NOT NULL,
  `image_3` varchar(255) NOT NULL,
  `name` varchar(255) NOT NULL,
  `description` text NOT NULL,
  `sortOrder` int(11) NOT NULL DEFAULT '0',
  PRIMARY KEY (`id`),
  KEY `event_category_id` (`event_category_id`)
) ENGINE=InnoDB AUTO_INCREMENT=22 DEFAULT CHARSET=latin1;
/*!40101 SET character_set_client = @saved_cs_client */;

--
-- Dumping data for table `event_gallery`
--

LOCK TABLES `event_gallery` WRITE;
/*!40000 ALTER TABLE `event_gallery` DISABLE KEYS */;
INSERT INTO `event_gallery` VALUES (7,1,'1597696454apeejay.jpeg','141155278apeejay2.jpeg','865216768apeejay3.jpeg','Apeejay School of Management','<p><span style=\"color: #000000;\"><span style=\"font-family: arial, helvetica, sans-serif; font-size: medium;\"><span style=\"white-space: pre-wrap;\">Thank you <strong>Apeejay School Of Management</strong> for having us over to present the <strong>#Campus2Corporate</strong> program with <strong>MBA batch 2017-19</strong>. Interesting discussion with the students supplemented by many 1 to 1 questions on career choices, job applications, and career prep.</span></span></span></p>',5),(8,1,'1515579898DSE2.jpeg','994055989DSE.jpeg','264333736DSE3.jpeg','MBA(HRD) Delhi School of Economics','<p><span style=\"color: #000000;\">Loved discussing the <strong>#Campus2Corporate</strong> transition for <strong>MBA 2017-2019</strong> batch at MBA, <strong>Department of Commerce, Delhi School of Economics.</strong></span></p>',4),(9,1,'8324966DSE11.jpeg','1866171192DSE12.jpeg','1719925412DSE13.jpeg','MBA (HRD) Delhi School of Economics','<p><span style=\"color: #000000;\"><span style=\"font-family: -apple-system, system-ui, BlinkMacSystemFont, \'Segoe UI\', Roboto, \'Helvetica Neue\', \'Fira Sans\', Ubuntu, Oxygen, \'Oxygen Sans\', Cantarell, \'Droid Sans\', \'Apple Color Emoji\', \'Segoe UI Emoji\', \'Segoe UI Emoji\', \'Segoe UI Symbol\', \'Lucida Grande\', Helvetica, Arial, sans-serif; font-size: medium;\"><span style=\"white-space: pre-wrap;\">A wonderful interaction with the <strong>HR batch of 2018-2020</strong> of the MBA, <strong>Department of Commerce, Delhi School of Economics</strong> discussing <strong>\"How to Leverage the 2 Year MBA\"</strong> - Tremendous set of questions from both the freshers and experienced MBA candidates.</span></span></span></p>',2),(10,1,'1799882351DSE21.jpeg','276798923DSE22.jpeg','520360559DSE23.jpeg','MBA (IB) Delhi School of Economics','<p><span style=\"color: rgba(0, 0, 0, 0.75); font-family: -apple-system, system-ui, BlinkMacSystemFont, \'Segoe UI\', Roboto, \'Helvetica Neue\', \'Fira Sans\', Ubuntu, Oxygen, \'Oxygen Sans\', Cantarell, \'Droid Sans\', \'Apple Color Emoji\', \'Segoe UI Emoji\', \'Segoe UI Emoji\', \'Segoe UI Symbol\', \'Lucida Grande\', Helvetica, Arial, sans-serif;\"><span style=\"font-size: xx-small; white-space: pre-wrap;\">Fantastic session with the IB batch of 2018-2020 of MBA, Department of Commerce, Delhi School of Economics talking about \"How to Leverage the 2 Year MBA program\". Very interesting set of questions and thoughts around expectations, ambitions and goals during and post MBA - sign of a very mature student body and amazing set of future alumni.</span></span></p>',3),(11,1,'770625201imi3.jpg','117546311imi2.jpg','1197877966imi.jpg','International Management Institute, New Delhi','<p style=\"margin: 0px 0px 6px; font-family: Helvetica, Arial, sans-serif; color: #1d2129; font-size: 14px;\"><span style=\"color: #000000;\"><span style=\"color: #1d2129; font-family: Helvetica, Arial, sans-serif;\"><span style=\"font-size: 14px;\">Team MBAtrek Pvt Ltd. was at <strong>International Management Institute, New Delhi</strong> addressing the talented and amazing batch of <strong>2018-20 MBA students.</strong></span></span></span></p>\r\n<p style=\"margin: 0px 0px 6px; font-family: Helvetica, Arial, sans-serif; color: #1d2129; font-size: 14px;\">We had amazing set of well thought through and probing questions around <strong>\"How to Leverage the 2 Year MBA program\"</strong></p>\r\n<div>&nbsp;</div>',1),(12,1,'1856979746mdi1.jpg','1337808300mdi.jpg','590030307mdi3.jpg','Management Development Institute (MDI), Gurgaon','<p style=\"margin: 0px 0px 6px; font-family: Helvetica, Arial, sans-serif; color: #1d2129; font-size: 14px;\"><span style=\"color: #1d2129; font-family: tahoma, arial, helvetica, sans-serif; font-size: small;\">Fantastic to have been part of the #MDI Induction Week.Had an interesting and engaging session with the incoming batch of 2018 #MDI #Batchof2020.</span></p>\r\n<p style=\"margin: 0px 0px 6px; font-family: Helvetica, Arial, sans-serif; color: #1d2129; font-size: 14px;\"><span style=\"color: #1d2129; font-family: tahoma, arial, helvetica, sans-serif; font-size: small;\">We loved the point of views and well thought through questions - absolute dream answering them.</span></p>',0),(13,1,'118744474IIMJ3.jpeg','56276914IIMJammu.jpeg','1321345056IIMJ2.jpeg','IIM Jammu','<p><span style=\"font-size: small; color: #000000;\"><strong>Indian Institute of Management Jammu</strong> thank you for having us over at the campus to present both our <strong>#Campus2Corporate</strong> and <strong>#InternGO</strong> series. Very impressed with how a young B-school is making rapid strides and focusing on building long-term capability especially in the students. We also had a great time interviewing students for summer internships and great to see the buzz on campus!</span></p>\r\n<div>&nbsp;</div>',6),(14,1,'1903142119IMG_20181027_173207.jpg','558401468IMG_20181027_173633.jpg','683761347IMG_20181027_173739.jpg','IIM Amritsar','<p><span style=\"color: rgba(0, 0, 0, 0.75); font-family: -apple-system, system-ui, BlinkMacSystemFont, \'Segoe UI\', Roboto, \'Helvetica Neue\', \'Fira Sans\', Ubuntu, Oxygen, \'Oxygen Sans\', Cantarell, \'Droid Sans\', \'Apple Color Emoji\', \'Segoe UI Emoji\', \'Segoe UI Emoji\', \'Segoe UI Symbol\', \'Lucida Grande\', Helvetica, Arial, sans-serif;\"><span style=\"font-size: 14px; white-space: pre-wrap;\">An engaging session with <strong>Indian Institute of Management Amritsar 2018-2020 batch</strong> around <strong>How to Leverage the 2 Year MBA program</strong>. We had the opportunity to introduce them to our unique <strong>#InternGO program</strong>. Fantastic time also interviewing and shortlisting candidates for summer internships - great ideas, thoughts and it was nice to be challenged with an unconventional line of thinking!</span></span></p>\r\n<p><span id=\"ember2042\" class=\"ember-view\" style=\"box-sizing: inherit; margin: 0px; padding: 0px; border: 0px; outline: 0px; font-size: 14px; vertical-align: baseline; background-image: initial; background-position: 0px 0px; background-size: initial; background-repeat: initial; background-attachment: initial; background-origin: initial; background-clip: initial; color: rgba(0, 0, 0, 0.75); font-family: -apple-system, system-ui, BlinkMacSystemFont, \'Segoe UI\', Roboto, \'Helvetica Neue\', \'Fira Sans\', Ubuntu, Oxygen, \'Oxygen Sans\', Cantarell, \'Droid Sans\', \'Apple Color Emoji\', \'Segoe UI Emoji\', \'Segoe UI Emoji\', \'Segoe UI Symbol\', \'Lucida Grande\', Helvetica, Arial, sans-serif; white-space: pre-wrap; line-height: inherit !important;\"><span id=\"ember2046\" class=\"hashtag-a11y ember-view\" style=\"box-sizing: inherit; margin: 0px; padding: 0px; border: 0px; outline: 0px; vertical-align: baseline; background: 0px 0px; line-height: inherit !important;\" dir=\"ltr\"><span class=\"visually-hidden\" style=\"box-sizing: inherit; margin: -1px; padding: 0px; border: 0px; outline: 0px; vertical-align: baseline; background: 0px 0px; display: block; clip: rect(0px, 0px, 0px, 0px); height: 1px; overflow: hidden; position: absolute; white-space: nowrap; width: 1px; line-height: inherit !important;\"><a id=\"ember2045\" class=\"hashtag-link ember-view\" style=\"box-sizing: inherit; padding: 0px; text-decoration-line: none; margin: 0px; vertical-align: baseline; background: 0px 0px transparent; font-weight: 600; border: 0px; color: #665ed0; touch-action: manipulation; line-height: inherit !important;\" href=\"https://www.linkedin.com/feed/topic/?keywords=%23InternGO\" target=\"_self\" data-control-name=\"update_hashtag\">has</a><a id=\"ember2045\" class=\"hashtag-link ember-view\" style=\"box-sizing: inherit; padding: 0px; text-decoration-line: none; margin: 0px; vertical-align: baseline; background: 0px 0px transparent; font-weight: 600; border: 0px; color: #665ed0; touch-action: manipulation; line-height: inherit !important;\" href=\"https://www.linkedin.com/feed/topic/?keywords=%23InternGO\" target=\"_self\" data-control-name=\"update_hashtag\"><span id=\"ember2046\" class=\"hashtag-a11y ember-view\" style=\"box-sizing: inherit; margin: 0px; padding: 0px; border: 0px; outline: 0px; vertical-align: baseline; background: 0px 0px; line-height: inherit !important;\" dir=\"ltr\"><span style=\"box-sizing: inherit; margin: 0px; padding: 0px; border: 0px; outline: 0px; vertical-align: baseline; background: 0px 0px; line-height: inherit !important;\">#</span><span class=\"hashtag-a11y__name\" style=\"box-sizing: inherit; margin: 0px; padding: 0px; border: 0px; outline: 0px; vertical-align: baseline; background: 0px 0px; line-height: inherit !important;\">InternGO</span></span></a><span style=\"box-sizing: inherit; margin: 0px; padding: 0px; border: 0px; outline: 0px; vertical-align: baseline; background: 0px 0px; line-height: inherit !important;\"> program. Fantastic time also interviewing and shortlisting candidates for summer internships - great ideas, thoughts and it was nice to be challenged with an unconventional line of thinking!</span></span></span></span></p>',7),(15,1,'615419409IMG_20181030_163855.jpg','858866128IMG_20181030_171811.jpg','754929160IMG_20181030_163923.jpg','Fore School of Management','<p><span style=\"color: rgba(0, 0, 0, 0.75); font-family: -apple-system, system-ui, BlinkMacSystemFont, \'Segoe UI\', Roboto, \'Helvetica Neue\', \'Fira Sans\', Ubuntu, Oxygen, \'Oxygen Sans\', Cantarell, \'Droid Sans\', \'Apple Color Emoji\', \'Segoe UI Emoji\', \'Segoe UI Emoji\', \'Segoe UI Symbol\', \'Lucida Grande\', Helvetica, Arial, sans-serif;\"><span style=\"font-size: 14px; white-space: pre-wrap;\">Engaging and high energy session with the <strong>FORE School of Management</strong>, New Delhi students of the <strong>MBA batch 2018-20</strong> who had multiple questions on #careersearch #internships #mbalife. We also had 3 winners from our <strong>pop quiz</strong> at the end of the session.</span></span></p>',9),(18,1,'1177454270IMG_20181102_151814(1).jpg','1007251818IMG_20181102_152031.jpg','1926495116IMG_20181102_155242.jpg','Lal Bahadur Shastri Institute of Management','<p><span style=\"color: #000000;\">Resounding reception by the<strong> Lal Bahadur Shastri Institute of Management MBA batch of 2018-20</strong>. Loved the energy, passion, commitment, and dream of the batch to transform to top class managers. A tribute to a value-centric and driven institution.</span></p>',8);
/*!40000 ALTER TABLE `event_gallery` ENABLE KEYS */;
UNLOCK TABLES;

--
-- Table structure for table `faq`
--

DROP TABLE IF EXISTS `faq`;
/*!40101 SET @saved_cs_client     = @@character_set_client */;
/*!40101 SET character_set_client = utf8 */;
CREATE TABLE `faq` (
  `id` int(11) NOT NULL AUTO_INCREMENT,
  `type` int(11) DEFAULT '1',
  `question` text NOT NULL,
  `answer` text NOT NULL,
  PRIMARY KEY (`id`)
) ENGINE=InnoDB AUTO_INCREMENT=29 DEFAULT CHARSET=latin1;
/*!40101 SET character_set_client = @saved_cs_client */;

--
-- Dumping data for table `faq`
--

LOCK TABLES `faq` WRITE;
/*!40000 ALTER TABLE `faq` DISABLE KEYS */;
INSERT INTO `faq` VALUES (1,1,'Who is a career adviser','The career adviser will act as a life-coach for the students and will help them in solving their issues in the best possible manner.'),(2,1,'Does MBAtrek provide Placement Guarantee','MBAtrek is not a placement agency so it cannot guarantee placements and it believes that no one can guarantee it but can prepare the students in such a way that they have an edge over others in the placement process'),(3,1,'How MBAtrek will help the students','MBAtrek will provide the students with a global curriculum, practical knowledge, problem-solving skills and thus making the student Industry Ready and Relevant. Our expert team will enable the students to become an effective and efficient Executive in no time.'),(4,1,'Can students visit the office for any queries faced during the program','Yes, MBAtrek is like a second home for the students and the students can anytime approach the company\'s office for any query.'),(5,1,'What is there for a student when the course is over','This course will create a lifelong impact in students life making them Industry Ready and Relevant.\r\nStudents can anytime after the course ask their queries and can be connected to our Industry Links.'),(6,1,'Does MBAtrek provide any certification for the program to the students','No, we believe that certification cannot prove your skills. It is the knowledge which student carries and the way he conducts. That know-how is what MBAtrek will teach students by practical application and not by certification.'),(8,1,'How MBAtrek will deliver its objective','There are series of simulation games, skill test, classes, practical examples, live projects, internships and much more that helps MBAtrek in delivering the objective.'),(9,1,'How is the performance of students measured and evaluated','Each student is allotted a career advisor which acts as a mentor for his query handling and evaluation apart from this there are tests, case studies, webinar etc that helps in evaluation of students performance.'),(11,1,'How can I get my Institute registered','You just need to register your institute in our website after which MBAtrek representative will give you a call for further process and detailing.'),(12,1,'Will MBAtrek help the Institutes in increasing placement record','MBAtrek is not a placement agency but yes we assure that there will be a positive impact on students thought and an increase in their skillset which will ultimately lead to an increase in placement record.'),(15,3,'What is \'One Point Contact\'\r\n','One point contact is a medium through which we can maintain our never ending relationship via mail. All the discussions, query handling, Institute discussions and fixing of meetings will be done through this contact \r\n'),(16,3,'Is there any cost involved in the process to be bore by me\r\n','No, we believe in improving employability and skills. Thus, MBAtrek will take all necessary steps to connect Industry with the Institutes and students \r\n'),(17,3,'How do I modify a vacancy already posted by me\r\n','You can anytime write to us and our team will modify all our posted vacancies-Internships, Live Projects, Placements etc.\r\n'),(18,3,'How can I keep a track on posting activity for my account\r\n','Our team will timely notify you on your posted applications through your \'One Point Contact\'\r\n'),(19,3,'How do I view the applications/responses received for the vacancy that I have posted\r\n','Our team will timely notify you on your posted applications through your \'One Point Contact\'\r\n'),(20,3,'Can I enter multiple jobs\r\n','Yes, one can enter as many jobs as they want\r\n'),(21,3,'Is there any time frame for posting any vacancy\r\n','No, there is no assigned time for your postings. However, availability of students depends on their respective Institute\r\n'),(22,3,'Is my profile visible to all\r\n','MBAtrek believes in high security standards and therefore your credentials will be visible to you and our team\r\n'),(23,3,'What if I have a problem with one of the candidate sent by your company(MBAtrek)\r\n','We will regularly monitor the hire to ensure better efficiency.But,if in case it happens,you can directly write to us \r\n'),(24,2,'What is \'One Point Contact\'','One point contact is a medium through which we can maintain our never ending relationship via email. All the discussions related to Institute, Students and Industry will be done through this contact.'),(25,2,'How to partner with MBAtrek','Register your Institute from our website after which one of our career advisors will get back to you for the further discussions.'),(26,2,'What is the course fees which Institute need to pay to partner with MBAtrek','All the discussion regarding the fees will be decided through one to one discussion since we customize our modules according to the need and requirement of the Institute.\r\n'),(27,2,'Will MBAtrek guarantee Placement of our students','MBAtrek does not guarantee placement but we assure you that our program is an end to end solution which will definitely make students Industry Ready & Relevant leading to an increase in placement trend.\r\nWe will definitely assist you on-campus in any placement support you require from us.\r\n'),(28,1,'Test','Test');
/*!40000 ALTER TABLE `faq` ENABLE KEYS */;
UNLOCK TABLES;

--
-- Table structure for table `faq_analysis`
--

DROP TABLE IF EXISTS `faq_analysis`;
/*!40101 SET @saved_cs_client     = @@character_set_client */;
/*!40101 SET character_set_client = utf8 */;
CREATE TABLE `faq_analysis` (
  `id` int(11) NOT NULL AUTO_INCREMENT,
  `helpful` int(11) NOT NULL,
  `not_helpful` int(11) NOT NULL,
  PRIMARY KEY (`id`)
) ENGINE=InnoDB AUTO_INCREMENT=2 DEFAULT CHARSET=latin1;
/*!40101 SET character_set_client = @saved_cs_client */;

--
-- Dumping data for table `faq_analysis`
--

LOCK TABLES `faq_analysis` WRITE;
/*!40000 ALTER TABLE `faq_analysis` DISABLE KEYS */;
INSERT INTO `faq_analysis` VALUES (1,203,213);
/*!40000 ALTER TABLE `faq_analysis` ENABLE KEYS */;
UNLOCK TABLES;

--
-- Table structure for table `faq_type`
--

DROP TABLE IF EXISTS `faq_type`;
/*!40101 SET @saved_cs_client     = @@character_set_client */;
/*!40101 SET character_set_client = utf8 */;
CREATE TABLE `faq_type` (
  `id` int(11) NOT NULL AUTO_INCREMENT,
  `name` varchar(255) NOT NULL,
  PRIMARY KEY (`id`)
) ENGINE=InnoDB AUTO_INCREMENT=6 DEFAULT CHARSET=latin1;
/*!40101 SET character_set_client = @saved_cs_client */;

--
-- Dumping data for table `faq_type`
--

LOCK TABLES `faq_type` WRITE;
/*!40000 ALTER TABLE `faq_type` DISABLE KEYS */;
INSERT INTO `faq_type` VALUES (1,'Students'),(2,'Institute'),(3,'Industry'),(5,'Young Proffesional');
/*!40000 ALTER TABLE `faq_type` ENABLE KEYS */;
UNLOCK TABLES;

--
-- Table structure for table `industry_ready_competition`
--

DROP TABLE IF EXISTS `industry_ready_competition`;
/*!40101 SET @saved_cs_client     = @@character_set_client */;
/*!40101 SET character_set_client = utf8 */;
CREATE TABLE `industry_ready_competition` (
  `id` int(11) NOT NULL AUTO_INCREMENT,
  `first_name` varchar(255) NOT NULL,
  `last_name` varchar(255) NOT NULL,
  `mobile_number` varchar(255) NOT NULL,
  `email_id` varchar(255) NOT NULL,
  `mba_batch` int(11) NOT NULL,
  `college` int(11) NOT NULL,
  `name_of_college` varchar(255) DEFAULT NULL,
  `question_1` text,
  `question_2` text,
  `question_3` text,
  `registeration_date` datetime NOT NULL,
  PRIMARY KEY (`id`),
  KEY `mba_batch` (`mba_batch`),
  KEY `college` (`college`)
) ENGINE=InnoDB AUTO_INCREMENT=5 DEFAULT CHARSET=latin1;
/*!40101 SET character_set_client = @saved_cs_client */;

--
-- Dumping data for table `industry_ready_competition`
--

LOCK TABLES `industry_ready_competition` WRITE;
/*!40000 ALTER TABLE `industry_ready_competition` DISABLE KEYS */;
INSERT INTO `industry_ready_competition` VALUES (1,'priyank','saini','09540186565','priyanksaini2010@gmail.com',1,1,'priyank saini','asdasd','asdasd','','2018-11-04 02:02:37'),(2,'priyank','saini','09540186565','priyanksaini2010@gmail.com',2,3,'','sdf','sdf','sdf','2018-11-05 07:55:29'),(3,'priyank','saini','9540186565','priyanksaini2010@gmail.com',2,2,'','','','','2018-11-16 12:20:32'),(4,'ayushi','gupta','7042085845','ayushi@gmail.com',1,1,'','','','','2018-11-21 05:19:39');
/*!40000 ALTER TABLE `industry_ready_competition` ENABLE KEYS */;
UNLOCK TABLES;

--
-- Table structure for table `interview_ready_competition`
--

DROP TABLE IF EXISTS `interview_ready_competition`;
/*!40101 SET @saved_cs_client     = @@character_set_client */;
/*!40101 SET character_set_client = utf8 */;
CREATE TABLE `interview_ready_competition` (
  `id` int(11) NOT NULL AUTO_INCREMENT,
  `first_name` varchar(255) NOT NULL,
  `last_name` varchar(255) NOT NULL,
  `mobile_number` varchar(255) NOT NULL,
  `email_id` varchar(255) NOT NULL,
  `mba_batch` int(11) NOT NULL,
  `college` int(11) NOT NULL,
  `name_of_college` varchar(255) DEFAULT NULL,
  `question_1` text,
  `question_2` text,
  `question_3` text,
  `registeration_date` datetime NOT NULL,
  PRIMARY KEY (`id`),
  KEY `mba_batch` (`mba_batch`),
  KEY `college` (`college`),
  CONSTRAINT `interview_ready_competition_ibfk_1` FOREIGN KEY (`mba_batch`) REFERENCES `year_of_graduation` (`id`) ON DELETE CASCADE ON UPDATE CASCADE,
  CONSTRAINT `interview_ready_competition_ibfk_2` FOREIGN KEY (`college`) REFERENCES `colleges` (`id`) ON DELETE CASCADE ON UPDATE CASCADE
) ENGINE=InnoDB AUTO_INCREMENT=6 DEFAULT CHARSET=latin1;
/*!40101 SET character_set_client = @saved_cs_client */;

--
-- Dumping data for table `interview_ready_competition`
--

LOCK TABLES `interview_ready_competition` WRITE;
/*!40000 ALTER TABLE `interview_ready_competition` DISABLE KEYS */;
INSERT INTO `interview_ready_competition` VALUES (1,'a','a','2','a@gmail.com',2,1,'a','a','a','a','2018-11-05 08:34:04'),(2,'a','a','2','a@gmail.com',2,1,'a','a','a','a','2018-11-05 08:35:02'),(4,'Priyank','saini','09540106565','priyanksaini2010@gmail.com',1,1,'','asd','asd','','2018-11-05 08:03:45'),(5,'a','a','7042085845','a@gmail.com',1,1,'','','','','2018-11-21 04:43:51');
/*!40000 ALTER TABLE `interview_ready_competition` ENABLE KEYS */;
UNLOCK TABLES;

--
-- Table structure for table `product_category`
--

DROP TABLE IF EXISTS `product_category`;
/*!40101 SET @saved_cs_client     = @@character_set_client */;
/*!40101 SET character_set_client = utf8 */;
CREATE TABLE `product_category` (
  `id` int(11) NOT NULL AUTO_INCREMENT,
  `category` varchar(255) NOT NULL,
  PRIMARY KEY (`id`)
) ENGINE=InnoDB AUTO_INCREMENT=3 DEFAULT CHARSET=latin1;
/*!40101 SET character_set_client = @saved_cs_client */;

--
-- Dumping data for table `product_category`
--

LOCK TABLES `product_category` WRITE;
/*!40000 ALTER TABLE `product_category` DISABLE KEYS */;
INSERT INTO `product_category` VALUES (1,'The 1st Milestone of your MBA journey is getting a good Internship...'),(2,'...followed by a rigorous and intense final placement process');
/*!40000 ALTER TABLE `product_category` ENABLE KEYS */;
UNLOCK TABLES;

--
-- Table structure for table `product_engage`
--

DROP TABLE IF EXISTS `product_engage`;
/*!40101 SET @saved_cs_client     = @@character_set_client */;
/*!40101 SET character_set_client = utf8 */;
CREATE TABLE `product_engage` (
  `id` int(11) NOT NULL AUTO_INCREMENT,
  `product_id` int(11) NOT NULL,
  `description` varchar(255) NOT NULL,
  `description2` varchar(255) NOT NULL,
  `icon` varchar(255) NOT NULL,
  `sortOrder` int(11) NOT NULL DEFAULT '0',
  PRIMARY KEY (`id`),
  KEY `product_id` (`product_id`),
  CONSTRAINT `product_engage_ibfk_1` FOREIGN KEY (`product_id`) REFERENCES `products` (`id`) ON DELETE CASCADE ON UPDATE CASCADE
) ENGINE=InnoDB AUTO_INCREMENT=102 DEFAULT CHARSET=latin1;
/*!40101 SET character_set_client = @saved_cs_client */;

--
-- Dumping data for table `product_engage`
--

LOCK TABLES `product_engage` WRITE;
/*!40000 ALTER TABLE `product_engage` DISABLE KEYS */;
INSERT INTO `product_engage` VALUES (20,18,'Fill in the background information form','background information','My1oXUIV0uAnalysis-Blue-Process.svg',0),(21,18,'Make your selection of 3 industries','Industry Selection','utjisbfDDwnoun_variety_1568685_229897.svg',0),(22,18,'Cheat sheet on how to do an industry analysis','Cheat Sheet','pwuZf5DnERnoun_VideoReport_349464_229897.svg',0),(23,18,'Completed industry analyses for 3 industries','3 Completed industry Analyses','HppJOz348Znoun_sheets_349328_229897.svg',0),(24,18,'Understand how to use the industry analysis','Industry Analysis Explanation','BM7NswfrXMnoun_AnalysisPresentation_998049_229897.svg',0),(25,18,'Templates to help you do industry analyses yourself','Industry Analysis Template','nJu8elNLXJnoun_template_1057714_229897.svg',0),(27,21,'Fill-in the background Information form','background information','e7aXeYpJybnoun_analysis_1507248_229897.svg',0),(28,21,'Make your selection of 5 companies','Company Selection','cVdCgsXCfqnoun_variety_1568685_229897.svg',0),(30,21,'Completed company analyses for 5 companies','5 Company Analyses','xHdwNwY7sdnoun_sheets_349328_229897.svg',0),(31,21,'Understand how to use the company analysis','Company Analysis Explanation','2V92VXgLxZnoun_AnalysisPresentation_998049_229897.svg',0),(32,21,'Template to help you do a company analysis','Company Analysis Template','BbAHwSsC0Fnoun_template_1057714_229897.svg',0),(34,22,'Fill-in the background information form','Background Information','60l8pa9DH6Analysis-Blue-Outcomes.svg',0),(35,22,'An assessment to check your persuasion skills','Skills Assessment Exercise','yjfEcVR51IReview-Blue-Process.svg',0),(36,22,'Review of assessment to understand you better','Assessment Review','LNIqgzK08HAssessment-Blue-Process.svg',0),(37,22,'Understand the roles people play in a GD','Roles People play in a GD','NVtnwtONmaRoles-Blue-Process.svg',0),(38,22,'Mapping your skills with role that you could play','Developing your GD Strategy','04j5ncGhGbStrategy-Blue-Process.svg',0),(39,22,'Debrief from your previous GDs','De-brief post actual GD','XVzwRKyFN3De-brief-Blue-Process.svg',0),(40,23,'Fill in the background information form','Background Information','G9To05Fd4lAnalysis-Blue-Process.svg',0),(41,23,'Select different question buckets','Personal Bucket Selection','vFjRAXJW2vBucket-Process-Blue.svg',0),(42,23,'Get the relevant Q&A from selected buckets','Prepared Question Set','KxndzQvFhkQuestionSet-Blue-Process.svg',0),(43,23,'Understanding how to best use the final set','Final De-brief and Next Steps','cXguCOGbAEDe-brief-Blue-Process.svg',0),(44,24,'Fill in the background information form','Background','cHBAU9rWHYAnalysis-Blue-Process.svg',0),(45,24,'First 1-to-1 session with the experts','Self Introduction','L7X5ZB4dCWSelfReflection-Blue-Process.svg',0),(46,24,'Get the Quality score for your LinkedIn profile','Quality Scrore','Br5vmpZD5yScore-Blue-Process.svg',0),(47,24,'Guidelines and templates to build LinkedIn Profile','cheet sheet','jL4alN6sUjChecklist-Blue-Process.svg',0),(48,24,'Review of the first draft and recommendations ','First Draft Review','rzn9TY6W9tDraftReview-Blue-Process.svg',0),(49,24,'Last round of 1-to-1 discussion','Final Takeaways','OjGFmYArxQAssessment-Blue-Process.svg',0),(51,25,'Fill-in the background Information form','background','JV2nay0nLTAnalysis-Blue-Process.svg',0),(52,25,'First 1-to-1 session with the experts','Self Introduction','2kRAvsyDNfSelfReflection-Blue-Process.svg',1),(53,25,'Get the quality score for your Resume / CV','Quality Score','F0kukkYkW4Score-Blue-Process.svg',2),(54,25,'Guidelines and templates to build your Resume / CV','cheat sheet','FuL9AoUnoeChecklist-Blue-Process.svg',3),(55,25,'Review of the first draft and recommendations ','First Draft Review','fWeWSoq7Y1DraftReview-Blue-Process.svg',4),(56,25,'Get customization tips for job application(s)','Final Debrief','1Yet8Ls0R6Customization-Blue-Process.svg',5),(57,27,'Fill-in the background Information form','background information','eLN6QDcRROnoun_analysis_1507248_229897.svg',0),(60,30,'Fill-in the background information form','background information','FlL6ZFhqIlAnalysis-Blue-Process.svg',0),(61,21,'To help you use the templates in future','Debrief','sokTPsiL0Qnoun_Meeting_1422943_229897.svg',0),(62,31,'Fill-in the background Information form','Dbrief','EpvDvjai6wserach_icon_an.png',0),(63,32,'Fill-in the background Information form','Self Introduction','HuVbLJ4FeWbuild_icon.png',0),(64,30,'An assessment to check your persuasion skills','Skills Assessment Exercise','mFZeMNZxuXReview-Blue-Process.svg',1),(65,30,'Review of assessment & detailing of further steps','First 1-to-1 Discussion ','zxb2C5Fr1Snoun_talk_1663312_229897.svg',2),(66,30,'Mock Interview for 40 minutes','Mock Interview Session','HSbqpNfZQIAssessment-Blue-Process.svg',3),(67,30,'Cheat-sheet and preparation videos','Cheet Sheet & Prep. Videos','z81mQS5zyFCheat-sheetandVideo-Blue-Process.svg',4),(68,30,'30 minutes for wrap-up and next steps','Final Debrief and Wrap-up','ErF09nAAULNextSteps-Blue-Process.svg',5),(69,28,'Fill in the background information form to help us know you better','Background Information','h9qpiHLoc7noun_analysis_1507248_229897.svg',0),(70,28,'Identify the skills which make you a right fit for your dream profile','Personal Skill Mapping','mrqU1d52mXnoun_ESTJESTP_545821_229897.svg',0),(71,28,'Help build skills for conducting company and industry analyses','Industry and Company Analysis','EOFmxwesXfnoun_Industry_603296_229897.svg',0),(72,28,'Targeting the right job based on your skills and fitment ','Job Profile and Fitment Analysis','38mEzlOwt3noun_CV_528082_229897.svg',0),(73,28,'Help structure and build your resume for specific profiles','Resume Diagnostic','QYxnslJm7Anoun_Resume_492220_229897.svg',0),(74,28,'Use 1-to-1 sessions to help you prepare for the real test','GD and PI Preparation','oRoStqWhRJnoun_Meeting_1422943_229897.svg',0),(75,17,'Fill-in the background information form','Background Information','Rtrg8kMTStnoun_analysis_1507248_229897.svg',0),(76,17,'First one to one session with the experts. ','Self Introduction','FBGH5qCf84noun_talk_1663312_229897.svg',0),(77,17,'Questionnaire to understand your internship','InternArise Questionnaire','w67hXVwJHvnoun_Checklist_860353_229897.svg',0),(78,17,'Discussion on ways of pitching your internship','Review & Second Discussion ','XTvm9JV9EBnoun_Meeting_1422943_229897.svg',0),(79,17,'A Recommendation sheet stating the flaws and further steps ','Recommendation Sheet','5xHDjyFl0znoun_Resume_588589_229897.svg',0),(84,27,'Share the internship project details','Project Details','TkHTDEcWZJnoun_analysis_810625_229897.svg',0),(85,27,'Way forward for internship project','First Discussion','hNqhrOXTGXnoun_talk_1663312_229897.svg',0),(86,27,'Best practices to achieve that dream PPO','Weekly Cheat-Sheets','NzdzlFGK9Vnoun_StarSheet_627556_229897.svg',0),(87,27,'Fortnightly progress review','One-to-One Project Review','0iEBBVMx3enoun_skypecall_1375878_229897.svg',0),(88,27,'Map your internship to final placement','Outcome Sheet','DSmJEK4Guvnoun_ReportPage_525105_229897.svg',0),(89,34,'Address key questions from your previous internship(s)',' De-brief from Internship','NKdsEZ63Jtnoun_internship_516824_229897.svg',0),(90,34,'Help select the right list of industries and companies','Industry and Company Fitment','Bze4KTwJ5bindustry_and_company_icon.png',0),(91,34,'Help build skills for conducting company and industry analyses','Industry and Company Analysis','buii3AcWxOindustry_analysis_icon.png',0),(92,34,'Help structure and build your resume and understand job profiles','Resume Preparation','oqXIziQf0wnoun_Resume_114562_229897.svg',0),(93,34,'Conduct 1 to 1 sessions to help you prepare for the real life test','GD and PI Preparation  ','EK8w6CwwKugdand_p1.png',0),(94,34,'Help you select the final offer based on role, location and salary','Job Offer Selection','fUfDJZ8N4Jjob_profile.png',0),(95,33,'Understand the cognitive and behavioral skills needed to perform beyond expectations ','Fresh Hire','7xPGhmzQUynoun_internship_516824_229897.svg',0),(96,33,'Helping you understand company’s culture ','Settling In','EBH56k8dLDsdfa.png',0),(97,33,'Learn how to manage stress at work and connect to peers & seniors ','Surviving and connecting','bQuHlK8V63noun_MountainClimbing_639527_229897.svg',0),(98,33,'Understand the dynamics of power & politics during performance appraisal','Preparing for 1st Annual Appraisal','llSBrO9Khgsfasfdasf.png',0),(99,33,'Decide whether to switch job or prepare for the next promotion','Planning for next year','198N90W4bdasfdasdfasdfas.png',0);
/*!40000 ALTER TABLE `product_engage` ENABLE KEYS */;
UNLOCK TABLES;

--
-- Table structure for table `product_include`
--

DROP TABLE IF EXISTS `product_include`;
/*!40101 SET @saved_cs_client     = @@character_set_client */;
/*!40101 SET character_set_client = utf8 */;
CREATE TABLE `product_include` (
  `id` int(11) NOT NULL AUTO_INCREMENT,
  `product_id` int(11) NOT NULL,
  `description` varchar(255) NOT NULL,
  `logo` varchar(255) NOT NULL,
  `sortOrder` int(11) NOT NULL DEFAULT '0',
  PRIMARY KEY (`id`),
  KEY `product_id` (`product_id`),
  CONSTRAINT `product_include_ibfk_1` FOREIGN KEY (`product_id`) REFERENCES `products` (`id`) ON DELETE CASCADE ON UPDATE CASCADE
) ENGINE=InnoDB AUTO_INCREMENT=72 DEFAULT CHARSET=latin1;
/*!40101 SET character_set_client = @saved_cs_client */;

--
-- Dumping data for table `product_include`
--

LOCK TABLES `product_include` WRITE;
/*!40000 ALTER TABLE `product_include` DISABLE KEYS */;
INSERT INTO `product_include` VALUES (7,17,' One-to-one Discussions: 2 sessions (Half an hour each)','onetoone_icon.png',0),(8,17,'2 sessions (Half an hour each)','one_page_item.png',0),(11,17,'Assessment Score','YAVJgMBs3Sassesment_new.png',0),(12,18,'1-to-1 discussion: 1 hour session','Vu86i3RcXcDiscussion-White-Includes.svg',0),(13,18,'1-page Cheat Sheet','oZHVUIk72iCheatsheet-White-Includes.svg',0),(14,18,'Up to 3 Industries completed analyses (15 slides each)','t8h3JudfH6SlideDeck-White-Includes.svg',0),(15,21,'1-to-1 Discussions: 1 hour session','mRhqbXw0VUDiscussion-White-Includes.svg',0),(16,21,'1-page Cheat Sheet and Template','YT5TfoBDDnCheatsheet-White-Includes.svg',0),(17,21,'Up to 5 Companies completed analyses (15 slides each)','NJ4Vp0TRerSlideDeck-White-Includes.svg',0),(18,22,'1-to-1 Discussions: 1-hour prior to GD and 1-hour post GD','er0zJpaIoCDiscussion-White-Includes.svg',0),(19,22,'Key Do’s and Don’ts','itFmAC2VGvDosandDont\'s-White-Includes.svg',0),(20,22,'Roles to play in a GD','4t3QDFGuzORoletoplayinGD-White-Includes.svg',0),(21,23,' Functional: Questions to evaluate your functional knowledge','Ho8ZZC4Um9Functional-White-Includes.svg',0),(22,23,' Personality: Questions to evaluate your attitude and behavior','YIMMgDdb5rPersonality-White-Includes.svg',0),(23,23,'Industry: Questions to evaluate your industry awareness','333lcflfwEIndustryQuestions-White-Includes.svg',0),(24,23,'Company: Questions to evaluate your understanding of the company','N9GS0Kf5pmCompanyQuestions-White-Includes.svg',0),(25,24,'2 Feedback Sessions (30 mins each)','mRTdOwa3vXDiscussion-White-Includes.svg',0),(26,24,'1-Page Cheat Sheet','ACpoewNcRxCheatsheet-White-Includes.svg',0),(27,24,'Assessment Score','GwZxjI6ZkJassesment_new.png',0),(28,25,'2 Feedback Sessions (30 mins each)','ArYQdIsMSHDiscussion-White-Includes.svg',0),(29,25,'1-Page Cheat Sheet & Templates','eUXXeDCSfTCheatsheet-White-Includes.svg',0),(30,25,'Assessment Score','4uxNEACxTYassesment_new.png',0),(32,27,'4 One-to-one Hours Eight 30-minute sessions','A0CwyNdgGdonetoone_icon.png',0),(33,28,'3 Employability Assessments (Cognitive, Behavioral and EQ)','GcjW6BTL06alok.png',0),(35,30,'1-hour interview and feedback session','wYT5PrxrQZDiscussion-White-Includes.svg',0),(37,28,'3 One to One Hours per student (Interview and resume prep)','aMK58qax8yone_to_one.png',0),(38,28,'3 Company and 3 Industry Completed Analyses','lxwLaNvXLJ3_company.png',0),(39,28,'Job Role and Profile Fitment Analyses','YVRvacWAMyjob_role.png',0),(43,30,'Cheat Sheet','EwRp8r08rlCheatsheet-White-Includes.svg',0),(44,30,'Preparation Videos','V5Wc7KMUnkpreparation_video.png',0),(45,19,'4 One-to-one hours: Eight 30-minute sessions','LbK0gaiwVdone_to_one.png',0),(46,19,'Internship Guide','eaBiZs5qNBintern_Ship_guid.png',0),(47,19,'Weekly Newsletters','ZX6fJZ06lHweekly_newslatter.png',0),(48,31,'4 One-to-one Hours  Eight 30-minute sessions','IlepdGZpOwone_to_one.png',0),(49,31,'Internship Guide','4Z27uyLWbnpage_one.png',0),(50,31,'Weekly Newsletters','M4psCHSJzSweekly_newslatter.png',0),(51,32,'One-to-one Discussions:  initial assessment 30-minute  3 Interviews of 40-minute each  3 Feedback sessions of 20-minute 30-minute debrief','6XOxSKXLDVone_to_one.png',0),(52,32,'1-Page Cheat Sheet ','uWkp8WtYHYpage_one.png',0),(53,32,'Preparation Videos ','sc8uGNcHk0video_icon.png',0),(54,32,'50 Interview Q&A','FSgoSJTu5s50_interview.png',0),(57,34,'5 One to One Hours (Skype / Duo)','ZBjqeB6QKzfive_one_To.png',0),(58,34,'Cognitive, Behavioral and EQ / EI Personalized Profile (worth Rs. 1,250)','J1yd07wYIubehaviour_icon.png',0),(59,34,'Multiple Cheat Sheets','bgDSsu5MMcmultiplse_shgeet_iocn.png',0),(60,34,'2 Mock Interviews (worth Rs. 2,000)','RWASWNcYWNmocup_internview_icon.png',0),(61,34,'2 Industry Analyses and 2 Company Analyses (worth Rs. 1,800)','gqo4FkURpqindustry_new_icon.png',0),(62,34,'2 reviews of CV / Resume (worth Rs. 1,300)','rbauP7pifpreview_icon_new.png',0),(63,34,'LinkedIn Diagnostic (worth Rs. 650)','qh2AbOQx2klinked_in_icon.png',0),(64,33,'Multiple One to One Sessions ','8PvECrHMN8ZBjqeB6QKzfive_one_To.png',0),(65,33,'In-depth evaluations on self and your work environment','YslFf8gwslcareplan-icon.png',0),(66,33,'Multiple Cheat Sheets','upO4hu6uzWbgDSsu5MMcmultiplse_shgeet_iocn.png',0),(67,33,'On-demand reviews of CV / Resume','Wl6boCThMHrbauP7pifpreview_icon_new.png',0),(68,33,'Three rounds of mock interviews (in case looking for job switch)','aip6B0H2sORWASWNcYWNmocup_internview_icon.png',0),(69,33,'LinkedIn Diagnostic Tool','hPW5ZLP8yrqh2AbOQx2klinked_in_icon.png',0);
/*!40000 ALTER TABLE `product_include` ENABLE KEYS */;
UNLOCK TABLES;

--
-- Table structure for table `product_key_outcome`
--

DROP TABLE IF EXISTS `product_key_outcome`;
/*!40101 SET @saved_cs_client     = @@character_set_client */;
/*!40101 SET character_set_client = utf8 */;
CREATE TABLE `product_key_outcome` (
  `id` int(11) NOT NULL AUTO_INCREMENT,
  `product_id` int(11) NOT NULL,
  `description` varchar(255) NOT NULL,
  `icon` varchar(255) NOT NULL,
  `sortOrder` int(11) NOT NULL DEFAULT '0',
  PRIMARY KEY (`id`),
  KEY `product_id` (`product_id`),
  CONSTRAINT `product_key_outcome_ibfk_1` FOREIGN KEY (`product_id`) REFERENCES `products` (`id`) ON DELETE CASCADE ON UPDATE CASCADE
) ENGINE=InnoDB AUTO_INCREMENT=51 DEFAULT CHARSET=latin1;
/*!40101 SET character_set_client = @saved_cs_client */;

--
-- Dumping data for table `product_key_outcome`
--

LOCK TABLES `product_key_outcome` WRITE;
/*!40000 ALTER TABLE `product_key_outcome` DISABLE KEYS */;
INSERT INTO `product_key_outcome` VALUES (7,17,'Understanding Career prospects','understaning_carrer.png',0),(8,17,'Get a Fully Prepared LinkedIn Profile','fully_prepared.png',0),(9,17,'Increase the Chances of being shortlisted','increasing_graph.png',0),(10,18,'Choose the company you are right fit for','jQChRACuDZtag_icon.png',0),(11,18,'Be prepared for the placement season','YaTR0GLzW2powers.png',0),(12,21,'Be empowered to talk about your dream company','8DG23HT3conoun_part_427522_229897.svg',0),(13,21,'Be prepared for the placement season','mpTAcQNXG7noun_corporatepower_1580350_229897.svg',0),(16,22,'Learn to participate rather than to debate','bNaDdBtZM3Corporate-White-Includes.svg',0),(17,22,'Empower yourself to stand out in a Group Discussion','02Vvc5Nrq1StandOut-Blue-Outcomes.svg',0),(18,22,'Better preparedness for upcoming placements','rer7Jhp3yGPreparedness-Blue-Outcomes.svg',0),(19,23,'Know important interview questions','K7VxCjXb4OQuestionsinanInterview-Blue-Outcomes.svg',0),(20,23,'How to use a structured approach to answer questions','AE8inrliykStructuredManner-Blue-Outcomes.svg',0),(21,23,'Increase the chances of being shortlisted','ICMFY7kKqzIncreaseChances-Blue-Outcomes.svg',0),(22,24,'Get a quality score on your current LinkedIn profile','9J0ruzAPVhnoun_score_1950307_229897.svg',0),(23,24,'Ability to showcase your experience and projects','QwlrbyiDtXnoun_BrandAwareness_1865117.svg',0),(24,24,'Capture your unsaid thoughts from 1-page Resume','KYWaqDmvWInoun_Profit_746010.svg',0),(25,25,'Get a quality score on your current Resume / CV','5i0WYb734hnoun_score_1950307_229897.svg',0),(26,25,'Ability to showcase your experience and projects','3mX4S0GtiMnoun_BrandAwareness_1865117.svg',0),(27,25,'Increase your chances of being shortlisted','uiL7aWXWBunoun_Profit_746010.svg',0),(28,27,'Ace your Internship Project','p3uGxZNiDrunderstaning_carrer.png',0),(29,28,'Be prepared for the placement season','2Wbs8CSDiiunderstaning_carrer.png',0),(31,30,'Increase confidence to perform in interviews','s4pI3ePOqNConfidence-Blue-Outcomes.svg',0),(32,31,'Get a Fully Prepared LinkedIn Profile','AbiEKpqIu3company_analysis_icon.png',0),(33,32,'Get a Fully Prepared LinkedIn Profile','rcjKI8nh4kbrean_icon.png',0),(34,30,'Run your interview more as a dialogue than simple Q&A','PHRbvBirIiDialogue-Blue-Outcomes.svg',0),(35,30,'Better preparedness for upcoming placements','ElB8emvfQ5Preparedness-Blue-Outcomes.svg',0),(38,27,'Understand Future Career Path','OowkCRQQ8K',0),(39,27,'Increase the Chances for PPO','vuZ0FBQOSg',0),(40,34,'Help make the right choice of industry, company and role','y2eCvJmINZnoun_Settings_2042376.svg',0),(41,34,'Get personalized solutions specifically for you','098iFtsF7knoun_fingerpointing_1240316.svg',0),(42,34,'Better preparedness for upcoming placements','5FVDl2HgvJPreparedness-Blue-Outcomes.svg',0),(43,33,'Build capabilities for the future','Cfvo10ZPJ9dfd.png',0),(44,33,'Get personalized solutions specifically for you','r8uHDU4wJXdfdfd.png',0),(45,33,'Get advice from mid-career executives who are still working','YMKIjmkUT1Untitled-9.png',0),(48,19,'Help you showcase your internship experience in the final interview','C1RVOf1bcknoun_magicshow_686468_229897.svg',0),(49,19,'Help aggregate proof points of your skills based on internship experience(s)','xNWd07hkGqnoun_skills_225624_229897.svg',0),(50,19,'Help you perform your best during the internship and enhance your experience(s)','DSXTDrRkwfnoun_coaching_66723_229897.svg',0);
/*!40000 ALTER TABLE `product_key_outcome` ENABLE KEYS */;
UNLOCK TABLES;

--
-- Table structure for table `product_key_points`
--

DROP TABLE IF EXISTS `product_key_points`;
/*!40101 SET @saved_cs_client     = @@character_set_client */;
/*!40101 SET character_set_client = utf8 */;
CREATE TABLE `product_key_points` (
  `id` int(11) NOT NULL AUTO_INCREMENT,
  `product_id` int(11) NOT NULL,
  `points` varchar(255) NOT NULL,
  PRIMARY KEY (`id`),
  KEY `product_id` (`product_id`),
  CONSTRAINT `product_key_points_ibfk_1` FOREIGN KEY (`product_id`) REFERENCES `products` (`id`) ON DELETE CASCADE ON UPDATE CASCADE
) ENGINE=InnoDB AUTO_INCREMENT=24 DEFAULT CHARSET=latin1;
/*!40101 SET character_set_client = @saved_cs_client */;

--
-- Dumping data for table `product_key_points`
--

LOCK TABLES `product_key_points` WRITE;
/*!40000 ALTER TABLE `product_key_points` DISABLE KEYS */;
INSERT INTO `product_key_points` VALUES (4,17,'Understand your career prospects.'),(5,17,'Rehearse your story.'),(9,21,'Understand your career prospects.'),(10,22,'Understand your career prospects.'),(11,23,'Understand your career prospects.'),(12,24,'Understand your career prospects.'),(13,25,'Understand your career prospects.'),(14,27,'Understand your career prospects.'),(15,28,'Understand your career prospects'),(17,30,'Rehearse your story.'),(18,31,'Understand your career prospects.'),(19,32,'Rehearse your story.'),(20,33,'Understand your career prospects.'),(21,34,'Understand your career prospects.');
/*!40000 ALTER TABLE `product_key_points` ENABLE KEYS */;
UNLOCK TABLES;

--
-- Table structure for table `product_recommended_value_saver_pack`
--

DROP TABLE IF EXISTS `product_recommended_value_saver_pack`;
/*!40101 SET @saved_cs_client     = @@character_set_client */;
/*!40101 SET character_set_client = utf8 */;
CREATE TABLE `product_recommended_value_saver_pack` (
  `id` int(11) NOT NULL AUTO_INCREMENT,
  `product_id` int(11) NOT NULL,
  `recommended_product_id` int(11) DEFAULT NULL,
  `title` varchar(255) NOT NULL,
  `short_description` varchar(255) NOT NULL,
  `icon` varchar(2555) NOT NULL,
  PRIMARY KEY (`id`),
  KEY `product_id` (`product_id`),
  KEY `recommended_product_id` (`recommended_product_id`),
  CONSTRAINT `product_recommended_value_saver_pack_ibfk_1` FOREIGN KEY (`product_id`) REFERENCES `products` (`id`) ON DELETE CASCADE ON UPDATE CASCADE
) ENGINE=InnoDB AUTO_INCREMENT=64 DEFAULT CHARSET=latin1;
/*!40101 SET character_set_client = @saved_cs_client */;

--
-- Dumping data for table `product_recommended_value_saver_pack`
--

LOCK TABLES `product_recommended_value_saver_pack` WRITE;
/*!40000 ALTER TABLE `product_recommended_value_saver_pack` DISABLE KEYS */;
INSERT INTO `product_recommended_value_saver_pack` VALUES (9,23,30,'test','1 round of interview','G6syAxftA7MockInterview-White.svg'),(10,24,25,'test','1 round of review','Ml3ji4Mxqmnoun_Resume_492220_ffffff.svg'),(11,24,30,'test','1 round of interview','gBJcmUhLYNnoun_interview_544347_ffffff.svg'),(12,25,24,'test','1 round of review','K3yqCHCDJsnoun_Network_206892_ffffff.svg'),(20,24,32,'test','Get your story right','WNtRsJW7henoun_interview_1163897_ffffff.svg'),(21,25,30,'test','1 round of interview','WUHt0cLguonoun_interview_544347_ffffff.svg'),(22,25,32,'test','Get your story right','AyUNj7TfCBnoun_interview_1163897_ffffff.svg'),(23,30,25,'test','1 round of review','fwRE6zaTI1Resume-White.svg'),(24,30,24,'test','1 round of review','7efSYvEPoYLinkedIn-White.svg'),(25,30,32,'test','Get your story right','EyMj4ot6KvInterviewReady-White.svg'),(26,23,32,'test','Get your story right','ICsshM6OrWInterviewReady-White.svg'),(27,23,22,'test','Pick the right role','upaFquBJFDMockGD-White.svg'),(31,18,21,'test','Up to 5 Companies','fGMLgvjFetCompanyAnalysis-White.svg'),(32,18,31,'test','Value Saver Package','fkx7fUUDrrIndustryReady-White.svg'),(33,18,32,'test','Get your story right','6skQiBYiGpInterviewReady-White.svg'),(34,21,18,'test','Up to 3 Industries','bn7cx4TNSeIndustryAnalysis-White.svg'),(35,21,31,'test','Value Saver Package','ABtSnuY3zrIndustryReady-White.svg'),(36,21,32,'test','Get your story right','dROKiV9d9mInterviewReady-White.svg'),(37,22,30,'test','1 round of interview','okTQUj3yVNMockInterview-White.svg'),(38,22,25,'test','1 round of review','srHoPBwxxgResume-White.svg'),(39,22,32,'test','Get your story right','RWMo0bmLpRInterviewReady-White.svg'),(40,19,31,'test','Value Saver Package','tEZMWaxLTfIndustryReady-White.svg'),(41,19,22,'test','Get the Role Right','wBzSWKSHsfCrackingtheGD-White.svg'),(42,19,24,'test','1 round of review','1dEJjXiR9jLinkedIn-White.svg'),(43,28,18,'test','Up to 3 Industries','CgoRI8Bx52IndustryAnalysis-White.svg'),(44,28,31,'test','Value Saver Package','T60V8wTY5HIndustryReady-White.svg'),(45,28,24,'test','1 round of review','WGUxzaqIuCLinkedIn-White.svg'),(46,27,17,'test','Post internship pitch','UgHvHFQAnTInternARISE-White.svg'),(47,27,34,'test','Placement Readiness','dPO4AQiwJYCampus2Corporate-White.svg'),(48,27,25,'test','1 round of review','5N0xwIHihnResume-White.svg'),(49,17,34,'test','Placement readiness','rwzudzIPhcnoun_internship_516824.svg'),(50,17,32,'test','Get your story right','sxx1wlkI1SInterviewReady-White.svg'),(51,17,31,'test','Value Saver Package','9u9zln3Y3nIndustryReady-White.svg'),(52,34,25,'test','1 round of review','DcCqiiUIZ2Resume-White.svg'),(53,34,30,'test','1 round of interview','47cHnUBEJmMockInterview-White.svg'),(54,34,24,'test','1 round of review','AK3EO7MpwpLinkedIn-White.svg'),(55,33,31,'test','Value Saver Package','ZLLKacfl3RIndustryReady-White.svg'),(56,33,32,'test','Get your story right','XEKcrKJ20eInterviewReady-White.svg'),(57,33,24,'test','1 round of review','NGg0e6QA2MLinkedIn-White.svg'),(58,32,31,'test','Value Saver Package','jmHNHTn6UCIndustryReady-White.svg'),(59,32,25,'test','1 round of review','KIBgsFnGf6Resume-White.svg'),(60,32,24,'test','1 round of review','NfSVx2K3gZLinkedIn-White.svg'),(61,31,32,'test','Get your story right','9nBN4Xfo37InterviewReady-White.svg'),(62,31,24,'test','1 round of review','C6oKDYYuaBLinkedIn-White.svg'),(63,31,23,'test','Set of 25 questions','ExnjKpKNtLInterviewQ&A-white.svg');
/*!40000 ALTER TABLE `product_recommended_value_saver_pack` ENABLE KEYS */;
UNLOCK TABLES;

--
-- Table structure for table `product_sub_category`
--

DROP TABLE IF EXISTS `product_sub_category`;
/*!40101 SET @saved_cs_client     = @@character_set_client */;
/*!40101 SET character_set_client = utf8 */;
CREATE TABLE `product_sub_category` (
  `id` int(11) NOT NULL AUTO_INCREMENT,
  `product_category_id` int(11) NOT NULL,
  `description` varchar(255) NOT NULL,
  PRIMARY KEY (`id`),
  KEY `product_category_id` (`product_category_id`),
  CONSTRAINT `product_sub_category_ibfk_1` FOREIGN KEY (`product_category_id`) REFERENCES `product_category` (`id`) ON DELETE CASCADE ON UPDATE CASCADE
) ENGINE=InnoDB AUTO_INCREMENT=5 DEFAULT CHARSET=latin1;
/*!40101 SET character_set_client = @saved_cs_client */;

--
-- Dumping data for table `product_sub_category`
--

LOCK TABLES `product_sub_category` WRITE;
/*!40000 ALTER TABLE `product_sub_category` DISABLE KEYS */;
INSERT INTO `product_sub_category` VALUES (1,1,'The 1st Milestone of your MBA journey is getting a good Internship...'),(2,2,'Let us help you in making the right choice....'),(3,2,'Let us help you in building your own high impact story....'),(4,2,'Let us help you secure that amazing job offer....');
/*!40000 ALTER TABLE `product_sub_category` ENABLE KEYS */;
UNLOCK TABLES;

--
-- Table structure for table `products`
--

DROP TABLE IF EXISTS `products`;
/*!40101 SET @saved_cs_client     = @@character_set_client */;
/*!40101 SET character_set_client = utf8 */;
CREATE TABLE `products` (
  `id` int(11) NOT NULL AUTO_INCREMENT,
  `title` varchar(255) NOT NULL,
  `logo` varchar(255) NOT NULL,
  `actuall_price` double(10,2) NOT NULL,
  `description` text NOT NULL,
  `description1` varchar(255) NOT NULL,
  `price` double(10,2) NOT NULL,
  `type` int(11) NOT NULL,
  `is_saver` int(11) NOT NULL,
  `product_sub_category_id` int(11) NOT NULL,
  `home_page_icon` varchar(250) DEFAULT NULL,
  `home_page_bucket` int(11) DEFAULT NULL,
  `status` int(11) NOT NULL,
  `sortOrder` int(11) DEFAULT NULL,
  PRIMARY KEY (`id`),
  KEY `product_sub_category_id` (`product_sub_category_id`),
  CONSTRAINT `products_ibfk_1` FOREIGN KEY (`product_sub_category_id`) REFERENCES `product_sub_category` (`id`) ON DELETE CASCADE ON UPDATE CASCADE
) ENGINE=InnoDB AUTO_INCREMENT=37 DEFAULT CHARSET=latin1;
/*!40101 SET character_set_client = @saved_cs_client */;

--
-- Dumping data for table `products`
--

LOCK TABLES `products` WRITE;
/*!40000 ALTER TABLE `products` DISABLE KEYS */;
INSERT INTO `products` VALUES (17,'#Intern ARISE','1075642703InternARISE-Green.svg',1000.00,'<ul>\r\n<li><span>An assessment of cognitive and behavioral (EQ/EI) skills </span>to build a student specific profile in <span>terms of career preparedness</span></li>\r\n<li><span>Get a <span>fitment analysis </span>of industry, company and job profile&nbsp;</span></li>\r\n<li>Understand the <span>Build the <span>appropriate resume / CV </span>to meet job profile and tell your story right</span></li>\r\n<li>Learn how to exhibit best body language and maintain confidence in <span>interviews and GDs</span></li>\r\n<li>Understand how to<span> structure your thoughts and present it well in an interview </span></li>\r\n</ul>','Mapping your internship story with the final placements',1000.00,1,0,1,'1315295202InternARISE-Blue.svg',4,1,2),(18,'Industry Analysis','385864858industry-blue.png',1500.00,'<ul>\r\n<li>Have <span style=\"color: #229897;\"><strong>talking points about any industry</strong></span> in your interview for up to 3 industries of your choice<br /><br /></li>\r\n<li>Ability to <span style=\"color: #229897;\"><strong>deliver trends and insights</strong></span> in an industry as a part of a conversation<br /><br /></li>\r\n<li>Deliver an <span style=\"color: #000000;\">analysis of</span><strong style=\"color: #229897;\"> current industry health&nbsp;</strong><span style=\"color: #229897;\"><strong>and key&nbsp;issues / trends</strong></span> affecting its future growth and potential<br /><br /></li>\r\n<li>Ability to conduct a <span style=\"color: #229897;\"><strong>deep dive on the industry value chain</strong></span> and combine that with <span style=\"color: #229897;\"><strong>demand and supply-side trends</strong></span></li>\r\n</ul>','Learn to build your own handy high quality industry analysis',1500.00,1,0,2,'809066081385864858industry-blue.png',2,1,3),(19,'#Intern GO','197683340InternGO-Blue.svg',7000.00,'<ul>\r\n<li>Help you <span style=\"color: #229897;\"><strong>choose and apply for the right internship</strong></span> based on your skills and career goals<br /><br /></li>\r\n<li><span style=\"color: #229897;\"><strong>Understand your internship project better</strong></span> and know the skills required to excel in your internship<br /><br /></li>\r\n<li>Know how to convert an internship into a <span style=\"color: #229897;\"><strong>Pre-Placement Offer / Interview</strong></span><br /><br /></li>\r\n<li>Get your <span style=\"color: #229897;\"><strong>project report and presentation reviewed&nbsp;</strong></span><br /><br /></li>\r\n<li>De-brief&nbsp;sessions to&nbsp;<span style=\"color: #229897;\"><strong>analyze&nbsp;your internship experiences</strong></span></li>\r\n</ul>','Roadmap from internship applications to post internship',4900.00,1,1,1,'1009903553InternGO-Blue.svg',NULL,1,4),(21,'Company Analysis ','1891224196CompanyAnalysis-Blue.svg',2000.00,'<ul>\r\n<li>Have <span style=\"color: #229897;\"><strong>talking points about any company</strong></span> in your interview for up to 5 companies of your choice<br /><br /></li>\r\n<li>Ability to <span style=\"color: #229897;\"><strong>deliver trends and insights</strong></span> about a company as a part of an interview conversation<br /><br /></li>\r\n<li>Understand the <span style=\"color: #229897;\"><strong>c</strong></span><span style=\"color: #229897;\"><strong>ompany\'s value proposition and key </strong><strong>issues / trends</strong> </span>affecting its future growth and potential</li>\r\n</ul>','Learn to build your own handy high quality company analysis',2000.00,1,0,2,'450622384CompanyAnalysis-Blue.svg',2,1,5),(22,'Cracking the GD','665962404MockGD-Blue.svg',650.00,'<ul>\r\n<li>Learn how to <span style=\"color: #229897;\"><strong>put your point across impactfully</strong></span><br /><br /></li>\r\n<li>Learn the ebb and flow of a GD and how to <span style=\"color: #229897;\"><strong>contribute effortlessly</strong> </span><span style=\"color: #229897;\"><strong>without upsetting the discussion</strong></span><br /><br /></li>\r\n<li>Understand<span style=\"color: #229897;\"><strong> how to open and conclude a GD</strong></span><br /><br /></li>\r\n<li>Get prepared to deliver&nbsp;<span style=\"color: #229897;\"><strong>different roles that you can play in a GD</strong></span></li>\r\n</ul>','Your personalized game plan for the GDs',650.00,1,1,4,'1937730649MockGD-Blue.svg',NULL,1,6),(23,'Interview Q&A','156855932qandans-blue.png',550.00,'<ul>\r\n<li>Know the interview questions asked <span style=\"color: #229897;\"><strong>specifically by your dream company</strong></span><br /><br /></li>\r\n<li>Learn how to <span style=\"color: #229897;\"><strong>build a compelling story</strong></span> when answering questions in an interview<br /><br /></li>\r\n<li>Choose and practice <span style=\"color: #229897;\"><strong>questions for a specific industry, company and functional profile</strong> </span>along with personality based questions<br /><br /></li>\r\n<li>Ability to pre-empt the series of questions that are asked in an interview to be able to <span style=\"color: #229897;\"><strong>deliver your best</strong></span></li>\r\n</ul>','Ready answer guide for interview FAQs',550.00,1,0,4,'1147784691156855932qandans-blue.png',3,1,7),(24,'LinkedIn Diagnostic','2086850500noun_Network_206892_229897.svg',650.00,'<ul>\r\n<li>Understand how to<span style=\"color: #229897;\"><strong> create an impactful LinkedIn profile</strong></span> highlighting your story<br /><br /></li>\r\n<li>Learn how to <span style=\"color: #229897;\"><strong>showcase your internship, projects &amp; achievements</strong></span><br /><br /></li>\r\n<li>Ensure that the <span style=\"color: #229897;\"><strong>right set of transferable and domain skills</strong></span> are highlighted<br /><br /></li>\r\n<li>Get an <span style=\"color: #229897;\"><strong>industry expert\'s view</strong></span> of your LinkedIn profile rather than an academic review by placement committee / seniors</li>\r\n</ul>','Showcase your best profile to the corporate world',650.00,1,1,3,'1345924174noun_Network_206892_229897.svg',1,1,8),(25,'Resume Diagnostic','1821577026resume-blue.png',650.00,'<ul>\r\n<li>Understand how to <strong><span style=\"color: #229897;\">create an impactful Resume</span></strong> highlighting your story<br /><br /></li>\r\n<li>Learn how to <span style=\"color: #229897;\"><strong>showcase your internship, projects &amp; achievements</strong></span><br /><br /></li>\r\n<li>Ensure that the <span style=\"color: #229897;\"><strong>right set of transferable and domain skills</strong></span> are highlighted<br /><br /></li>\r\n<li>Get an <span style=\"color: #229897;\"><strong>industry expert\'s view</strong></span> of your Resume rather than an academic review by placement committee / seniors</li>\r\n</ul>','Know your industry quality score and improvement areas',650.00,1,1,3,'268003464resume-blue.png',1,1,9),(27,'#Intern PRO','863209728Internpro-green.png',2000.00,'<ul>\r\n<li>Step by&nbsp;step guidance on how to <span style=\"color: #229897;\"><strong>address&nbsp;different aspects of an internship</strong></span> - new reporting manager, new organization and hierarchy<br /><br /></li>\r\n<li><span style=\"color: #229897;\"><strong>Detailed guide and templates</strong></span> to help you through different phases of your internships<br /><br /></li>\r\n<li><span style=\"color: #229897;\"><strong>Weekly interaction sessions</strong></span> with industry experts to help you assess your progress in the internship</li>\r\n</ul>','Unlock your best performance in your internship',2000.00,1,0,1,'1628920979InternPRO-Blue.svg',4,1,1),(28,'#Intern ACE','527561065internACE-Green.png',4000.00,'<ul>\r\n<li>An <span style=\"color: #229897;\"><strong>assessment of cognitive and behavioral (EQ/EI) skills</strong></span> to build a student-specific profile in terms of career preparedness<br /><br /></li>\r\n<li>Get a f<span style=\"color: #229897;\"><strong>itment analysis of industry, company and job profile</strong></span> you are the best fit for<br /><br /></li>\r\n<li><span style=\"color: #229897;\"><strong>Build the appropriate resume / CV</strong></span> to meet job profile and tell your story right<br /><br /></li>\r\n<li>Learn how to <span style=\"color: #229897;\"><strong>exhibit best body language and maintain confidence in interviews and GDs</strong></span><br /><br /></li>\r\n<li>Understand how to<span style=\"color: #229897;\"><strong> structure your thoughts and present it well</strong></span> in an interview</li>\r\n</ul>','Help you target and crack the right internship',4000.00,1,0,1,'184621254InternACE-Blue.svg',4,1,0),(30,'Mock Interview','706862055noun_interview_544347_229897.png',1000.00,'<ul>\r\n<li>Learn how to<span style=\"color: #229897;\"><strong> exhibit best body language</strong></span> and maintain confidence&nbsp;<br /><br /></li>\r\n<li>Understand how to <span style=\"color: #229897;\"><strong>structure the content and present it well</strong></span><br /><br /></li>\r\n<li>Gain awareness about <span style=\"color: #229897;\"><strong>typical mistakes and pitfalls&nbsp;</strong><span style=\"color: #000000;\">made in an interview</span></span><br /><br /></li>\r\n<li>Build the capability to move your <span style=\"color: #229897;\"><strong>interview from an interrogation to a discussion<br /><br /></strong></span></li>\r\n<li><span style=\"color: #000000;\">Learn how to navigate and<span style=\"color: #229897;\"><strong> perform in a video / skype interview</strong></span></span></li>\r\n</ul>','Make your interview a discussion, not an interrogation',1000.00,1,1,2,'2096844344noun_interview_544347_229897.png',3,1,10),(31,'#Industry Ready','647953242IndustryReady-Blue.svg',3500.00,'<ul>\r\n<li>Have <span style=\"color: #229897;\"><strong>talking points</strong></span> about your industry and company of interest<br /><br /></li>\r\n<li>Ability to <span style=\"color: #229897;\"><strong>deliver trends and insights</strong></span> for a set of companies and the overall industry&nbsp;<br /><br /></li>\r\n<li>Ability to conduct a <span style=\"color: #229897;\"><strong>deep dive on the</strong></span> <span style=\"color: #229897;\"><strong>industry value chain</strong></span> and combine that with <span style=\"color: #229897;\"><strong>demand and supply-side trends</strong></span><br /><br /></li>\r\n<li>Understand the <span style=\"color: #229897;\"><strong>company\'s value proposition</strong></span>&nbsp; and <span style=\"color: #229897;\"><strong>ke</strong><strong>y </strong><strong>issues / trends</strong></span> affecting its <span style=\"color: #229897;\"><strong>future growth and potential</strong></span></li>\r\n</ul>','Get talking points about your target industries & companies',2800.00,1,1,3,'936858252IndustryReady-Blue.svg',2,1,11),(32,'#Interview Ready','9682166491388988290interArise_icon.png',1550.00,'<ul>\r\n<li>Learn how to <span>exhibit best body language and maintain confidence</span> in an interview</li>\r\n<li>Understand how to <span>structure the content and present it well</span></li>\r\n<li>Gain awareness about <span>typical mistakes and pitfalls</span></li>\r\n<li>Know the interview questions asked <span>specifically in your dream company</span></li>\r\n</ul>','Last minute preparation before that dream interview',1250.00,2,1,4,'1388988290interArise_icon.png',3,1,12),(33,'#Career Planning','601993886internPro_icon.png',7000.00,'<ul>\r\n<li>Guide you during your 1st year for as little at <span>Rs. 400 per month</span></li>\r\n<li>Learn how to <span>settle in</span> your new job</li>\r\n<li>Help you make an <span>informed decision</span> before <span>switching to new jobs or roles</span></li>\r\n<li>Understand how to <span>survive and connect</span> with people in your initial career</li>\r\n<li>Be <span>prepared for the 1st/2nd annual appraisal </span></li>\r\n<li>Plan in advance for <span>next year(s) of your career</span></li>\r\n</ul>','Dedicated support for first 12 months @ Work',4900.00,2,0,1,'2034360993analyis.png',1,1,13),(34,'#Campus 2 Corporate','917842491Campus2Corporate-Blue.svg',7000.00,'<ul>\r\n<li>Combined value of program is Rs. 7,000;&nbsp;<span style=\"color: #229897;\"><strong>special value offer at Rs. 4,900</strong></span><br /><br /></li>\r\n<li>An&nbsp;<span style=\"color: #229897;\"><strong>assessment of cognitive and behavioral (EQ/EI) skills</strong></span>&nbsp;to build a student-specific profile in terms of career preparedness<br /><br /></li>\r\n<li>Debrief sessions to help you <strong><span style=\"color: #229897;\">analyze and learn from your internship experiences</span></strong><br /><br /></li>\r\n<li>Build the <span style=\"color: #000000;\">right resume / CV&nbsp;</span>to&nbsp;<strong style=\"color: #229897;\">showcase your internship, projects &amp; achievements for specific job profiles<br /><br /></strong></li>\r\n<li>Learn how to exhibit best body language and <span style=\"color: #229897;\"><strong>maintain confidence</strong> <strong>in interview and GD</strong></span><br /><br /></li>\r\n<li>Ability to <span style=\"color: #229897;\"><strong>deliver trends and insights</strong></span> for a set of companies and the overall industry&nbsp;<br /><br /></li>\r\n<li>Ability to <span style=\"color: #000000;\">conduct a<span style=\"color: #229897;\"><strong> deep dive on the industry value chain</strong></span></span> and combine that with <span style=\"color: #229897;\"><strong>demand and supply-side trends</strong></span></li>\r\n</ul>','Personalized program to crack final placements',4900.00,0,1,1,'1426758218Campus2Corporate-Blue.svg',NULL,1,14);
/*!40000 ALTER TABLE `products` ENABLE KEYS */;
UNLOCK TABLES;

--
-- Table structure for table `success_story`
--

DROP TABLE IF EXISTS `success_story`;
/*!40101 SET @saved_cs_client     = @@character_set_client */;
/*!40101 SET character_set_client = utf8 */;
CREATE TABLE `success_story` (
  `id` int(11) NOT NULL AUTO_INCREMENT,
  `type` int(11) NOT NULL,
  `sub_type` int(11) NOT NULL,
  `college_or_company` varchar(255) NOT NULL,
  `author` varchar(255) NOT NULL,
  `course` varchar(255) NOT NULL,
  `video_url` varchar(255) NOT NULL,
  PRIMARY KEY (`id`)
) ENGINE=InnoDB AUTO_INCREMENT=12 DEFAULT CHARSET=latin1;
/*!40101 SET character_set_client = @saved_cs_client */;

--
-- Dumping data for table `success_story`
--

LOCK TABLES `success_story` WRITE;
/*!40000 ALTER TABLE `success_story` DISABLE KEYS */;
INSERT INTO `success_story` VALUES (3,2,1,'LBSIM','Eight ways to cover different aspects of internship - Divya Singla','MBA 2017-19 ','https://www.youtube.com/embed/c-rPxDfvZ2I'),(4,2,2,'DSE HR','It\'s a complete package for any student who wants overall corporate development - Sonali Rai','MBA 2017-19','https://www.youtube.com/embed/768s1spmWbs'),(5,2,2,'DSE HR','Career is both a Sprint and a Marathon - Divyanshu Chandola','MBA 2017-19','https://www.youtube.com/embed/Yp4ShoVub78'),(9,2,3,'IMI','MBAtrek was motivational, informative and enriching - IMI Batch 2018-20','MBA 2018-20','https://www.youtube.com/embed/2gS6s9cGVbg'),(10,2,3,'DSE HR','My MBA journey began with an enriching session by MBAtrek in the Induction Process - Priyadarshini','MBA 2018-20','https://www.youtube.com/embed/I-vS5DMHARw'),(11,2,3,'DSE HR','The only person who can make you successful is you and yourself - Gaurav Kumar, Corporate Relations Team','MBA 2018-20','https://www.youtube.com/embed/Z1TBfPAi2QA');
/*!40000 ALTER TABLE `success_story` ENABLE KEYS */;
UNLOCK TABLES;

--
-- Table structure for table `talk_to_advisory`
--

DROP TABLE IF EXISTS `talk_to_advisory`;
/*!40101 SET @saved_cs_client     = @@character_set_client */;
/*!40101 SET character_set_client = utf8 */;
CREATE TABLE `talk_to_advisory` (
  `id` int(11) NOT NULL AUTO_INCREMENT,
  `name` varchar(255) NOT NULL,
  `email` varchar(255) NOT NULL,
  `message` text NOT NULL,
  `institute` varchar(255) DEFAULT NULL,
  `area` varchar(255) NOT NULL,
  `date` date DEFAULT NULL,
  PRIMARY KEY (`id`),
  KEY `institute` (`institute`)
) ENGINE=InnoDB DEFAULT CHARSET=latin1;
/*!40101 SET character_set_client = @saved_cs_client */;

--
-- Dumping data for table `talk_to_advisory`
--

LOCK TABLES `talk_to_advisory` WRITE;
/*!40000 ALTER TABLE `talk_to_advisory` DISABLE KEYS */;
/*!40000 ALTER TABLE `talk_to_advisory` ENABLE KEYS */;
UNLOCK TABLES;

--
-- Table structure for table `users_new`
--

DROP TABLE IF EXISTS `users_new`;
/*!40101 SET @saved_cs_client     = @@character_set_client */;
/*!40101 SET character_set_client = utf8 */;
CREATE TABLE `users_new` (
  `id` int(11) NOT NULL AUTO_INCREMENT,
  `full_name` varchar(255) NOT NULL,
  `email` varchar(255) NOT NULL,
  `password` varchar(255) NOT NULL,
  `update_subscription` int(11) NOT NULL DEFAULT '0',
  `is_verified` int(11) NOT NULL,
  `date_created` datetime NOT NULL,
  `role` int(11) NOT NULL DEFAULT '0',
  `name_of_college_company` varchar(255) DEFAULT NULL,
  PRIMARY KEY (`id`),
  UNIQUE KEY `Unique` (`email`)
) ENGINE=InnoDB AUTO_INCREMENT=31 DEFAULT CHARSET=latin1;
/*!40101 SET character_set_client = @saved_cs_client */;

--
-- Dumping data for table `users_new`
--

LOCK TABLES `users_new` WRITE;
/*!40000 ALTER TABLE `users_new` DISABLE KEYS */;
INSERT INTO `users_new` VALUES (1,'Priyank Saini','priyanksaini20100@gmail.com','admin',0,1,'2018-08-11 12:19:20',1,NULL),(2,'Administrator','admin@mbatrek.com','admin',0,1,'2018-08-11 16:39:46',0,NULL),(5,'pr pr','pr@pr.com','admin',0,1,'2018-08-13 11:16:48',1,NULL),(19,'priyank saini','priyanksaini2010@gmail.com','#qw123pop',0,1,'2018-10-24 08:13:22',1,NULL),(20,'ayushi','ayushig1908@gmail.com','ayushi',0,1,'2018-10-24 08:57:28',1,NULL),(21,'ayushi','ca2@mbatrek.com','ayushi',0,1,'2018-10-26 12:14:47',1,NULL),(22,'Abhishek Srivastava','srivastav.abhishek@gmail.com','Presari@1',1,1,'2018-11-13 10:20:04',1,NULL),(23,'Rahul Jain','rahul.j18@mhrod.in','rahull',0,1,'2018-11-13 10:20:36',1,NULL),(24,'priyank saini','priyanksaini201011@gmail.com','12345678a',1,0,'2018-11-16 12:23:07',2,NULL),(26,'ayushi','a@gmail.com','ayushi123',1,0,'2018-11-19 11:33:44',1,NULL),(27,'xyz','xyz@gmail.com','ayushigupta1',1,0,'2018-11-21 12:58:48',1,'amity'),(28,'1','1@mhrod.in','123qweasd',1,0,'2018-11-22 05:44:48',2,'1'),(30,'ayushi','b@gmail.com','ayushi123',0,0,'2018-11-23 04:08:05',1,'amity');
/*!40000 ALTER TABLE `users_new` ENABLE KEYS */;
UNLOCK TABLES;

--
-- Table structure for table `videos`
--

DROP TABLE IF EXISTS `videos`;
/*!40101 SET @saved_cs_client     = @@character_set_client */;
/*!40101 SET character_set_client = utf8 */;
CREATE TABLE `videos` (
  `id` int(11) NOT NULL AUTO_INCREMENT,
  `type` int(11) NOT NULL,
  `title` varchar(255) NOT NULL,
  `content` text NOT NULL,
  `youtube_video_link` text NOT NULL,
  `date_created` datetime NOT NULL,
  `date_updated` datetime NOT NULL,
  PRIMARY KEY (`id`)
) ENGINE=InnoDB AUTO_INCREMENT=5 DEFAULT CHARSET=latin1;
/*!40101 SET character_set_client = @saved_cs_client */;

--
-- Dumping data for table `videos`
--

LOCK TABLES `videos` WRITE;
/*!40000 ALTER TABLE `videos` DISABLE KEYS */;
INSERT INTO `videos` VALUES (2,1,'#InterviewReady Series - Tip #3','Understand how to communicate your pitch to companies in your resume / interview. Separate the \'I\' from \'We\'.','<iframe width=\"560\" height=\"315\" src=\"https://www.youtube.com/embed/_6Q7aGF6V5Y\" frameborder=\"0\" allow=\"accelerometer; autoplay; encrypted-media; gyroscope; picture-in-picture\" allowfullscreen></iframe>','0000-00-00 00:00:00','2018-11-13 01:46:20'),(3,1,'#InterviewReady Series - Tip #2','Get Your Story Right for What? Run a detailed analyses of the industry, company and job role that you would want to work in.','<iframe width=\"560\" height=\"315\" src=\"https://www.youtube.com/embed/THkYLBnHDfY\" frameborder=\"0\" allow=\"accelerometer; autoplay; encrypted-media; gyroscope; picture-in-picture\" allowfullscreen></iframe>','0000-00-00 00:00:00','2018-11-13 01:45:36'),(4,1,'#InterviewReady Series - Tip #1','Get Your Story Right. Make sure that your Resume / CV and Interviews accurately depict your previous work and internship experiences.','<iframe width=\"560\" height=\"315\" src=\"https://www.youtube.com/embed/uo1WOOQJArE\" frameborder=\"0\" allow=\"accelerometer; autoplay; encrypted-media; gyroscope; picture-in-picture\" allowfullscreen></iframe>','2018-11-04 12:41:37','2018-11-13 01:44:41');
/*!40000 ALTER TABLE `videos` ENABLE KEYS */;
UNLOCK TABLES;

--
-- Table structure for table `year_of_graduation`
--

DROP TABLE IF EXISTS `year_of_graduation`;
/*!40101 SET @saved_cs_client     = @@character_set_client */;
/*!40101 SET character_set_client = utf8 */;
CREATE TABLE `year_of_graduation` (
  `id` int(11) NOT NULL AUTO_INCREMENT,
  `year` varchar(255) NOT NULL,
  `sortOrder` int(11) NOT NULL DEFAULT '0',
  PRIMARY KEY (`id`)
) ENGINE=InnoDB AUTO_INCREMENT=4 DEFAULT CHARSET=latin1;
/*!40101 SET character_set_client = @saved_cs_client */;

--
-- Dumping data for table `year_of_graduation`
--

LOCK TABLES `year_of_graduation` WRITE;
/*!40000 ALTER TABLE `year_of_graduation` DISABLE KEYS */;
INSERT INTO `year_of_graduation` VALUES (1,'2020',1),(2,'2019',0),(3,'2021',2);
/*!40000 ALTER TABLE `year_of_graduation` ENABLE KEYS */;
UNLOCK TABLES;
/*!40103 SET TIME_ZONE=@OLD_TIME_ZONE */;

/*!40101 SET SQL_MODE=@OLD_SQL_MODE */;
/*!40014 SET FOREIGN_KEY_CHECKS=@OLD_FOREIGN_KEY_CHECKS */;
/*!40014 SET UNIQUE_CHECKS=@OLD_UNIQUE_CHECKS */;
/*!40101 SET CHARACTER_SET_CLIENT=@OLD_CHARACTER_SET_CLIENT */;
/*!40101 SET CHARACTER_SET_RESULTS=@OLD_CHARACTER_SET_RESULTS */;
/*!40101 SET COLLATION_CONNECTION=@OLD_COLLATION_CONNECTION */;
/*!40111 SET SQL_NOTES=@OLD_SQL_NOTES */;

-- Dump completed on 2018-11-24  4:22:31
